permit_number,parcel_identifier,source_system,issuing_agency,improvement_status,permit_issue_date,days_open,contractor_name,contractor_phone,contractor_license,bbb_rating,address_street,address_zip,latitude,longitude,source_url
99-36,16263000U000220000,osceola_appraiser,,open,1998-10-06,10212,,,,,4001 NOLTE RD,34772,,,https://www.property-appraiser.org/data/
98-3642,15252900U000710000,osceola_appraiser,,open,1998-10-27,10191,,,,,333 W COLUMBIA AVE,34741,,,https://www.property-appraiser.org/data/
97 2733,282529163000010680,osceola_appraiser,,open,1998-11-04,10183,,,,,1219 CLAY ST,34741,,,https://www.property-appraiser.org/data/
98-4070,15252900U000710000,osceola_appraiser,,open,1998-12-07,10150,,,,,333 W COLUMBIA AVE,34741,,,https://www.property-appraiser.org/data/
99-783,15252900U000710000,osceola_appraiser,,open,1999-04-07,10029,,,,,333 W COLUMBIA AVE,34741,,,https://www.property-appraiser.org/data/
02-1962,012630000102580030,osceola_appraiser,,open,2002-06-05,8874,,,,,2501 13TH ST,34769,,,https://www.property-appraiser.org/data/
03-1599,1626300757000100C0,osceola_appraiser,,open,2003-04-22,8553,,,,,3121 CRESTWOOD CIR,34769,,,https://www.property-appraiser.org/data/
03-1710,012630000101640190,osceola_appraiser,,open,2003-04-30,8545,,,,,1007 FLORIDA AVE,34769,,,https://www.property-appraiser.org/data/
04-359,012630000102530030,osceola_appraiser,,open,2003-11-07,8354,,,,,2001 13TH ST,34769,,,https://www.property-appraiser.org/data/
1531,1626300775000C0040,osceola_appraiser,,open,2004-03-26,8214,,,,,4406 TEKA LN,34772,,,https://www.property-appraiser.org/data/
BP-0405667,152529149000010060,osceola_appraiser,,open,2004-11-12,7983,,,,,323 W CYPRESS ST,34741,,,https://www.property-appraiser.org/data/
16-00003050,012630000101870240,osceola_appraiser,City of St. Cloud,open,2016-06-23,3742,,,,,1101 NEW YORK AVE,34769,,,https://www.property-appraiser.org/data/
BP-18-03939,052529218300011540,osceola_appraiser,City of Kissimmee,open,2018-10-19,2894,WHITE ALUMINUM PRODUCTS,,,,3224 RIVER BRANCH CIR,34741,,,https://www.property-appraiser.org/data/
BP-19-00547,152529141900010010,osceola_appraiser,City of Kissimmee,open,2019-02-26,2764,MCENANY ROOFING INC,,,,2450 N ORANGE BLOSSOM TRL,34744,,,https://www.property-appraiser.org/data/
BP-21-00827,292529146900010730,osceola_appraiser,Osceola County,open,2021-03-17,2014,,,,,3440 PALMER DR,34741,,,https://www.property-appraiser.org/data/
P21-010386,192631495000010935,osceola_appraiser,Osceola County,open,2022-01-30,1695,,,,,3067 RAMBLER,34772,,,https://www.property-appraiser.org/data/
BC-22-0139,242528155100010010,osceola_appraiser,Osceola County,open,2022-03-11,1655,,,,,4444 W VINE ST,34746,,,https://www.property-appraiser.org/data/
A22-004506,2526286180000E0021,osceola_appraiser,Osceola County,open,2022-05-17,1588,,,,,1700 AVENUE B,34758,,,https://www.property-appraiser.org/data/
A22-007716,302530496000010075,osceola_appraiser,Osceola County,open,2022-08-24,1489,,,,,2411 IRLO BRONSON MEM E,34744,,,https://www.property-appraiser.org/data/
P22-013259,072629447000010250,osceola_appraiser,Osceola County,open,2023-01-27,1333,,,,,3200 HARBOR,34746,,,https://www.property-appraiser.org/data/
BC-23-0191,23252917080001004A,osceola_appraiser,Osceola County,open,2023-04-11,1259,,,,,1312 E VINE ST,34744,,,https://www.property-appraiser.org/data/
BC-23-0291,212529223500010013,osceola_appraiser,Osceola County,open,2023-06-13,1196,,,,,1100 N JOHN YOUNG PKWY,34741,,,https://www.property-appraiser.org/data/
BC-23-0295,222529217000100060,osceola_appraiser,Osceola County,open,2023-06-15,1194,,,,,11 BROADWAY,34741,,,https://www.property-appraiser.org/data/
BC-23-0319,19252900U000120000,osceola_appraiser,City of Kissimmee,open,2023-07-25,1154,,,,,1101 N HOAGLAND BLVD,34741,,,https://www.property-appraiser.org/data/
BC-23-0320,222529217000100060,osceola_appraiser,City of Kissimmee,open,2023-07-25,1154,,,,,11 BROADWAY,34741,,,https://www.property-appraiser.org/data/
BC-23-0445,222529217000090050,osceola_appraiser,City of Kissimmee,open,2023-10-03,1084,,,,,401 CHURCH ST,34741,,,https://www.property-appraiser.org/data/
BC-23-0447,2125291816000A0010,osceola_appraiser,City of Kissimmee,open,2023-10-04,1083,,,,,802 W OAK ST,34741,,,https://www.property-appraiser.org/data/
BC-23-0453,2325291568000I0040,osceola_appraiser,City of Kissimmee,open,2023-10-09,1078,,,,,1500 E VINE ST,34744,,,https://www.property-appraiser.org/data/
BC-23-0455,092529000003200000,osceola_appraiser,City of Kissimmee,open,2023-10-11,1076,,,,,2546 N JOHN YOUNG PKWY,34741,,,https://www.property-appraiser.org/data/
P23-006727,0126293641TRAC5205,osceola_appraiser,Osceola County,open,2023-11-01,1055,,,,,2000 EVEN KING RANCH,34744,,,https://www.property-appraiser.org/data/
P23-006728,0126293641TRAC5085,osceola_appraiser,Osceola County,open,2023-11-01,1055,,,,,1700 ODD WALNUT CREEK,34744,,,https://www.property-appraiser.org/data/
BC-23-0484,182530138000010010,osceola_appraiser,City of Kissimmee,open,2023-11-03,1053,,,,,1401 SIMPSON RD,34744,,,https://www.property-appraiser.org/data/
BC-23-0508,222529105000030020,osceola_appraiser,City of Kissimmee,open,2023-12-04,1022,,,,,1311 BAY ST,34744,,,https://www.property-appraiser.org/data/
BC-23-0513,16252900U002500000,osceola_appraiser,City of Kissimmee,open,2023-12-06,1020,,,,,1001 W VINE ST,34741,,,https://www.property-appraiser.org/data/
P23-012151,072530267700441100,osceola_appraiser,Osceola County,open,2023-12-10,1016,,,,,424 LA PAZ,34743,,,https://www.property-appraiser.org/data/
BC-23-0533,212529187400010010,osceola_appraiser,City of Kissimmee,open,2023-12-22,1004,,,,,700 W OAK ST,34741,,,https://www.property-appraiser.org/data/
BC-24-0001,152529194000010139,osceola_appraiser,City of Kissimmee,open,2024-01-02,993,,,,,1907 N MAIN ST,34744,,,https://www.property-appraiser.org/data/
BC-24-0064,3325291865000100D0,osceola_appraiser,City of Kissimmee,open,2024-02-14,950,,,,,1400 OAK HAVEN DR,34741,,,https://www.property-appraiser.org/data/
BC-24-0065,3325291865000100D0,osceola_appraiser,City of Kissimmee,open,2024-02-14,950,,,,,1400 OAK HAVEN DR,34741,,,https://www.property-appraiser.org/data/
BC-24-0067,3325291865000100D0,osceola_appraiser,City of Kissimmee,open,2024-02-14,950,,,,,1400 OAK HAVEN DR,34741,,,https://www.property-appraiser.org/data/
BC-24-0068,3325291865000100D0,osceola_appraiser,City of Kissimmee,open,2024-02-14,950,,,,,1400 OAK HAVEN DR,34741,,,https://www.property-appraiser.org/data/
BC-24-0069,3325291865000100D0,osceola_appraiser,City of Kissimmee,open,2024-02-14,950,,,,,1400 OAK HAVEN DR,34741,,,https://www.property-appraiser.org/data/
BC-24-0070,3325291865000100D0,osceola_appraiser,City of Kissimmee,open,2024-02-14,950,,,,,1400 OAK HAVEN DR,34741,,,https://www.property-appraiser.org/data/
BC-24-0071,3325291865000100D0,osceola_appraiser,City of Kissimmee,open,2024-02-14,950,,,,,1400 OAK HAVEN DR,34741,,,https://www.property-appraiser.org/data/
BC-24-0072,3325291865000100D0,osceola_appraiser,City of Kissimmee,open,2024-02-15,949,,,,,1400 OAK HAVEN DR,34741,,,https://www.property-appraiser.org/data/
BC-24-0073,3325291865000100D0,osceola_appraiser,City of Kissimmee,open,2024-02-15,949,,,,,1400 OAK HAVEN DR,34741,,,https://www.property-appraiser.org/data/
BC-24-0074,3325291865000100D0,osceola_appraiser,City of Kissimmee,open,2024-02-15,949,,,,,1400 OAK HAVEN DR,34741,,,https://www.property-appraiser.org/data/
BC-24-0075,3325291865000100D0,osceola_appraiser,City of Kissimmee,open,2024-02-15,949,,,,,1400 OAK HAVEN DR,34741,,,https://www.property-appraiser.org/data/
BC-24-0076,3325291865000100D0,osceola_appraiser,City of Kissimmee,open,2024-02-15,949,,,,,1400 OAK HAVEN DR,34741,,,https://www.property-appraiser.org/data/
MSC-24-0042,212529183700010010,osceola_appraiser,City of Kissimmee,open,2024-02-15,949,,,,,717 N PALM AVE,34741,,,https://www.property-appraiser.org/data/
BC-24-0100,212529225200010010,osceola_appraiser,City of Kissimmee,open,2024-03-06,929,,,,,702 MABBETTE ST,34741,,,https://www.property-appraiser.org/data/
P23-006579,022529408000660065,osceola_appraiser,Osceola County,open,2024-04-01,903,,,,,606 STILL,34744,,,https://www.property-appraiser.org/data/
BC-24-0138,152529104000140100,osceola_appraiser,City of Kissimmee,open,2024-04-10,894,,,,,801 E VINE ST,34744,,,https://www.property-appraiser.org/data/
BC-24-0172,162529190500010080,osceola_appraiser,City of Kissimmee,open,2024-05-09,865,,,,,300 PARK PLACE BLVD,34741,,,https://www.property-appraiser.org/data/
BPT-24-0030,2125291920000E0015,osceola_appraiser,City of Kissimmee,open,2024-05-16,858,,,,,"702 VERONA ST #A/B",34741,,,https://www.property-appraiser.org/data/
BC-24-0188,182529198200010010,osceola_appraiser,City of Kissimmee,open,2024-05-20,854,,,,,3915 W VINE ST,34741,,,https://www.property-appraiser.org/data/
A24-004480,112528321700010030,osceola_appraiser,Osceola County,open,2024-05-22,852,,,,,2880 POINCIANA,34746,,,https://www.property-appraiser.org/data/
A24-004483,112528321700010030,osceola_appraiser,Osceola County,open,2024-05-22,852,,,,,2880 POINCIANA,34746,,,https://www.property-appraiser.org/data/
BC-24-0192,2125291920000Q0045,osceola_appraiser,City of Kissimmee,open,2024-05-29,845,,,,,803 VERONA ST,34741,,,https://www.property-appraiser.org/data/
BC-24-0197,22252900U000100000,osceola_appraiser,City of Kissimmee,open,2024-06-05,838,,,,,1225 UTICA DR,34744,,,https://www.property-appraiser.org/data/
BC-24-0198,22252900U000100000,osceola_appraiser,City of Kissimmee,open,2024-06-05,838,,,,,1225 UTICA DR,34744,,,https://www.property-appraiser.org/data/
A24-005200,062527297500010040,osceola_appraiser,Osceola County,open,2024-06-14,829,,,,,8890 IRLO BRONSON MEM,34747,,,https://www.property-appraiser.org/data/
BC-24-0214,22252900U000100000,osceola_appraiser,City of Kissimmee,open,2024-06-18,825,,,,,1225 UTICA DR,34744,,,https://www.property-appraiser.org/data/
A24-005401,022528359400010020,osceola_appraiser,Osceola County,open,2024-06-24,819,,,,,5041 IRLO BRONSON MEM W,34746,,,https://www.property-appraiser.org/data/
A24-005403,022528359400010020,osceola_appraiser,Osceola County,open,2024-06-24,819,,,,,5031 IRLO BRONSON MEM W,34746,,,https://www.property-appraiser.org/data/
BC-24-0218,22252900U000100000,osceola_appraiser,City of Kissimmee,open,2024-06-24,819,,,,,1225 UTICA DR,34744,,,https://www.property-appraiser.org/data/
BC-24-0219,22252900U000100000,osceola_appraiser,City of Kissimmee,open,2024-06-24,819,,,,,1225 UTICA DR,34744,,,https://www.property-appraiser.org/data/
BC-24-0220,22252900U000100000,osceola_appraiser,City of Kissimmee,open,2024-06-24,819,,,,,1225 UTICA DR,34744,,,https://www.property-appraiser.org/data/
BC-24-0237,22252900U000100000,osceola_appraiser,City of Kissimmee,open,2024-07-16,797,,,,,1225 UTICA DR,34744,,,https://www.property-appraiser.org/data/
BC-24-0238,212529142000010658,osceola_appraiser,City of Kissimmee,open,2024-07-17,796,,,,,322 N JOHN YOUNG PKWY,34741,,,https://www.property-appraiser.org/data/
BC-24-0240,22252900U000100000,osceola_appraiser,City of Kissimmee,open,2024-07-17,796,,,,,1225 UTICA DR,34744,,,https://www.property-appraiser.org/data/
BC-24-0242,172529125900010010,osceola_appraiser,City of Kissimmee,open,2024-07-17,796,,,,,2147 W COLUMBIA AVE,34741,,,https://www.property-appraiser.org/data/
BC-24-0243,22252900U000100000,osceola_appraiser,City of Kissimmee,open,2024-07-17,796,,,,,1225 UTICA DR,34744,,,https://www.property-appraiser.org/data/
BC-24-0244,22252900U000100000,osceola_appraiser,City of Kissimmee,open,2024-07-18,795,,,,,1225 UTICA DR,34744,,,https://www.property-appraiser.org/data/
BC-24-0264,19252900U000930000,osceola_appraiser,City of Kissimmee,open,2024-07-30,783,,,,,4104 W VINE ST,34741,,,https://www.property-appraiser.org/data/
BC-24-0274,212529219000010010,osceola_appraiser,City of Kissimmee,open,2024-08-02,780,,,,,300 N JOHN YOUNG PKWY,34741,,,https://www.property-appraiser.org/data/
A24-006667,092528424000010121,osceola_appraiser,Osceola County,open,2024-08-05,777,,,,,5880 IRLO BRONSON MEM W,34746,,,https://www.property-appraiser.org/data/
A24-006912,09252848040001001B,osceola_appraiser,Osceola County,open,2024-08-12,770,,,,,5680 IRLO BRONSON MEM,34746,,,https://www.property-appraiser.org/data/
A24-006993,122528509400010030,osceola_appraiser,Osceola County,open,2024-08-13,769,,,,,4797 IRLO BRONSON MEM W,34746,,,https://www.property-appraiser.org/data/
BC-24-0282,22252900U001900000,osceola_appraiser,City of Kissimmee,open,2024-08-15,767,,,,,602 E VINE ST,34744,,,https://www.property-appraiser.org/data/
BC-24-0283,212529142000010324,osceola_appraiser,City of Kissimmee,open,2024-08-16,766,,,,,401 W OAK ST,34741,,,https://www.property-appraiser.org/data/
BC-24-0289,072530113900010010,osceola_appraiser,City of Kissimmee,open,2024-08-20,762,,,,,2500 SIMPSON RD,34744,,,https://www.property-appraiser.org/data/
BC-24-0296,22252900U000400000,osceola_appraiser,City of Kissimmee,open,2024-08-26,756,,,,,610 E VINE ST,34744,,,https://www.property-appraiser.org/data/
MSR-24-0439,212529169600010030,osceola_appraiser,City of Kissimmee,open,2024-09-06,745,,,,,800 HARFORD ST,34741,,,https://www.property-appraiser.org/data/
BC-24-0316,2225291050000D0045,osceola_appraiser,City of Kissimmee,open,2024-09-13,738,,,,,903 N MAIN ST,34744,,,https://www.property-appraiser.org/data/
A24-007222,032529458100010020,osceola_appraiser,Osceola County,open,2024-09-18,733,,,,,3284 JOHN YOUNG,34741,,,https://www.property-appraiser.org/data/
BR-24-1226,212529169600010030,osceola_appraiser,City of Kissimmee,open,2024-09-19,732,,,,,800 HARFORD ST,34741,,,https://www.property-appraiser.org/data/
A24-008128,102528371600010074,osceola_appraiser,Osceola County,open,2024-09-25,726,,,,,5324 FAIRFIELD LAKE,34746,,,https://www.property-appraiser.org/data/
BC-24-0321,22252900U000100000,osceola_appraiser,City of Kissimmee,open,2024-09-25,726,,,,,1225 UTICA DR,34744,,,https://www.property-appraiser.org/data/
P24-008168,1726295205000D0330,osceola_appraiser,Osceola County,open,2024-10-01,720,,,,,1800 GRANADA,34746,,,https://www.property-appraiser.org/data/
P24-007596,082531407500010150,osceola_appraiser,Osceola County,open,2024-10-02,719,,,,,5045 MARINA,34771,,,https://www.property-appraiser.org/data/
BC-24-0342,152529217100010030,osceola_appraiser,City of Kissimmee,open,2024-10-15,706,,,,,53 W VINE ST,34741,,,https://www.property-appraiser.org/data/
A23-006938,032529461300010010,osceola_appraiser,Osceola County,open,2024-10-24,697,,,,,2982 ORANGE BLOSSOM N,34741,,,https://www.property-appraiser.org/data/
A24-008805,152529326000030060,osceola_appraiser,Osceola County,open,2024-10-25,696,,,,,2327 SMITH,34744,,,https://www.property-appraiser.org/data/
A24-008984,192527000000100000,osceola_appraiser,Osceola County,open,2024-10-28,693,,,,,8925 LIVIGNO,34747,28.30127991255138,-81.64419993266249,https://www.property-appraiser.org/data/
A24-008985,192527000000100000,osceola_appraiser,Osceola County,open,2024-10-28,693,,,,,8925 LIVIGNO,34747,28.30127991255138,-81.64419993266249,https://www.property-appraiser.org/data/
A24-009029,122728473200010030,osceola_appraiser,Osceola County,open,2024-10-28,693,,,,,4770 MARIGOLD,34758,,,https://www.property-appraiser.org/data/
BC-24-0350,152529202000B20200,osceola_appraiser,City of Kissimmee,open,2024-10-30,691,,,,,203 E VINE ST,34744,,,https://www.property-appraiser.org/data/
A24-009075,2526286100000C0010,osceola_appraiser,Osceola County,open,2024-11-01,689,,,,,3999 MONTEREY,34758,,,https://www.property-appraiser.org/data/
BC-24-0351,192529156200010230,osceola_appraiser,City of Kissimmee,open,2024-11-04,686,,,,,4018 W VINE ST,34741,,,https://www.property-appraiser.org/data/
BC-24-0354,14252900U003030000,osceola_appraiser,City of Kissimmee,open,2024-11-05,685,,,,,1425 E VINE ST,34744,,,https://www.property-appraiser.org/data/
A24-009226,3225284520000A0030,osceola_appraiser,Osceola County,open,2024-11-06,684,,,,,6025 ORANGE BLOSSOM S,33896,,,https://www.property-appraiser.org/data/
BC-24-0356,152529202000B20200,osceola_appraiser,City of Kissimmee,open,2024-11-07,683,,,,,203 E VINE ST,34744,,,https://www.property-appraiser.org/data/
BC-24-0358,162529200400010020,osceola_appraiser,City of Kissimmee,open,2024-11-11,679,,,,,1901 ISLAND CIR,34741,,,https://www.property-appraiser.org/data/
BC-24-0359,2225291050000D0045,osceola_appraiser,City of Kissimmee,open,2024-11-11,679,,,,,903 N MAIN ST,34744,,,https://www.property-appraiser.org/data/
BC-24-0360,162529200400010010,osceola_appraiser,City of Kissimmee,open,2024-11-13,677,,,,,1915 REEF CLUB DR,34741,,,https://www.property-appraiser.org/data/
BC-24-0361,162529200400010010,osceola_appraiser,City of Kissimmee,open,2024-11-13,677,,,,,1915 REEF CLUB DR,34741,,,https://www.property-appraiser.org/data/
BC-24-0362,162529200400010010,osceola_appraiser,City of Kissimmee,open,2024-11-13,677,,,,,1915 REEF CLUB DR,34741,,,https://www.property-appraiser.org/data/
BC-24-0363,162529200400010010,osceola_appraiser,City of Kissimmee,open,2024-11-13,677,,,,,1915 REEF CLUB DR,34741,,,https://www.property-appraiser.org/data/
BC-24-0364,162529200400010010,osceola_appraiser,City of Kissimmee,open,2024-11-13,677,,,,,1915 REEF CLUB DR,34741,,,https://www.property-appraiser.org/data/
BC-24-0365,162529200400010010,osceola_appraiser,City of Kissimmee,open,2024-11-13,677,,,,,1915 REEF CLUB DR,34741,,,https://www.property-appraiser.org/data/
BC-24-0366,162529200400010010,osceola_appraiser,City of Kissimmee,open,2024-11-13,677,,,,,1915 REEF CLUB DR,34741,,,https://www.property-appraiser.org/data/
BC-24-0367,162529200400010010,osceola_appraiser,City of Kissimmee,open,2024-11-13,677,,,,,1915 REEF CLUB DR,34741,,,https://www.property-appraiser.org/data/
BC-24-0368,162529200400010010,osceola_appraiser,City of Kissimmee,open,2024-11-13,677,,,,,1915 REEF CLUB DR,34741,,,https://www.property-appraiser.org/data/
A24-009691,102527545200010010,osceola_appraiser,Osceola County,open,2024-11-20,670,,,,,7700 WESTGATE,34747,,,https://www.property-appraiser.org/data/
BC-24-0399,162529200400010010,osceola_appraiser,City of Kissimmee,open,2024-11-25,665,Marlyn  Bryant,,,,1915 REEF CLUB DR,34741,,,https://www.property-appraiser.org/data/
BC-24-0400,162529200400010010,osceola_appraiser,City of Kissimmee,open,2024-11-25,665,Marlyn  Bryant,,,,1915 REEF CLUB DR,34741,,,https://www.property-appraiser.org/data/
BC-24-0401,162529200400010010,osceola_appraiser,City of Kissimmee,open,2024-11-25,665,Marlyn  Bryant,,,,1915 REEF CLUB DR,34741,,,https://www.property-appraiser.org/data/
BC-24-0402,162529200400010010,osceola_appraiser,City of Kissimmee,open,2024-11-25,665,Marlyn  Bryant,,,,1915 REEF CLUB DR,34741,,,https://www.property-appraiser.org/data/
BC-24-0403,162529200400010010,osceola_appraiser,City of Kissimmee,open,2024-11-25,665,Marlyn  Bryant,,,,1915 REEF CLUB DR,34741,,,https://www.property-appraiser.org/data/
BC-24-0404,162529200400010010,osceola_appraiser,City of Kissimmee,open,2024-11-25,665,Marlyn  Bryant,,,,1915 REEF CLUB DR,34741,,,https://www.property-appraiser.org/data/
BC-24-0405,162529200400010010,osceola_appraiser,City of Kissimmee,open,2024-11-25,665,Marlyn  Bryant,,,,1915 REEF CLUB DR,34741,,,https://www.property-appraiser.org/data/
BC-24-0406,162529200400010010,osceola_appraiser,City of Kissimmee,open,2024-11-25,665,Marlyn  Bryant,,,,1915 REEF CLUB DR,34741,,,https://www.property-appraiser.org/data/
BC-24-0407,162529200400010010,osceola_appraiser,City of Kissimmee,open,2024-11-25,665,Marlyn  Bryant,,,,1915 REEF CLUB DR,34741,,,https://www.property-appraiser.org/data/
BC-24-0408,162529200400010010,osceola_appraiser,City of Kissimmee,open,2024-11-25,665,Marlyn  Bryant,,,,1915 REEF CLUB DR,34741,,,https://www.property-appraiser.org/data/
BC-24-0409,162529200400010010,osceola_appraiser,City of Kissimmee,open,2024-11-25,665,Marlyn  Bryant,,,,1915 REEF CLUB DR,34741,,,https://www.property-appraiser.org/data/
BC-24-0410,162529200400010020,osceola_appraiser,City of Kissimmee,open,2024-11-26,664,Marlyn  Bryant,,,,1901 ISLAND CIR,34741,,,https://www.property-appraiser.org/data/
BC-24-0411,162529200400010020,osceola_appraiser,City of Kissimmee,open,2024-11-26,664,Marlyn  Bryant,,,,1901 ISLAND CIR,34741,,,https://www.property-appraiser.org/data/
BC-24-0412,162529200400010020,osceola_appraiser,City of Kissimmee,open,2024-11-26,664,Marlyn  Bryant,,,,1901 ISLAND CIR,34741,,,https://www.property-appraiser.org/data/
BC-24-0413,162529200400010020,osceola_appraiser,City of Kissimmee,open,2024-11-26,664,Marlyn  Bryant,,,,1901 ISLAND CIR,34741,,,https://www.property-appraiser.org/data/
BC-24-0414,162529200400010020,osceola_appraiser,City of Kissimmee,open,2024-11-26,664,Marlyn  Bryant,,,,1901 ISLAND CIR,34741,,,https://www.property-appraiser.org/data/
BC-24-0415,162529200400010020,osceola_appraiser,City of Kissimmee,open,2024-11-26,664,Marlyn  Bryant,,,,1901 ISLAND CIR,34741,,,https://www.property-appraiser.org/data/
BC-24-0416,162529200400010020,osceola_appraiser,City of Kissimmee,open,2024-11-26,664,Marlyn  Bryant,,,,1901 ISLAND CIR,34741,,,https://www.property-appraiser.org/data/
BC-24-0417,162529200400010020,osceola_appraiser,City of Kissimmee,open,2024-11-26,664,Marlyn  Bryant,,,,1901 ISLAND CIR,34741,,,https://www.property-appraiser.org/data/
BC-24-0418,162529200400010020,osceola_appraiser,City of Kissimmee,open,2024-11-26,664,Marlyn  Bryant,,,,1901 ISLAND CIR,34741,,,https://www.property-appraiser.org/data/
BC-24-0419,162529200400010020,osceola_appraiser,City of Kissimmee,open,2024-11-26,664,Marlyn  Bryant,,,,1901 ISLAND CIR,34741,,,https://www.property-appraiser.org/data/
BC-24-0420,162529200400010020,osceola_appraiser,City of Kissimmee,open,2024-11-26,664,Marlyn  Bryant,,,,1901 ISLAND CIR,34741,,,https://www.property-appraiser.org/data/
BC-24-0421,162529200400010020,osceola_appraiser,City of Kissimmee,open,2024-11-26,664,Marlyn  Bryant,,,,1901 ISLAND CIR,34741,,,https://www.property-appraiser.org/data/
BC-24-0422,162529200400010020,osceola_appraiser,City of Kissimmee,open,2024-11-26,664,Marlyn  Bryant,,,,1901 ISLAND CIR,34741,,,https://www.property-appraiser.org/data/
BC-24-0423,162529200400010020,osceola_appraiser,City of Kissimmee,open,2024-11-26,664,Marlyn  Bryant,,,,1901 ISLAND CIR,34741,,,https://www.property-appraiser.org/data/
BC-24-0424,162529200400010020,osceola_appraiser,City of Kissimmee,open,2024-11-26,664,Marlyn  Bryant,,,,1901 ISLAND CIR,34741,,,https://www.property-appraiser.org/data/
BC-24-0425,162529200400010020,osceola_appraiser,City of Kissimmee,open,2024-11-26,664,Marlyn  Bryant,,,,1901 ISLAND CIR,34741,,,https://www.property-appraiser.org/data/
BC-24-0426,162529200400010020,osceola_appraiser,City of Kissimmee,open,2024-11-26,664,Marlyn  Bryant,,,,1901 ISLAND CIR,34741,,,https://www.property-appraiser.org/data/
BC-24-0427,162529200400010020,osceola_appraiser,City of Kissimmee,open,2024-11-26,664,Marlyn  Bryant,,,,1901 ISLAND CIR,34741,,,https://www.property-appraiser.org/data/
BC-24-0428,162529200400010020,osceola_appraiser,City of Kissimmee,open,2024-11-26,664,Marlyn  Bryant,,,,1901 ISLAND CIR,34741,,,https://www.property-appraiser.org/data/
BC-24-0429,162529200400010020,osceola_appraiser,City of Kissimmee,open,2024-11-26,664,Marlyn  Bryant,,,,1901 ISLAND CIR,34741,,,https://www.property-appraiser.org/data/
BC-24-0430,162529200400010020,osceola_appraiser,City of Kissimmee,open,2024-11-26,664,Marlyn  Bryant,,,,1901 ISLAND CIR,34741,,,https://www.property-appraiser.org/data/
BC-24-0431,162529200400010020,osceola_appraiser,City of Kissimmee,open,2024-11-26,664,Marlyn  Bryant,,,,1901 ISLAND CIR,34741,,,https://www.property-appraiser.org/data/
BC-24-0432,162529200400010020,osceola_appraiser,City of Kissimmee,open,2024-11-26,664,Marlyn  Bryant,,,,1901 ISLAND CIR,34741,,,https://www.property-appraiser.org/data/
BC-24-0433,162529200400010020,osceola_appraiser,City of Kissimmee,open,2024-11-26,664,Marlyn  Bryant,,,,1901 ISLAND CIR,34741,,,https://www.property-appraiser.org/data/
BC-24-0434,162529200400010020,osceola_appraiser,City of Kissimmee,open,2024-11-26,664,Marlyn  Bryant,,,,1901 ISLAND CIR,34741,,,https://www.property-appraiser.org/data/
BC-24-0435,162529200400010020,osceola_appraiser,City of Kissimmee,open,2024-11-26,664,Marlyn  Bryant,,,,1901 ISLAND CIR,34741,,,https://www.property-appraiser.org/data/
BC-24-0438,14252900U000430000,osceola_appraiser,City of Kissimmee,open,2024-12-01,659,MATTHEW  ANGIULLI,,,,1317 BOULDER DR,34744,,,https://www.property-appraiser.org/data/
BC-24-0441,14252900U000430000,osceola_appraiser,City of Kissimmee,open,2024-12-05,655,MATTHEW  ANGIULLI,,,,1317 BOULDER DR,34744,,,https://www.property-appraiser.org/data/
BC-24-0442,14252900U000430000,osceola_appraiser,City of Kissimmee,open,2024-12-05,655,MATTHEW  ANGIULLI,,,,1317 BOULDER DR,34744,,,https://www.property-appraiser.org/data/
BC-24-0443,14252900U000430000,osceola_appraiser,City of Kissimmee,open,2024-12-05,655,MATTHEW  ANGIULLI,,,,1317 BOULDER DR,34744,,,https://www.property-appraiser.org/data/
BC-24-0444,14252900U000430000,osceola_appraiser,City of Kissimmee,open,2024-12-05,655,MATTHEW  ANGIULLI,,,,1317 BOULDER DR,34744,,,https://www.property-appraiser.org/data/
BC-24-0445,14252900U000430000,osceola_appraiser,City of Kissimmee,open,2024-12-05,655,MATTHEW  ANGIULLI,,,,1317 BOULDER DR,34744,,,https://www.property-appraiser.org/data/
BC-24-0446,14252900U000430000,osceola_appraiser,City of Kissimmee,open,2024-12-05,655,MATTHEW  ANGIULLI,,,,1317 BOULDER DR,34744,,,https://www.property-appraiser.org/data/
BC-24-0447,14252900U000430000,osceola_appraiser,City of Kissimmee,open,2024-12-05,655,MATTHEW  ANGIULLI,,,,1317 BOULDER DR,34744,,,https://www.property-appraiser.org/data/
BC-24-0448,14252900U000430000,osceola_appraiser,City of Kissimmee,open,2024-12-05,655,MATTHEW  ANGIULLI,,,,1317 BOULDER DR,34744,,,https://www.property-appraiser.org/data/
BC-24-0449,14252900U000430000,osceola_appraiser,City of Kissimmee,open,2024-12-05,655,MATTHEW  ANGIULLI,,,,1317 BOULDER DR,34744,,,https://www.property-appraiser.org/data/
BC-24-0450,14252900U000430000,osceola_appraiser,City of Kissimmee,open,2024-12-05,655,MATTHEW  ANGIULLI,,,,1317 BOULDER DR,34744,,,https://www.property-appraiser.org/data/
BC-24-0451,14252900U000430000,osceola_appraiser,City of Kissimmee,open,2024-12-05,655,MATTHEW  ANGIULLI,,,,1317 BOULDER DR,34744,,,https://www.property-appraiser.org/data/
BC-24-0452,14252900U000430000,osceola_appraiser,City of Kissimmee,open,2024-12-05,655,MATTHEW  ANGIULLI,,,,1317 BOULDER DR,34744,,,https://www.property-appraiser.org/data/
BC-24-0453,14252900U000430000,osceola_appraiser,City of Kissimmee,open,2024-12-05,655,MATTHEW  ANGIULLI,,,,1317 BOULDER DR,34744,,,https://www.property-appraiser.org/data/
BC-24-0454,14252900U000430000,osceola_appraiser,City of Kissimmee,open,2024-12-05,655,MATTHEW  ANGIULLI,,,,1317 BOULDER DR,34744,,,https://www.property-appraiser.org/data/
BC-24-0455,14252900U000430000,osceola_appraiser,City of Kissimmee,open,2024-12-05,655,MATTHEW  ANGIULLI,,,,1317 BOULDER DR,34744,,,https://www.property-appraiser.org/data/
BC-24-0456,14252900U000430000,osceola_appraiser,City of Kissimmee,open,2024-12-05,655,MATTHEW  ANGIULLI,,,,1317 BOULDER DR,34744,,,https://www.property-appraiser.org/data/
BC-24-0457,14252900U000430000,osceola_appraiser,City of Kissimmee,open,2024-12-05,655,MATTHEW  ANGIULLI,,,,1317 BOULDER DR,34744,,,https://www.property-appraiser.org/data/
P24-008942,162630547300010380,osceola_appraiser,Osceola County,open,2024-12-06,654,,,,,2800 OLD CANOE CREEK,34772,,,https://www.property-appraiser.org/data/
P24-007390,182632259900013440,osceola_appraiser,Osceola County,open,2024-12-11,649,,,,,2345 Bronco,34771,,,https://www.property-appraiser.org/data/
A24-010352,122728473200010050,osceola_appraiser,Osceola County,open,2024-12-12,648,,,,,4680 MARIGOLD,34758,,,https://www.property-appraiser.org/data/
BC-24-0463,14252900U001540000,osceola_appraiser,City of Kissimmee,open,2024-12-13,647,KEVIN  DAUS,,,,1485 MILL SLOUGH RD,34744,,,https://www.property-appraiser.org/data/
BC-24-0466,18252900U000440000,osceola_appraiser,City of Kissimmee,open,2024-12-20,640,Jose  Morales,,,,4135 W VINE ST,34741,,,https://www.property-appraiser.org/data/
BC-24-0470,182530000000520000,osceola_appraiser,City of Kissimmee,open,2024-12-30,630,Jose  Morales,,,,2275 FORTUNE RD,34744,,,https://www.property-appraiser.org/data/
BC-25-0004,202529156300010020,osceola_appraiser,City of Kissimmee,open,2025-01-07,622,Daisy  Leach,,,,800 ARMSTRONG BLVD,34741,,,https://www.property-appraiser.org/data/
BC-25-0005,292529515000010160,osceola_appraiser,City of Kissimmee,open,2025-01-07,622,JOSE  COSTA,,,,1006 S THACKER AVE,34741,,,https://www.property-appraiser.org/data/
A25-000067,073132000000400000,osceola_appraiser,Osceola County,open,2025-01-09,620,,,,,3201 STATE RD 60,34972,,,https://www.property-appraiser.org/data/
A25-000123,2526286184000L0011,osceola_appraiser,Osceola County,open,2025-01-10,619,,,,,1818 POINCIANA,34758,,,https://www.property-appraiser.org/data/
BC-25-0007,152529105000TL0035,osceola_appraiser,City of Kissimmee,open,2025-01-10,619,DARRYL  CULBRETH,,,,1514 BRACK ST,34744,,,https://www.property-appraiser.org/data/
BC-25-0011,182529158200010030,osceola_appraiser,City of Kissimmee,open,2025-01-20,609,DONALD  STORM,,,,4313 W VINE ST,34746,,,https://www.property-appraiser.org/data/
P24-008591,202531425700011820,osceola_appraiser,Osceola County,open,2025-01-21,608,,,,,5178 APPENINE EAST,34771,,,https://www.property-appraiser.org/data/
A25-000566,2526286100000K0010,osceola_appraiser,Osceola County,open,2025-01-24,605,,,,,3450 MARIGOLD,34758,,,https://www.property-appraiser.org/data/
P24-012597,022730495000010470,osceola_appraiser,Osceola County,open,2025-01-29,600,,,,,4145 LIPPMAN,34772,28.168314123796296,-81.27925121597306,https://www.property-appraiser.org/data/
BC-25-0027,2025292070000A0100,osceola_appraiser,City of Kissimmee,open,2025-02-12,586,Pablo  Segarra,,,,3518 W VINE ST,34741,,,https://www.property-appraiser.org/data/
BC-25-0039,212529167000090060,osceola_appraiser,City of Kissimmee,open,2025-02-19,579,,,,,1216 W VINE ST,34741,,,https://www.property-appraiser.org/data/
A25-001740,112728400300010010,osceola_appraiser,Osceola County,open,2025-02-25,573,,,,,281 STONES THROW,34758,,,https://www.property-appraiser.org/data/
A25-001749,112728400300010010,osceola_appraiser,Osceola County,open,2025-02-25,573,,,,,271 STONES THROW,34758,,,https://www.property-appraiser.org/data/
A25-001756,112728400300010010,osceola_appraiser,Osceola County,open,2025-02-25,573,,,,,286 STONES THROW,34758,,,https://www.property-appraiser.org/data/
A25-001762,112728400300010010,osceola_appraiser,Osceola County,open,2025-02-25,573,,,,,291 STONES THROW,34758,,,https://www.property-appraiser.org/data/
BC-25-0059,222529217000200015,osceola_appraiser,City of Kissimmee,open,2025-02-25,573,KENNY  MELLICK,,,,312 BROADWAY,34741,,,https://www.property-appraiser.org/data/
A25-001727,182530265800012300,osceola_appraiser,Osceola County,open,2025-02-26,572,,,,,1421 SIMPSON,34744,,,https://www.property-appraiser.org/data/
BC-25-0068,212529180900010110,osceola_appraiser,City of Kissimmee,open,2025-03-05,565,Edward  Petrow III,,,,710 OAK COMMONS BLVD,34741,,,https://www.property-appraiser.org/data/
BC-25-0078,212529223100010010,osceola_appraiser,City of Kissimmee,open,2025-03-14,556,VLADIMIR  ENCIO,,,,711 N THACKER AVE,34741,,,https://www.property-appraiser.org/data/
BR-25-0474,282529180000020150,osceola_appraiser,City of Kissimmee,open,2025-03-17,553,,,,,1707 SUNNY ST,34741,,,https://www.property-appraiser.org/data/
BC-25-0080,212529235600010C10,osceola_appraiser,City of Kissimmee,open,2025-03-18,552,DARRELL  LEWIS,,,,"1400 W OAK ST #H",34741,,,https://www.property-appraiser.org/data/
BC-25-0081,192529156200010240,osceola_appraiser,City of Kissimmee,open,2025-03-18,552,JUAN  JARAMILLO,,,,4024 W VINE ST,34741,,,https://www.property-appraiser.org/data/
BR-25-0513,252528164800011520,osceola_appraiser,City of Kissimmee,open,2025-03-25,545,,,,,4536 PHILADELPHIA CIR,34746,,,https://www.property-appraiser.org/data/
BC-25-0086,22252900U000150000,osceola_appraiser,City of Kissimmee,open,2025-03-27,543,,,,,1040 KEVSTIN DR,34744,,,https://www.property-appraiser.org/data/
BC-25-0091,152529158400010010,osceola_appraiser,City of Kissimmee,open,2025-04-02,537,,,,,1904 MICHIGAN AVE,34744,,,https://www.property-appraiser.org/data/
A25-002788,06252729510001COMM,osceola_appraiser,Osceola County,open,2025-04-04,535,,,,,3200 LEGACY,34747,,,https://www.property-appraiser.org/data/
A25-002903,022528372200010020,osceola_appraiser,Osceola County,open,2025-04-07,532,,,,,5151 KYNGS HEATH,34746,,,https://www.property-appraiser.org/data/
BC-25-0094,14252900U001820000,osceola_appraiser,City of Kissimmee,open,2025-04-07,532,OTNIEL   ALVAREZ,,,,1525 MILL SLOUGH RD,34744,,,https://www.property-appraiser.org/data/
BC-25-0097,212529192000CC0020,osceola_appraiser,City of Kissimmee,open,2025-04-09,530,Adrian  Costache Costache,,,,121 S JOHN YOUNG PKWY,34741,,,https://www.property-appraiser.org/data/
A25-003207,172530361700010G10,osceola_appraiser,Osceola County,open,2025-04-15,524,,,,,2801 KISSIMMEE BAY,34744,,,https://www.property-appraiser.org/data/
BC-25-0100,152529105000BL0040,osceola_appraiser,City of Kissimmee,open,2025-04-15,524,Tatiana  Myers,,,,400 E COLUMBIA AVE,34744,,,https://www.property-appraiser.org/data/
MSR-25-0147,112529171300010970,osceola_appraiser,City of Kissimmee,open,2025-04-15,524,,,,,1419 ORCHID LN,34744,,,https://www.property-appraiser.org/data/
BC-25-0102,30252900U000120000,osceola_appraiser,City of Kissimmee,open,2025-04-19,520,ULRICK  ALFRED,,,,4010 4TH ST,34741,,,https://www.property-appraiser.org/data/
BC-25-0104,17252900U001150000,osceola_appraiser,City of Kissimmee,open,2025-04-21,518,Ken  Durden,,,,3251 W VINE ST,34741,,,https://www.property-appraiser.org/data/
P25-001747,322531313000010140,osceola_appraiser,Osceola County,open,2025-04-28,511,,,,,1210 HACKNEY,34771,,,https://www.property-appraiser.org/data/
BC-25-0119,22252900U000150000,osceola_appraiser,City of Kissimmee,open,2025-05-06,503,Rick R Lundberg,,,,1040 KEVSTIN DR,34744,,,https://www.property-appraiser.org/data/
BC-25-0120,022529202400010020,osceola_appraiser,City of Kissimmee,open,2025-05-06,503,SANTIAGO  LOPEZ,,,,3075 MICHIGAN AVE,34744,,,https://www.property-appraiser.org/data/
A25-004095,302629472200010020,osceola_appraiser,Osceola County,open,2025-05-13,496,,,,,3310 PLEASANT HILL,34746,,,https://www.property-appraiser.org/data/
BC-25-0134,282529136600010010,osceola_appraiser,City of Kissimmee,open,2025-05-13,496,Yoandy  Flores Cruz,,,,1216 PATRICK ST,34741,,,https://www.property-appraiser.org/data/
BC-25-0136,2125291920000Z0020,osceola_appraiser,City of Kissimmee,open,2025-05-14,495,Sergey V Orlov,,,,920 EMMETT ST,34741,,,https://www.property-appraiser.org/data/
A25-004065,06252729510001COMM,osceola_appraiser,Osceola County,open,2025-05-19,490,,,,,3200 LEGACY,34747,,,https://www.property-appraiser.org/data/
BC-25-0138,2525281517000100A0,osceola_appraiser,City of Kissimmee,open,2025-05-19,490,KEVIN  DAUS,,,,210 S BASS RD,34746,,,https://www.property-appraiser.org/data/
BC-25-0142,242529000000200000,osceola_appraiser,City of Kissimmee,open,2025-05-22,487,GREGORY  GRUDOVICH,,,,2080 FORTUNE RD,34744,,,https://www.property-appraiser.org/data/
A25-004507,2526286180000E0012,osceola_appraiser,Osceola County,open,2025-05-28,481,,,,,1785 AVENUE A,34758,,,https://www.property-appraiser.org/data/
A25-003773,042527465600010070,osceola_appraiser,Osceola County,open,2025-05-29,480,,,,,3233 ROLLING OAKS,34747,,,https://www.property-appraiser.org/data/
BC-25-0152,212529142000010110,osceola_appraiser,City of Kissimmee,open,2025-05-30,479,Victor V Velozo,,,,1412 W VINE ST,34741,,,https://www.property-appraiser.org/data/
BC-25-0156,2125291920000J0040,osceola_appraiser,City of Kissimmee,open,2025-06-02,476,,,,,18 S ORLANDO AVE,34741,,,https://www.property-appraiser.org/data/
BC-25-0158,152529205000120015,osceola_appraiser,City of Kissimmee,open,2025-06-03,475,ROMMEL  FONTANA,,,,1420 ROSS AVE,34744,,,https://www.property-appraiser.org/data/
BC-25-0164,182529000000150000,osceola_appraiser,City of Kissimmee,open,2025-06-05,473,Francisco  Dalmau,,,,4005 BISMARK DR,34741,,,https://www.property-appraiser.org/data/
BC-25-0167,192529154300010010,osceola_appraiser,City of Kissimmee,open,2025-06-05,473,Cody  Hastings,,,,3834 W VINE ST,34741,,,https://www.property-appraiser.org/data/
BR-25-0897,352528161100010850,osceola_appraiser,City of Kissimmee,open,2025-06-05,473,Marcos Jose  Esteves Cavalcanti Filho,,,,4818 WORCHESTER DR,34746,,,https://www.property-appraiser.org/data/
A25-004934,022527479500010010,osceola_appraiser,Osceola County,open,2025-06-11,467,,,,,2950 REEDY CREEK,34747,,,https://www.property-appraiser.org/data/
A25-004962,022527479500010010,osceola_appraiser,Osceola County,open,2025-06-11,467,,,,,2960 Reedy Creek,34747,,,https://www.property-appraiser.org/data/
A25-004963,022527479500010010,osceola_appraiser,Osceola County,open,2025-06-11,467,,,,,3000 REEDY CREEK,34747,,,https://www.property-appraiser.org/data/
A25-004965,022527479500010010,osceola_appraiser,Osceola County,open,2025-06-11,467,,,,,2970 Reedy Creek,34747,,,https://www.property-appraiser.org/data/
A25-004966,022527479500010010,osceola_appraiser,Osceola County,open,2025-06-11,467,,,,,2980 Reedy Creek,34747,,,https://www.property-appraiser.org/data/
BC-25-0188,182529000000150000,osceola_appraiser,City of Kissimmee,open,2025-06-13,465,Francisco  Dalmau,,,,4005 BISMARK DR,34741,,,https://www.property-appraiser.org/data/
BC-25-0189,182529000000150000,osceola_appraiser,City of Kissimmee,open,2025-06-13,465,Francisco  Dalmau,,,,4005 BISMARK DR,34741,,,https://www.property-appraiser.org/data/
BC-25-0190,182529000000150000,osceola_appraiser,City of Kissimmee,open,2025-06-13,465,Francisco  Dalmau,,,,4005 BISMARK DR,34741,,,https://www.property-appraiser.org/data/
BC-25-0191,182529000000150000,osceola_appraiser,City of Kissimmee,open,2025-06-13,465,Francisco  Dalmau,,,,4005 BISMARK DR,34741,,,https://www.property-appraiser.org/data/
BC-25-0192,182529000000150000,osceola_appraiser,City of Kissimmee,open,2025-06-13,465,Francisco  Dalmau,,,,4005 BISMARK DR,34741,,,https://www.property-appraiser.org/data/
BC-25-0193,182529000000150000,osceola_appraiser,City of Kissimmee,open,2025-06-13,465,Francisco  Dalmau,,,,4005 BISMARK DR,34741,,,https://www.property-appraiser.org/data/
BC-25-0194,182529000000150000,osceola_appraiser,City of Kissimmee,open,2025-06-13,465,Francisco  Dalmau,,,,4005 BISMARK DR,34741,,,https://www.property-appraiser.org/data/
BC-25-0195,182529000000150000,osceola_appraiser,City of Kissimmee,open,2025-06-13,465,Francisco  Dalmau,,,,4005 BISMARK DR,34741,,,https://www.property-appraiser.org/data/
BC-25-0196,182529000000150000,osceola_appraiser,City of Kissimmee,open,2025-06-13,465,Francisco  Dalmau,,,,4005 BISMARK DR,34741,,,https://www.property-appraiser.org/data/
BC-25-0198,19252900U002010000,osceola_appraiser,City of Kissimmee,open,2025-06-15,463,Mconeill  Rosado,,,,4156 W VINE ST,34741,,,https://www.property-appraiser.org/data/
BC-25-0203,09252900U001700000,osceola_appraiser,City of Kissimmee,open,2025-06-20,458,Robert P Kornahrens,,,,2704 N JOHN YOUNG PKWY,34741,,,https://www.property-appraiser.org/data/
MSR-25-0269,112529235700010870,osceola_appraiser,City of Kissimmee,open,2025-06-20,458,,,,,2904 OAK RUN BLVD,34744,,,https://www.property-appraiser.org/data/
A25-005253,032529457700010040,osceola_appraiser,Osceola County,open,2025-06-23,455,,,,,3021 JOHN YOUNG,34741,,,https://www.property-appraiser.org/data/
MSR-25-0274,082529103200010450,osceola_appraiser,City of Kissimmee,open,2025-06-24,454,,,,,2701 SWOOP CIR,34741,,,https://www.property-appraiser.org/data/
P25-005000,202629288200011770,osceola_appraiser,Osceola County,open,2025-06-24,454,,,,,3230 HOPEWELL,34746,,,https://www.property-appraiser.org/data/
P25-007012,292629324600010280,osceola_appraiser,Osceola County,open,2025-06-24,454,,,,,800 WINDLASS,34746,,,https://www.property-appraiser.org/data/
A25-005532,252628340300010090,osceola_appraiser,Osceola County,open,2025-06-26,452,,,,,3326 SUMMERDALE,34746,,,https://www.property-appraiser.org/data/
BC-25-0213,212529180900010090,osceola_appraiser,City of Kissimmee,open,2025-06-26,452,Daniel  Levesque,,,,604 OAK COMMONS BLVD,34741,,,https://www.property-appraiser.org/data/
BR-25-0997,112529235700010870,osceola_appraiser,City of Kissimmee,open,2025-06-26,452,Hernando  Castano,,,,2904 OAK RUN BLVD,34744,,,https://www.property-appraiser.org/data/
A25-005796,012628000002200000,osceola_appraiser,Osceola County,open,2025-07-03,445,,,,,4635 WHISPERING PINES,34746,,,https://www.property-appraiser.org/data/
BC-25-0221,182530000000520000,osceola_appraiser,City of Kissimmee,open,2025-07-03,445,,,,,2275 FORTUNE RD,34744,,,https://www.property-appraiser.org/data/
BC-25-0227,292529197000010090,osceola_appraiser,City of Kissimmee,open,2025-07-10,438,,,,,3008 PATRICK ST,34741,,,https://www.property-appraiser.org/data/
P24-008831,212531497800011060,osceola_appraiser,Osceola County,open,2025-07-14,434,,,,,107 POLERMO,34771,28.29316959833057,-81.22078129347145,https://www.property-appraiser.org/data/
A25-006142,052531426000010041,osceola_appraiser,Osceola County,open,2025-07-16,432,,,,,5160 BOGGY CREEK,34771,,,https://www.property-appraiser.org/data/
P25-006827,012629364800010490,osceola_appraiser,Osceola County,open,2025-07-16,432,,,,,1556 BITTEROOT,34744,,,https://www.property-appraiser.org/data/
A25-005978,302530496000010075,osceola_appraiser,Osceola County,open,2025-07-21,427,,,,,2411 IRLO BRONSON MEM E,34744,,,https://www.property-appraiser.org/data/
P25-007665,142628308400010730,osceola_appraiser,Osceola County,open,2025-07-24,424,,,,,2841 MOONSTONE,34758,,,https://www.property-appraiser.org/data/
A25-006368,042528000001150000,osceola_appraiser,Osceola County,open,2025-07-25,423,,,,,5881 IRLO BRONSON MEM,34746,,,https://www.property-appraiser.org/data/
A25-006296,352527489600010C10,osceola_appraiser,Osceola County,open,2025-07-29,419,,,,,7456 EXCITEMENT,34747,,,https://www.property-appraiser.org/data/
A25-006686,012529000000330000,osceola_appraiser,Osceola County,open,2025-08-01,416,,,,,270 BUEN VECINO,34743,,,https://www.property-appraiser.org/data/
A25-006688,012529000000330000,osceola_appraiser,Osceola County,open,2025-08-01,416,,,,,280 BUEN VECINO,34743,,,https://www.property-appraiser.org/data/
A25-006689,012529000000330000,osceola_appraiser,Osceola County,open,2025-08-01,416,,,,,290 BUEN VECINO,34743,,,https://www.property-appraiser.org/data/
A25-006691,012529000000330000,osceola_appraiser,Osceola County,open,2025-08-01,416,,,,,300 BUEN VECINO,34743,,,https://www.property-appraiser.org/data/
A25-006694,012529000000330000,osceola_appraiser,Osceola County,open,2025-08-01,416,,,,,295 BUEN VECINO,34743,,,https://www.property-appraiser.org/data/
A25-006696,012529000000330000,osceola_appraiser,Osceola County,open,2025-08-01,416,,,,,285 BUEN VECINO,34743,,,https://www.property-appraiser.org/data/
A25-006697,012529000000330000,osceola_appraiser,Osceola County,open,2025-08-01,416,,,,,265 BUEN VECINO,34743,,,https://www.property-appraiser.org/data/
A25-006700,012529000000330000,osceola_appraiser,Osceola County,open,2025-08-01,416,,,,,250 BUEN VECINO,34743,,,https://www.property-appraiser.org/data/
A25-006701,012529000000330000,osceola_appraiser,Osceola County,open,2025-08-01,416,,,,,260 BUEN VECINO,34743,,,https://www.property-appraiser.org/data/
A25-006699,012529000000330000,osceola_appraiser,Osceola County,open,2025-08-04,413,,,,,255 BUEN VECINO,34743,,,https://www.property-appraiser.org/data/
P25-007007,052531332600010450,osceola_appraiser,Osceola County,open,2025-08-06,411,,,,,5221 HAMMOCK POINTE,34771,,,https://www.property-appraiser.org/data/
A25-006673,322530000001700000,osceola_appraiser,Osceola County,open,2025-08-18,399,,,,,1535 SIMMONS,34744,28.263565033893197,-81.32944241199804,https://www.property-appraiser.org/data/
P25-001818,292629294300011240,osceola_appraiser,Osceola County,open,2025-08-18,399,,,,,2561 SHOAL BASS,34746,,,https://www.property-appraiser.org/data/
A25-007250,143033361000170170,osceola_appraiser,Osceola County,open,2025-08-22,395,,,,,1355 CANOE CREEK S,34739,,,https://www.property-appraiser.org/data/
A25-007343,032529457700010020,osceola_appraiser,Osceola County,open,2025-08-25,392,,,,,1310 OSCEOLA W,34741,,,https://www.property-appraiser.org/data/
A25-007032,302629000000110000,osceola_appraiser,Osceola County,open,2025-08-26,391,,,,,3250 PLEASANT HILL,34746,,,https://www.property-appraiser.org/data/
A25-007280,112528321700010030,osceola_appraiser,Osceola County,open,2025-08-27,390,,,,,2880 POINCIANA,34746,,,https://www.property-appraiser.org/data/
A25-007080,0526294510000A0490,osceola_appraiser,Osceola County,open,2025-08-29,388,,,,,3601 ORANGE BLOSSOM,34746,,,https://www.property-appraiser.org/data/
A25-007721,292530333800010040,osceola_appraiser,Osceola County,open,2025-09-04,382,,,,,2515 PARTIN SETTLEMENT,34744,,,https://www.property-appraiser.org/data/
P25-007205,072528278200013660,osceola_appraiser,Osceola County,open,2025-09-04,382,,,,,851 CELEBRATION,34747,,,https://www.property-appraiser.org/data/
A25-007658,0526294510000A0490,osceola_appraiser,Osceola County,open,2025-09-05,381,,,,,3601 ORANGE BLOSSOM,34746,,,https://www.property-appraiser.org/data/
A25-007659,0526294510000A0490,osceola_appraiser,Osceola County,open,2025-09-05,381,,,,,3601 ORANGE BLOSSOM,34746,,,https://www.property-appraiser.org/data/
P25-008368,332530529400011450,osceola_appraiser,Osceola County,open,2025-09-05,381,,,,,3028 ALEKSEY VIEW,34744,,,https://www.property-appraiser.org/data/
A25-007644,032527406200010010,osceola_appraiser,Osceola County,open,2025-09-09,377,,,,,2950 ENTRY POINT,34747,,,https://www.property-appraiser.org/data/
A25-007877,072530000000400000,osceola_appraiser,Osceola County,open,2025-09-09,377,,,,,400 BUENAVENTURA,34743,,,https://www.property-appraiser.org/data/
A26-006099,032528348500015630,osceola_accela,Osceola County,open,,28,TOP BUILDER ROOFING LLC,7184516222,CCC1333344,,"3165 SMOKE SIGNAL CIR, KISSIMMEE FL 34746",34746,,,https://permits.osceola.org/CitizenAccess/Cap/CapDetail.aspx?Module=Building&TabName=Building&capID1=REC26&capID2=00000&capID3=00SNS&agencyCode=OSCEOLA&IsToShowInspection=
A26-006101,042530328200010020,osceola_accela,Osceola County,open,,28,COLLIS ROOFING INC,4078309575,CCC058022,,"3200 POST OAK CIR, CLUBHOUSE, KISSIMMEE FL 34744",34744,,,https://permits.osceola.org/CitizenAccess/Cap/CapDetail.aspx?Module=Building&TabName=Building&capID1=REC26&capID2=00000&capID3=00SNZ&agencyCode=OSCEOLA&IsToShowInspection=
A26-006102,072528278300012340,osceola_accela,Osceola County,open,,28,"HYTZ ROOFING, INC.",,CCC1332551,,"620 GOLFPARK DR, KISSIMMEE FL 34747",34747,,,https://permits.osceola.org/CitizenAccess/Cap/CapDetail.aspx?Module=Building&TabName=Building&capID1=REC26&capID2=00000&capID3=00SO1&agencyCode=OSCEOLA&IsToShowInspection=
A26-006118,182531292700010790,osceola_accela,Osceola County,open,,28,DON SCHMIDT CONTRACTING & ROOFING INC,4078929884,CCC042852,,"2405 COUNTRY POND CT, SAINT CLOUD FL 34771",34771,,,https://permits.osceola.org/CitizenAccess/Cap/CapDetail.aspx?Module=Building&TabName=Building&capID1=REC26&capID2=00000&capID3=00SQX&agencyCode=OSCEOLA&IsToShowInspection=
A26-006120,052531332500010360,osceola_accela,Osceola County,open,,28,DON SCHMIDT CONTRACTING & ROOFING INC,4078929884,CCC042852,,"5255 HAMMOCK CIR, SAINT CLOUD FL 34771",34771,,,https://permits.osceola.org/CitizenAccess/Cap/CapDetail.aspx?Module=Building&TabName=Building&capID1=REC26&capID2=00000&capID3=00SQZ&agencyCode=OSCEOLA&IsToShowInspection=
A26-006121,172531316400011430,osceola_accela,Osceola County,open,,28,DON SCHMIDT CONTRACTING & ROOFING INC,4078929884,CCC042852,,"4934 CYPRESS HAMMOCK DR, SAINT CLOUD FL 34771",34771,,,https://permits.osceola.org/CitizenAccess/Cap/CapDetail.aspx?Module=Building&TabName=Building&capID1=REC26&capID2=00000&capID3=00SR0&agencyCode=OSCEOLA&IsToShowInspection=
A26-006125,072530267700930140,osceola_accela,Osceola County,open,,28,FIDDLERS QUALITY ROOFING,,CCC1333004,,"833 FLORIDA PKWY, KISSIMMEE FL 34743",34743,,,https://permits.osceola.org/CitizenAccess/Cap/CapDetail.aspx?Module=Building&TabName=Building&capID1=REC26&capID2=00000&capID3=00SRE&agencyCode=OSCEOLA&IsToShowInspection=
A26-006135,1826294774000C0030,osceola_accela,Osceola County,open,,27,"STRAIGHT FORWARD CONSTRUCTION, LLC",8632683033,CCC1334059,,"3240 COTTONWOOD CT, KISSIMMEE FL 34746",34746,,,https://permits.osceola.org/CitizenAccess/Cap/CapDetail.aspx?Module=Building&TabName=Building&capID1=REC26&capID2=00000&capID3=00SSC&agencyCode=OSCEOLA&IsToShowInspection=
A26-006144,032530420300011120,osceola_accela,Osceola County,open,,27,"COVENANT ROOFING & CONSTRUCTION, INC",,CCC1332763,,"3664 LATE MORNING CIR, KISSIMMEE FL 34744",34744,,,https://permits.osceola.org/CitizenAccess/Cap/CapDetail.aspx?Module=Building&TabName=Building&capID1=REC26&capID2=00000&capID3=00STT&agencyCode=OSCEOLA&IsToShowInspection=
A26-006148,182629262600010310,osceola_accela,Osceola County,open,,27,ARES EXTERIORS,,CCC1335920,,"2555 BAYKAL DR, KISSIMMEE FL 34746",34746,,,https://permits.osceola.org/CitizenAccess/Cap/CapDetail.aspx?Module=Building&TabName=Building&capID1=REC26&capID2=00000&capID3=00SUT&agencyCode=OSCEOLA&IsToShowInspection=
A26-006162,072530269901160030,osceola_accela,Osceola County,open,,26,OWNER/BUILDER OWNER/BUILDER,,,,"309 LARIAT LN, KISSIMMEE FL 34743",34743,,,https://permits.osceola.org/CitizenAccess/Cap/CapDetail.aspx?Module=Building&TabName=Building&capID1=REC26&capID2=00000&capID3=00T09&agencyCode=OSCEOLA&IsToShowInspection=
A26-006165,322531491700010280,osceola_accela,Osceola County,open,,26,"NATIONWIDE ROOFING & GC LLC BAILEY, RICK L",3214021227,CCC1330921,,"5060 HARKLEY RUNYAN RD, SAINT CLOUD FL 34771",34771,,,https://permits.osceola.org/CitizenAccess/Cap/CapDetail.aspx?Module=Building&TabName=Building&capID1=REC26&capID2=00000&capID3=00T1E&agencyCode=OSCEOLA&IsToShowInspection=
A26-006168,172531444600010420,osceola_accela,Osceola County,open,,26,EQUITY PREMIUM ROOFING,,CCC1336619,,"1636 PINE MARSH LOOP, SAINT CLOUD FL 34771",34771,,,https://permits.osceola.org/CitizenAccess/Cap/CapDetail.aspx?Module=Building&TabName=Building&capID1=REC26&capID2=00000&capID3=00T29&agencyCode=OSCEOLA&IsToShowInspection=
A26-006169,072530272902450750,osceola_accela,Osceola County,open,,26,SOUTHERN SAFE CONSTRUCTION LLC,8138381500,CCC1334670,,"302 OCEANSIDE CT, KISSIMMEE FL 34743",34743,,,https://permits.osceola.org/CitizenAccess/Cap/CapDetail.aspx?Module=Building&TabName=Building&capID1=REC26&capID2=00000&capID3=00T2B&agencyCode=OSCEOLA&IsToShowInspection=
A26-006176,052729549300010520,osceola_accela,Osceola County,open,,26,ELIONI BAUTISTA CONSTRUCTION CORP,,CCC1333809,,"4209 FORT COURAGE CIR, KISSIMMEE FL 34746",34746,,,https://permits.osceola.org/CitizenAccess/Cap/CapDetail.aspx?Module=Building&TabName=Building&capID1=REC26&capID2=00000&capID3=00T2X&agencyCode=OSCEOLA&IsToShowInspection=
A26-006181,092529000000800000,osceola_accela,Osceola County,open,,26,ABARCA INC,,CCC1327272,,"1140 PARNELL ST, KISSIMMEE FL 34741",34741,,,https://permits.osceola.org/CitizenAccess/Cap/CapDetail.aspx?Module=Building&TabName=Building&capID1=REC26&capID2=00000&capID3=00T3D&agencyCode=OSCEOLA&IsToShowInspection=
A26-006193,252628611413910010,osceola_accela,Osceola County,open,,25,SL CONSTRUCTION,4079201540,CCC1332559,,"639 MCKINLEY CT, KISSIMMEE FL 34758",34758,,,https://permits.osceola.org/CitizenAccess/Cap/CapDetail.aspx?Module=Building&TabName=Building&capID1=REC26&capID2=00000&capID3=00T6A&agencyCode=OSCEOLA&IsToShowInspection=
A26-006200,322629255600010380,osceola_accela,Osceola County,open,,25,QUALITECH CONSTRUCTION GROUP LLC,9562206107,CCC1335895,,"2961 ORANGE HAVEN WY, KISSIMMEE FL 34746",34746,,,https://permits.osceola.org/CitizenAccess/Cap/CapDetail.aspx?Module=Building&TabName=Building&capID1=REC26&capID2=00000&capID3=00T71&agencyCode=OSCEOLA&IsToShowInspection=
A26-006203,252628610006230020,osceola_accela,Osceola County,open,,25,TOP BUILDER ROOFING LLC,7184516222,CCC1333344,,"104 MONTCLAIR WY, KISSIMMEE FL 34758",34758,,,https://permits.osceola.org/CitizenAccess/Cap/CapDetail.aspx?Module=Building&TabName=Building&capID1=REC26&capID2=00000&capID3=00T7R&agencyCode=OSCEOLA&IsToShowInspection=
A26-006206,252628613822020080,osceola_accela,Osceola County,open,,25,ELR RESTORATION INC,,CCC1332798,,"722 TOULON DR, KISSIMMEE FL 34759",34759,,,https://permits.osceola.org/CitizenAccess/Cap/CapDetail.aspx?Module=Building&TabName=Building&capID1=REC26&capID2=00000&capID3=00T81&agencyCode=OSCEOLA&IsToShowInspection=
A26-006208,112628543300010010,osceola_accela,Osceola County,open,,24,WINDMAR HOME FL INC,,CCC1334496,,"2303 SEA ROSE TER, KISSIMMEE FL 34758",34758,,,https://permits.osceola.org/CitizenAccess/Cap/CapDetail.aspx?Module=Building&TabName=Building&capID1=REC26&capID2=00000&capID3=00T89&agencyCode=OSCEOLA&IsToShowInspection=
A26-006213,362529360900012900,osceola_accela,Osceola County,open,,24,JANNEY ROOFING LLC,,CCC1335906,,"1523 DIAMOND LOOP DR, KISSIMMEE FL 34744",34744,,,https://permits.osceola.org/CitizenAccess/Cap/CapDetail.aspx?Module=Building&TabName=Building&capID1=REC26&capID2=00000&capID3=00T9A&agencyCode=OSCEOLA&IsToShowInspection=
A26-006224,042530328200010020,osceola_accela,Osceola County,open,,24,COLLIS ROOFING INC,4078309575,CCC058022,,"3295 POST OAK CIR, Bldg 2, KISSIMMEE FL 34744",34744,,,https://permits.osceola.org/CitizenAccess/Cap/CapDetail.aspx?Module=Building&TabName=Building&capID1=REC26&capID2=00000&capID3=00TAG&agencyCode=OSCEOLA&IsToShowInspection=
A26-006225,042530328200010020,osceola_accela,Osceola County,open,,24,COLLIS ROOFING INC,4078309575,CCC058022,,"3280 POST OAK CIR, Bldg 3, KISSIMMEE FL 34744",34744,,,https://permits.osceola.org/CitizenAccess/Cap/CapDetail.aspx?Module=Building&TabName=Building&capID1=REC26&capID2=00000&capID3=00TAH&agencyCode=OSCEOLA&IsToShowInspection=
A26-006226,042530328200010020,osceola_accela,Osceola County,open,,24,COLLIS ROOFING INC,4078309575,CCC058022,,"3275 POST OAK CIR, Bldg 4, KISSIMMEE FL 34744",34744,,,https://permits.osceola.org/CitizenAccess/Cap/CapDetail.aspx?Module=Building&TabName=Building&capID1=REC26&capID2=00000&capID3=00TAK&agencyCode=OSCEOLA&IsToShowInspection=
A26-006232,042530328200010020,osceola_accela,Osceola County,open,,24,COLLIS ROOFING INC,4078309575,CCC058022,,"3240 MAPLE HOLLOW DR, Bldg 7, KISSIMMEE FL 34744",34744,,,https://permits.osceola.org/CitizenAccess/Cap/CapDetail.aspx?Module=Building&TabName=Building&capID1=REC26&capID2=00000&capID3=00TAZ&agencyCode=OSCEOLA&IsToShowInspection=
A26-006234,252628610005590020,osceola_accela,Osceola County,open,,24,ELITE GROUP HOME RESTORATION INC.,7863573429,CCC1334912,,"903 GATESHEAD CT, KISSIMMEE FL 34758",34758,,,https://permits.osceola.org/CitizenAccess/Cap/CapDetail.aspx?Module=Building&TabName=Building&capID1=REC26&capID2=00000&capID3=00TB1&agencyCode=OSCEOLA&IsToShowInspection=
A26-006236,042530328200010020,osceola_accela,Osceola County,open,,24,COLLIS ROOFING INC,4078309575,CCC058022,,"3215 POST OAK CIR, Bldg 9, KISSIMMEE FL 34744",34744,,,https://permits.osceola.org/CitizenAccess/Cap/CapDetail.aspx?Module=Building&TabName=Building&capID1=REC26&capID2=00000&capID3=00TB8&agencyCode=OSCEOLA&IsToShowInspection=
A26-006238,042530328200010020,osceola_accela,Osceola County,open,,24,COLLIS ROOFING INC,4078309575,CCC058022,,"3205 POST OAK CIR, Bldg 11, KISSIMMEE FL 34744",34744,,,https://permits.osceola.org/CitizenAccess/Cap/CapDetail.aspx?Module=Building&TabName=Building&capID1=REC26&capID2=00000&capID3=00TBA&agencyCode=OSCEOLA&IsToShowInspection=
A26-006242,042530328200010020,osceola_accela,Osceola County,open,,24,COLLIS ROOFING INC,4078309575,CCC058022,,"3220 POST OAK CIR, KISSIMMEE FL 34744",34744,,,https://permits.osceola.org/CitizenAccess/Cap/CapDetail.aspx?Module=Building&TabName=Building&capID1=REC26&capID2=00000&capID3=00TBH&agencyCode=OSCEOLA&IsToShowInspection=
A26-006243,042530328200010020,osceola_accela,Osceola County,open,,24,COLLIS ROOFING INC,4078309575,CCC058022,,"3270 POST OAK CIR, 4, KISSIMMEE FL 34744",34744,,,https://permits.osceola.org/CitizenAccess/Cap/CapDetail.aspx?Module=Building&TabName=Building&capID1=REC26&capID2=00000&capID3=00TBJ&agencyCode=OSCEOLA&IsToShowInspection=
A26-006244,042530328200010020,osceola_accela,Osceola County,open,,24,COLLIS ROOFING INC,4078309575,CCC058022,,"3255 MAPLE HOLLOW DR, 5, KISSIMMEE FL 34744",34744,,,https://permits.osceola.org/CitizenAccess/Cap/CapDetail.aspx?Module=Building&TabName=Building&capID1=REC26&capID2=00000&capID3=00TBK&agencyCode=OSCEOLA&IsToShowInspection=
A26-006245,042530328200010020,osceola_accela,Osceola County,open,,24,COLLIS ROOFING INC,4078309575,CCC058022,,"3245 MAPLE HOLLOW DR, 7, KISSIMMEE FL 34744",34744,,,https://permits.osceola.org/CitizenAccess/Cap/CapDetail.aspx?Module=Building&TabName=Building&capID1=REC26&capID2=00000&capID3=00TBL&agencyCode=OSCEOLA&IsToShowInspection=
A26-006246,082629299500010120,osceola_accela,Osceola County,open,,24,DRS OF CENTRAL FLORIDA INC. 6107 ANNO AVE,4072401225,CCC057239,,"2400 NIGHTINGALE LN, KISSIMMEE FL 34746",34746,,,https://permits.osceola.org/CitizenAccess/Cap/CapDetail.aspx?Module=Building&TabName=Building&capID1=REC26&capID2=00000&capID3=00TBM&agencyCode=OSCEOLA&IsToShowInspection=
A26-006263,072530270201750250,osceola_accela,Osceola County,open,,21,ALFA PACIFICA CONSULTANTS LLC,,CCC1335974,,"10 WAGON CIR, KISSIMMEE FL 34743",34743,,,https://permits.osceola.org/CitizenAccess/Cap/CapDetail.aspx?Module=Building&TabName=Building&capID1=REC26&capID2=00000&capID3=00TGR&agencyCode=OSCEOLA&IsToShowInspection=
A26-006272,072528284700012710,osceola_accela,Osceola County,open,,21,CENTRAL HOMES ROOFING AND FLOORING 1182 N Ronald Reagan Blvd,4072126372,CCC1330609,,"1129 TAPESTRY DR, KISSIMMEE FL 34747",34747,,,https://permits.osceola.org/CitizenAccess/Cap/CapDetail.aspx?Module=Building&TabName=Building&capID1=REC26&capID2=00000&capID3=00TI3&agencyCode=OSCEOLA&IsToShowInspection=
A26-006275,302630000001200000,osceola_accela,Osceola County,open,,21,STORY ROOFING LLC,4073489342,CCC057111,,"2271 KEYSTONE AVE, SAINT CLOUD FL 34772",34772,,,https://permits.osceola.org/CitizenAccess/Cap/CapDetail.aspx?Module=Building&TabName=Building&capID1=REC26&capID2=00000&capID3=00TIM&agencyCode=OSCEOLA&IsToShowInspection=
A26-006285,18262926220001124B,osceola_accela,Osceola County,open,,21,NEAT EXTERIORS INC,4076127399,CCC1335521,,"2400 HURON CIR, KISSIMMEE FL 34746",34746,,,https://permits.osceola.org/CitizenAccess/Cap/CapDetail.aspx?Module=Building&TabName=Building&capID1=REC26&capID2=00000&capID3=00TKN&agencyCode=OSCEOLA&IsToShowInspection=
A26-006290,102528000000600000,osceola_accela,Osceola County,open,,21,VORTEX ROOFING SOLUTIONS LLC,4077173104,CCC1335415,,"770 FOREST LN, KISSIMMEE FL 34746",34746,,,https://permits.osceola.org/CitizenAccess/Cap/CapDetail.aspx?Module=Building&TabName=Building&capID1=REC26&capID2=00000&capID3=00TL4&agencyCode=OSCEOLA&IsToShowInspection=
A26-006295,102528000000600000,osceola_accela,Osceola County,open,,21,VORTEX ROOFING SOLUTIONS LLC,4077173104,CCC1335415,,"946 SAVANNA DR, KISSIMMEE FL 34746",34746,,,https://permits.osceola.org/CitizenAccess/Cap/CapDetail.aspx?Module=Building&TabName=Building&capID1=REC26&capID2=00000&capID3=00TLM&agencyCode=OSCEOLA&IsToShowInspection=
A26-006308,202629326200010260,osceola_accela,Osceola County,open,,20,"TRU-TEK WATERPROOFING, INC",4078853805,CCC1331331,,"2341 N GRASMERE VIEW PKWY, KISSIMMEE FL 34746",34746,,,https://permits.osceola.org/CitizenAccess/Cap/CapDetail.aspx?Module=Building&TabName=Building&capID1=REC26&capID2=00000&capID3=00TNX&agencyCode=OSCEOLA&IsToShowInspection=
A26-006315,242628333200013790,osceola_accela,Osceola County,open,,20,JBK ROOFING & RESTORATION INC.,3528050767,CCC1335846,,"4850 ROCKVALE DR, KISSIMMEE FL 34758",34758,,,https://permits.osceola.org/CitizenAccess/Cap/CapDetail.aspx?Module=Building&TabName=Building&capID1=REC26&capID2=00000&capID3=00TRP&agencyCode=OSCEOLA&IsToShowInspection=
A26-006324,252628266700010760,osceola_accela,Osceola County,open,,19,BEAVER HOME SERVICES INC,9048677554,CCC1333559,,"4100 VESSEL CT, KISSIMMEE FL 34746",34746,,,https://permits.osceola.org/CitizenAccess/Cap/CapDetail.aspx?Module=Building&TabName=Building&capID1=REC26&capID2=00000&capID3=00TT8&agencyCode=OSCEOLA&IsToShowInspection=
A26-006325,052729549300010830,osceola_accela,Osceola County,open,,19,TOP BUILDER ROOFING LLC,7184516222,CCC1333344,,"3424 WILDERNESS TRL, KISSIMMEE FL 34746",34746,,,https://permits.osceola.org/CitizenAccess/Cap/CapDetail.aspx?Module=Building&TabName=Building&capID1=REC26&capID2=00000&capID3=00TTC&agencyCode=OSCEOLA&IsToShowInspection=
A26-006328,3325272769000103A0,osceola_accela,Osceola County,open,,19,C D S CONTRACTORS INC,3214369426,CCC1328503,,"1500 MASTERS BLVD, DAVENPORT FL 33896",33896,,,https://permits.osceola.org/CitizenAccess/Cap/CapDetail.aspx?Module=Building&TabName=Building&capID1=REC26&capID2=00000&capID3=00TTV&agencyCode=OSCEOLA&IsToShowInspection=
A26-006330,222527354300012440,osceola_accela,Osceola County,open,,19,TRIMM ROOFING LLC,8638378363,CCC1335191,,"1090 JASON RIDGE CT, KISSIMMEE FL 34747",34747,,,https://permits.osceola.org/CitizenAccess/Cap/CapDetail.aspx?Module=Building&TabName=Building&capID1=REC26&capID2=00000&capID3=00TTY&agencyCode=OSCEOLA&IsToShowInspection=
A26-006336,072530272302400710,osceola_accela,Osceola County,open,,19,UNIVERSAL ROOFING GROUP INC,4072957403,CCC057165,,"166 CORALWOOD CIR, KISSIMMEE FL 34743",34743,,,https://permits.osceola.org/CitizenAccess/Cap/CapDetail.aspx?Module=Building&TabName=Building&capID1=REC26&capID2=00000&capID3=00TV2&agencyCode=OSCEOLA&IsToShowInspection=
A26-006356,112529415500010370,osceola_accela,Osceola County,open,,18,STORY ROOFING LLC,4073489342,CCC057111,,"2735 ORCHID LN, KISSIMMEE FL 34744",34744,,,https://permits.osceola.org/CitizenAccess/Cap/CapDetail.aspx?Module=Building&TabName=Building&capID1=REC26&capID2=00000&capID3=00TY0&agencyCode=OSCEOLA&IsToShowInspection=
A26-006367,072530270301140380,osceola_accela,Osceola County,open,,18,,,CCC051550,,"419 BUENAVENTURA BLVD, KISSIMMEE FL 34743",34743,,,https://permits.osceola.org/CitizenAccess/Cap/CapDetail.aspx?Module=Building&TabName=Building&capID1=REC26&capID2=00000&capID3=00TZ7&agencyCode=OSCEOLA&IsToShowInspection=
A26-006368,352831000000300000,osceola_accela,Osceola County,open,,18,DON SCHMIDT CONTRACTING & ROOFING INC,4078929884,CCC042852,,"3650 N CANOE CREEK RD, KENANSVILLE FL 34739",34739,,,https://permits.osceola.org/CitizenAccess/Cap/CapDetail.aspx?Module=Building&TabName=Building&capID1=REC26&capID2=00000&capID3=00TZ8&agencyCode=OSCEOLA&IsToShowInspection=
A26-006369,052629444300013220,osceola_accela,Osceola County,open,,18,DON SCHMIDT CONTRACTING & ROOFING INC,4078929884,CCC042852,,"2300 MEADOW OAK CIR, KISSIMMEE FL 34746",34746,,,https://permits.osceola.org/CitizenAccess/Cap/CapDetail.aspx?Module=Building&TabName=Building&capID1=REC26&capID2=00000&capID3=00TZ9&agencyCode=OSCEOLA&IsToShowInspection=
A26-006383,072530267701110010,osceola_accela,Osceola County,open,,18,CHINEA'S DEVELOPERS CORP,4079906192,CCC1335107,,"144 TIJUANA DR, KISSIMMEE FL 34743",34743,,,https://permits.osceola.org/CitizenAccess/Cap/CapDetail.aspx?Module=Building&TabName=Building&capID1=REC26&capID2=00000&capID3=00U0I&agencyCode=OSCEOLA&IsToShowInspection=
A26-006590,102528000000600000,osceola_accela,Osceola County,open,,18,VORTEX ROOFING SOLUTIONS LLC,4077173104,CCC1335415,,"946 SAVANNA DR, SHED, KISSIMMEE FL 34746",34746,,,https://permits.osceola.org/CitizenAccess/Cap/CapDetail.aspx?Module=Building&TabName=Building&capID1=REC26&capID2=00000&capID3=00UWI&agencyCode=OSCEOLA&IsToShowInspection=
A26-006390,242628294900011480,osceola_accela,Osceola County,open,,17,WINDMAR HOME FL INC,,CCC1334496,,"2738 BIG TIMBER DR, KISSIMMEE FL 34758",34758,,,https://permits.osceola.org/CitizenAccess/Cap/CapDetail.aspx?Module=Building&TabName=Building&capID1=REC26&capID2=00000&capID3=00U1Z&agencyCode=OSCEOLA&IsToShowInspection=
A26-006394,252628615529620010,osceola_accela,Osceola County,open,,17,ARMOR ROOFING & HOME IMPROVEMENT LLC,4074026511,CCC039833,,"2911 SUN COVE DR, KISSIMMEE 34746 United States",34746,,,https://permits.osceola.org/CitizenAccess/Cap/CapDetail.aspx?Module=Building&TabName=Building&capID1=REC26&capID2=00000&capID3=00U31&agencyCode=OSCEOLA&IsToShowInspection=
A26-006396,252628610005370070,osceola_accela,Osceola County,open,,17,PERFORMANCE ROOFING LLC,4079487209,CCC1329979,,"111 NICHOLAS CT, KISSIMMEE FL 34758",34758,28.17229378960844,-81.49504736169591,https://permits.osceola.org/CitizenAccess/Cap/CapDetail.aspx?Module=Building&TabName=Building&capID1=REC26&capID2=00000&capID3=00U3E&agencyCode=OSCEOLA&IsToShowInspection=
A26-006401,032528348100010770,osceola_accela,Osceola County,open,,17,"BATTERBEE ROOFING, INC",3527486300,CCC1326176,,"3136 OWASSA CT, KISSIMMEE FL 34746",34746,,,https://permits.osceola.org/CitizenAccess/Cap/CapDetail.aspx?Module=Building&TabName=Building&capID1=REC26&capID2=00000&capID3=00U3Y&agencyCode=OSCEOLA&IsToShowInspection=
A26-006405,252628610005220080,osceola_accela,Osceola County,open,,17,"BATTERBEE ROOFING, INC",3527486300,CCC1326176,,"907 CUMBRAN LN, KISSIMMEE FL 34758",34758,,,https://permits.osceola.org/CitizenAccess/Cap/CapDetail.aspx?Module=Building&TabName=Building&capID1=REC26&capID2=00000&capID3=00U45&agencyCode=OSCEOLA&IsToShowInspection=
A26-006406,102529000002300000,osceola_accela,Osceola County,open,,17,WALL BROS CONSTRUCTION LLC,4075576334,CCC1329138,,"2540 MICHIGAN AVE, A - Z, KISSIMMEE FL 34744",34744,,,https://permits.osceola.org/CitizenAccess/Cap/CapDetail.aspx?Module=Building&TabName=Building&capID1=REC26&capID2=00000&capID3=00U4G&agencyCode=OSCEOLA&IsToShowInspection=
A26-006408,3125290000015A0000,osceola_accela,Osceola County,open,,17,RHINO ROOFING ORLANDO LLC,,CCC1336971,,"1500 JERSTAD WY, KISSIMMEE FL 34746",34746,,,https://permits.osceola.org/CitizenAccess/Cap/CapDetail.aspx?Module=Building&TabName=Building&capID1=REC26&capID2=00000&capID3=00U4X&agencyCode=OSCEOLA&IsToShowInspection=
A26-006417,072530267700860170,osceola_accela,Osceola County,open,,13,ROOFING PROS USA LLC,,CCC1337239,,"241 MANTE DR, KISSIMMEE FL 34743",34743,,,https://permits.osceola.org/CitizenAccess/Cap/CapDetail.aspx?Module=Building&TabName=Building&capID1=REC26&capID2=00000&capID3=00U7O&agencyCode=OSCEOLA&IsToShowInspection=
A26-006423,352527255800010750,osceola_accela,Osceola County,open,,13,"FLORIDA SOLAR CONTRACTING, LLC",4074056484,CCC1336080,,"7233 WAKEVIEW DR, DAVENPORT FL 33896",33896,28.266650138716344,-81.57774020187212,https://permits.osceola.org/CitizenAccess/Cap/CapDetail.aspx?Module=Building&TabName=Building&capID1=REC26&capID2=00000&capID3=00U86&agencyCode=OSCEOLA&IsToShowInspection=
A26-006431,062632259800012000,osceola_accela,Osceola County,open,,13,AFFORDABLE ROOFING BY JOHN CADWELL,4079350050,CCC1326887,,"1695 CASSIDY DR, SAINT CLOUD FL 34771",34771,,,https://permits.osceola.org/CitizenAccess/Cap/CapDetail.aspx?Module=Building&TabName=Building&capID1=REC26&capID2=00000&capID3=00U8X&agencyCode=OSCEOLA&IsToShowInspection=
A26-006434,30263229890001073G,osceola_accela,Osceola County,open,,13,CELENA DUCHSCHER INC,4077014438,CCC1328218,,"3214 BAYFLOWER AVE, SAINT CLOUD FL 34773",34773,,,https://permits.osceola.org/CitizenAccess/Cap/CapDetail.aspx?Module=Building&TabName=Building&capID1=REC26&capID2=00000&capID3=00U9C&agencyCode=OSCEOLA&IsToShowInspection=
A26-006444,232529270000010230,osceola_accela,Osceola County,open,,13,D&E PRECAST AND CONSTRUCTION SERVICES INC,4076926576,CCC1332553,,"31 LINDA LN, KISSIMMEE FL 34744",34744,,,https://permits.osceola.org/CitizenAccess/Cap/CapDetail.aspx?Module=Building&TabName=Building&capID1=REC26&capID2=00000&capID3=00UA2&agencyCode=OSCEOLA&IsToShowInspection=
A26-006445,172531444500010760,osceola_accela,Osceola County,open,,13,BRUTUS BUILDING GROUP LLC,,CCC1331810,,"1481 PINE MARSH LOOP, SAINT CLOUD FL 34771",34771,,,https://permits.osceola.org/CitizenAccess/Cap/CapDetail.aspx?Module=Building&TabName=Building&capID1=REC26&capID2=00000&capID3=00UA8&agencyCode=OSCEOLA&IsToShowInspection=
A26-006454,252628611614450020,osceola_accela,Osceola County,open,,13,TRUTOP ROOF,4079896704,CCC1337085,,"848 NELSON DR, KISSIMMEE FL 34758",34758,,,https://permits.osceola.org/CitizenAccess/Cap/CapDetail.aspx?Module=Building&TabName=Building&capID1=REC26&capID2=00000&capID3=00UBB&agencyCode=OSCEOLA&IsToShowInspection=
A26-006455,202531425800010590,osceola_accela,Osceola County,open,,13,MEGA ROOFING LLC,4077802635,CCC1332144,,"5129 W SORRENTO BLVD, SAINT CLOUD FL 34771",34771,,,https://permits.osceola.org/CitizenAccess/Cap/CapDetail.aspx?Module=Building&TabName=Building&capID1=REC26&capID2=00000&capID3=00UBF&agencyCode=OSCEOLA&IsToShowInspection=
A26-006457,072530267700440860,osceola_accela,Osceola County,open,,13,SKY LIGHT ROOFING INC,3219460876,CCC1332541,,"328 LA PAZ DR, KISSIMMEE FL 34743",34743,,,https://permits.osceola.org/CitizenAccess/Cap/CapDetail.aspx?Module=Building&TabName=Building&capID1=REC26&capID2=00000&capID3=00UBN&agencyCode=OSCEOLA&IsToShowInspection=
A26-006466,082530469100210020,osceola_accela,Osceola County,open,,12,TRROOFING LLC,,CCC1333097,,"2752 WOODSTREAM CIR, KISSIMMEE FL 34743",34743,,,https://permits.osceola.org/CitizenAccess/Cap/CapDetail.aspx?Module=Building&TabName=Building&capID1=REC26&capID2=00000&capID3=00UCT&agencyCode=OSCEOLA&IsToShowInspection=
A26-006475,122728258900010360,osceola_accela,Osceola County,open,,12,ROOFING PROS USA LLC,,CCC1337239,,"4426 CANOPY CT, KISSIMMEE FL 34758",34758,,,https://permits.osceola.org/CitizenAccess/Cap/CapDetail.aspx?Module=Building&TabName=Building&capID1=REC26&capID2=00000&capID3=00UE3&agencyCode=OSCEOLA&IsToShowInspection=
A26-006478,332629335600012820,osceola_accela,Osceola County,open,,12,"3MG SOLUTIONS, LLC",,CCC1334689,,"3957 CARRICK BEND DR, KISSIMMEE FL 34746",34746,,,https://permits.osceola.org/CitizenAccess/Cap/CapDetail.aspx?Module=Building&TabName=Building&capID1=REC26&capID2=00000&capID3=00UE9&agencyCode=OSCEOLA&IsToShowInspection=
A26-006479,1726295550000B0020,osceola_accela,Osceola County,open,,12,FLORIDA SPECIALIZED INSPECTIONS LLC,,,,"3229 ST AUGUSTINE CT, KISSIMMEE FL 34746",34746,,,https://permits.osceola.org/CitizenAccess/Cap/CapDetail.aspx?Module=Building&TabName=Building&capID1=REC26&capID2=00000&capID3=00UEA&agencyCode=OSCEOLA&IsToShowInspection=
A26-006485,252629301800010040,osceola_accela,Osceola County,open,,12,"INSPECTFL, LLC",,,,"2040 KEYSTONE AVE, SAINT CLOUD FL 34772",34772,,,https://permits.osceola.org/CitizenAccess/Cap/CapDetail.aspx?Module=Building&TabName=Building&capID1=REC26&capID2=00000&capID3=00UER&agencyCode=OSCEOLA&IsToShowInspection=
A26-006486,212527330200010330,osceola_accela,Osceola County,open,,12,FLORIDA PRECISION ROOFING INC,4079309262,CCC1332238,,"8330 HOPI TRL, KISSIMMEE FL 34747",34747,,,https://permits.osceola.org/CitizenAccess/Cap/CapDetail.aspx?Module=Building&TabName=Building&capID1=REC26&capID2=00000&capID3=00UEU&agencyCode=OSCEOLA&IsToShowInspection=
A26-006487,102628266200011490,osceola_accela,Osceola County,open,,12,FLORIDA'S TOP CHOICE ROOFING INC.,4074215256,CCC1335822,,"2366 WALNUT CANYON DR, KISSIMMEE FL 34758",34758,,,https://permits.osceola.org/CitizenAccess/Cap/CapDetail.aspx?Module=Building&TabName=Building&capID1=REC26&capID2=00000&capID3=00UEV&agencyCode=OSCEOLA&IsToShowInspection=
A26-006491,142628308400011090,osceola_accela,Osceola County,open,,12,H AND SONS CONSTRUCTION LLC,4074088219,CCC1335493,,"2929 MOONSTONE, KISSIMMEE FL 34758",34758,,,https://permits.osceola.org/CitizenAccess/Cap/CapDetail.aspx?Module=Building&TabName=Building&capID1=REC26&capID2=00000&capID3=00UEZ&agencyCode=OSCEOLA&IsToShowInspection=
A26-006512,052629444300012950,osceola_accela,Osceola County,open,,12,HC ROOFING & CONSTRUCTION,3217943497,CCC1336651,,"2331 MEADOW OAK CIR, KISSIMMEE FL 34746",34746,,,https://permits.osceola.org/CitizenAccess/Cap/CapDetail.aspx?Module=Building&TabName=Building&capID1=REC26&capID2=00000&capID3=00UGU&agencyCode=OSCEOLA&IsToShowInspection=
A26-006513,202629288100010980,osceola_accela,Osceola County,open,,12,HC ROOFING & CONSTRUCTION,3217943497,CCC1336651,,"3170 MARSHFIELD PRESERVE WY, KISSIMMEE FL 34746",34746,,,https://permits.osceola.org/CitizenAccess/Cap/CapDetail.aspx?Module=Building&TabName=Building&capID1=REC26&capID2=00000&capID3=00UGV&agencyCode=OSCEOLA&IsToShowInspection=
A26-006515,252628612818230040,osceola_accela,Osceola County,open,,12,OCEAN ROOFING OF FLORIDA LLC,4075750022,CCC1330574,,"724 HARLAND CT, KISSIMMEE FL 34758",34758,,,https://permits.osceola.org/CitizenAccess/Cap/CapDetail.aspx?Module=Building&TabName=Building&capID1=REC26&capID2=00000&capID3=00UGZ&agencyCode=OSCEOLA&IsToShowInspection=
A26-006516,122728522100010450,osceola_accela,Osceola County,open,,12,HC ROOFING & CONSTRUCTION,3217943497,CCC1336651,,"436 ACACIA TREE WY, KISSIMMEE FL 34758",34758,,,https://permits.osceola.org/CitizenAccess/Cap/CapDetail.aspx?Module=Building&TabName=Building&capID1=REC26&capID2=00000&capID3=00UH0&agencyCode=OSCEOLA&IsToShowInspection=
A26-006520,17262930010001014A,osceola_accela,Osceola County,open,,12,KING CONSTRUCTION USA INC,4073838010,CCC1327068,,"3221 EAGLE WATCH DR, KISSIMMEE FL 34746",34746,,,https://permits.osceola.org/CitizenAccess/Cap/CapDetail.aspx?Module=Building&TabName=Building&capID1=REC26&capID2=00000&capID3=00UHJ&agencyCode=OSCEOLA&IsToShowInspection=
A26-006527,252628613821740080,osceola_accela,Osceola County,open,,11,CELENA DUCHSCHER INC,4077014438,CCC1328218,,"1134 NORMANDY DR, KISSIMMEE FL 34759",34759,,,https://permits.osceola.org/CitizenAccess/Cap/CapDetail.aspx?Module=Building&TabName=Building&capID1=REC26&capID2=00000&capID3=00UJ7&agencyCode=OSCEOLA&IsToShowInspection=
A26-006529,0526294510000C0470,osceola_accela,Osceola County,open,,11,EDGAR QUINTIN INC 14824 WHITE MAGNOLIA CT,4078570098,CCC057581,,"3320 FOREST DR, KISSIMMEE FL 34746",34746,,,https://permits.osceola.org/CitizenAccess/Cap/CapDetail.aspx?Module=Building&TabName=Building&capID1=REC26&capID2=00000&capID3=00UKD&agencyCode=OSCEOLA&IsToShowInspection=
A26-006530,2925293230000G0015,osceola_accela,Osceola County,open,,11,HEART ROOFING LLC,,CCC1337350,,"2902 PERSHING ST, KISSIMMEE FL 34741",34741,,,https://permits.osceola.org/CitizenAccess/Cap/CapDetail.aspx?Module=Building&TabName=Building&capID1=REC26&capID2=00000&capID3=00UKI&agencyCode=OSCEOLA&IsToShowInspection=
A26-006535,212530516600010050,osceola_accela,Osceola County,open,,11,77 CONSTRUCTION & ROOFING LLC,3213323724,CCC1336189,,"142 EAST LAKE SHORE BLVD, KISSIMMEE FL 34744",34744,,,https://permits.osceola.org/CitizenAccess/Cap/CapDetail.aspx?Module=Building&TabName=Building&capID1=REC26&capID2=00000&capID3=00UL9&agencyCode=OSCEOLA&IsToShowInspection=
A26-006540,062530290603000080,osceola_accela,Osceola County,open,,11,FIVE STARS MY PRIDE ROOFING LLC,7272778333,CCC1335074,,"100 ROCK SPRINGS CT, KISSIMMEE FL 34743",34743,,,https://permits.osceola.org/CitizenAccess/Cap/CapDetail.aspx?Module=Building&TabName=Building&capID1=REC26&capID2=00000&capID3=00UMA&agencyCode=OSCEOLA&IsToShowInspection=
A26-006549,072530269901160360,osceola_accela,Osceola County,open,,11,APC ROOFING,,CCC1337030,,"349 GAIT, KISSIMMEE 34743 United States",34743,,,https://permits.osceola.org/CitizenAccess/Cap/CapDetail.aspx?Module=Building&TabName=Building&capID1=REC26&capID2=00000&capID3=00UNW&agencyCode=OSCEOLA&IsToShowInspection=
A26-006555,292530504100010370,osceola_accela,Osceola County,open,,10,DRS OF CENTRAL FLORIDA INC. 6107 ANNO AVE,4072401225,CCC057239,,"2712 PORTCHESTER CT, KISSIMMEE FL 34744",34744,,,https://permits.osceola.org/CitizenAccess/Cap/CapDetail.aspx?Module=Building&TabName=Building&capID1=REC26&capID2=00000&capID3=00UP2&agencyCode=OSCEOLA&IsToShowInspection=
A26-006557,352527484600010380,osceola_accela,Osceola County,open,,10,"COVENANT ROOFING & CONSTRUCTION, INC",,CCC1332763,,"1220 MOLONA ST, KISSIMMEE FL 34747",34747,,,https://permits.osceola.org/CitizenAccess/Cap/CapDetail.aspx?Module=Building&TabName=Building&capID1=REC26&capID2=00000&capID3=00UQM&agencyCode=OSCEOLA&IsToShowInspection=
A26-006560,132528353100010010,osceola_accela,Osceola County,open,,10,FIDDLERS QUALITY ROOFING,,CCC1333004,,"2198 FOUR WINDS BLVD, KISSIMMEE FL 34746 United States",34746,,,https://permits.osceola.org/CitizenAccess/Cap/CapDetail.aspx?Module=Building&TabName=Building&capID1=REC26&capID2=00000&capID3=00UR3&agencyCode=OSCEOLA&IsToShowInspection=
A26-006569,122628291700011130,osceola_accela,Osceola County,open,,10,EQUITY PREMIUM ROOFING,,CCC1336619,,"4399 SPRING BLOSSOM DR, KISSIMMEE FL 34746",34746,,,https://permits.osceola.org/CitizenAccess/Cap/CapDetail.aspx?Module=Building&TabName=Building&capID1=REC26&capID2=00000&capID3=00USF&agencyCode=OSCEOLA&IsToShowInspection=
A26-006575,032528348300012380,osceola_accela,Osceola County,open,,10,ROOFING EXTERIOR INNOVATIONS,4077120584,CCC1334857,,"5255 FLYING EAGLE LN, KISSIMMEE FL 34746",34746,,,https://permits.osceola.org/CitizenAccess/Cap/CapDetail.aspx?Module=Building&TabName=Building&capID1=REC26&capID2=00000&capID3=00USP&agencyCode=OSCEOLA&IsToShowInspection=
A26-006579,262531437000010250,osceola_accela,Osceola County,open,,8,JUAN SERVICES & ROOFING INC,,CCC1334923,,"6360 BENNETT CT, SAINT CLOUD FL 34771",34771,,,https://permits.osceola.org/CitizenAccess/Cap/CapDetail.aspx?Module=Building&TabName=Building&capID1=REC26&capID2=00000&capID3=00UTN&agencyCode=OSCEOLA&IsToShowInspection=
A26-006592,042728580200010A10,osceola_accela,Osceola County,open,,7,GWR CENTRAL LLC DBA GULF WESTERN ROOFING,4079306726,CCC1331935,,"5700 EVEN ST THOMAS WY, KISSIMMEE FL 34758",34758,,,https://permits.osceola.org/CitizenAccess/Cap/CapDetail.aspx?Module=Building&TabName=Building&capID1=REC26&capID2=00000&capID3=00UX0&agencyCode=OSCEOLA&IsToShowInspection=
A26-006597,18262926220001035B,osceola_accela,Osceola County,open,,7,PELLOT CONSTRUCTION SERVICES INC.,,CCC1335969,,"2405 KARBA WY, KISSIMMEE FL 34746",34746,,,https://permits.osceola.org/CitizenAccess/Cap/CapDetail.aspx?Module=Building&TabName=Building&capID1=REC26&capID2=00000&capID3=00UXD&agencyCode=OSCEOLA&IsToShowInspection=
A26-006601,062629454200010400,osceola_accela,Osceola County,open,,7,APC ROOFING,,CCC1337030,,"4140 EAST VISTA CT, KISSIMMEE FL 34746",34746,,,https://permits.osceola.org/CitizenAccess/Cap/CapDetail.aspx?Module=Building&TabName=Building&capID1=REC26&capID2=00000&capID3=00UXX&agencyCode=OSCEOLA&IsToShowInspection=
A26-006616,0226282810000C0040,osceola_accela,Osceola County,open,,7,OWNER/BUILDER OWNER/BUILDER,,,,"1668 JUDITH DR, KISSIMMEE FL 34758",34758,,,https://permits.osceola.org/CitizenAccess/Cap/CapDetail.aspx?Module=Building&TabName=Building&capID1=REC26&capID2=00000&capID3=00UZN&agencyCode=OSCEOLA&IsToShowInspection=
A26-006630,252628613820920010,osceola_accela,Osceola County,open,,6,ROOFING PROS USA LLC,,CCC1337239,,"441 MARTIGUES DR, KISSIMMEE FL 34759",34759,,,https://permits.osceola.org/CitizenAccess/Cap/CapDetail.aspx?Module=Building&TabName=Building&capID1=REC26&capID2=00000&capID3=00V0L&agencyCode=OSCEOLA&IsToShowInspection=
A26-006634,252628340300010100,osceola_accela,Osceola County,open,,6,CREATIVE ROOFING CORP,4072529641,CCC1327601,,"3322 SUMMERDALE, KISSIMMEE FL 34746",34746,,,https://permits.osceola.org/CitizenAccess/Cap/CapDetail.aspx?Module=Building&TabName=Building&capID1=REC26&capID2=00000&capID3=00V1D&agencyCode=OSCEOLA&IsToShowInspection=
A26-006637,072530268501260320,osceola_accela,Osceola County,open,,6,WINDMAR HOME FL INC,,CCC1334496,,"82 ALDERWOOD DR, KISSIMMEE FL 34743",34743,,,https://permits.osceola.org/CitizenAccess/Cap/CapDetail.aspx?Module=Building&TabName=Building&capID1=REC26&capID2=00000&capID3=00V1P&agencyCode=OSCEOLA&IsToShowInspection=
A26-006645,222527354600014260,osceola_accela,Osceola County,open,,6,"SOUTHEASTERN ROOFING AND CONSTRUCTION LLC KAPPAZ, EDWARD JR",8135130001,CCC1330252,,"7704 SIMON RIDGE CT, KISSIMMEE FL 34747",34747,,,https://permits.osceola.org/CitizenAccess/Cap/CapDetail.aspx?Module=Building&TabName=Building&capID1=REC26&capID2=00000&capID3=00V2K&agencyCode=OSCEOLA&IsToShowInspection=
A26-006646,252628611614310180,osceola_accela,Osceola County,open,,6,"WOODSTONE, LLC DBA WOODSTONE ROOFING",,CCC1332004,,"315 COLONY CT, KISSIMMEE FL 34758",34758,,,https://permits.osceola.org/CitizenAccess/Cap/CapDetail.aspx?Module=Building&TabName=Building&capID1=REC26&capID2=00000&capID3=00V2R&agencyCode=OSCEOLA&IsToShowInspection=
A26-006648,102528000000600000,osceola_accela,Osceola County,open,,6,ARES EXTERIORS,,CCC1335920,,"3 SCOTT BLVD, KISSIMMEE FL 34746",34746,,,https://permits.osceola.org/CitizenAccess/Cap/CapDetail.aspx?Module=Building&TabName=Building&capID1=REC26&capID2=00000&capID3=00V2W&agencyCode=OSCEOLA&IsToShowInspection=
A26-006652,2925304210000B0070,osceola_accela,Osceola County,open,,6,OWNER/BUILDER N/A,,,,"1217 PECAN ST, KISSIMMEE FL 34744",34744,,,https://permits.osceola.org/CitizenAccess/Cap/CapDetail.aspx?Module=Building&TabName=Building&capID1=REC26&capID2=00000&capID3=00V3K&agencyCode=OSCEOLA&IsToShowInspection=
A26-006656,022631396600010010,osceola_accela,Osceola County,open,,5,DON SCHMIDT CONTRACTING & ROOFING INC,4078929884,CCC042852,,"6100 BASS HWY, SAINT CLOUD FL 34771",34771,,,https://permits.osceola.org/CitizenAccess/Cap/CapDetail.aspx?Module=Building&TabName=Building&capID1=REC26&capID2=00000&capID3=00V4G&agencyCode=OSCEOLA&IsToShowInspection=
A26-006657,022629330500011000,osceola_accela,Osceola County,open,,5,DON SCHMIDT CONTRACTING & ROOFING INC,4078929884,CCC042852,,"1471 SHADY OAK DR, KISSIMMEE FL 34744",34744,,,https://permits.osceola.org/CitizenAccess/Cap/CapDetail.aspx?Module=Building&TabName=Building&capID1=REC26&capID2=00000&capID3=00V4H&agencyCode=OSCEOLA&IsToShowInspection=
A26-006658,30263229890001171G,osceola_accela,Osceola County,open,,5,DON SCHMIDT CONTRACTING & ROOFING INC,4078929884,CCC042852,,"3430 SCHOOLHOUSE RD, SAINT CLOUD FL 34773",34773,,,https://permits.osceola.org/CitizenAccess/Cap/CapDetail.aspx?Module=Building&TabName=Building&capID1=REC26&capID2=00000&capID3=00V4I&agencyCode=OSCEOLA&IsToShowInspection=
A26-006659,1226282635000B0090,osceola_accela,Osceola County,open,,5,"ERIE CONSTRUCTION MID-WEST, LLC",,CCC1336152,,"204 DANA CT, KISSIMMEE FL 34758",34758,,,https://permits.osceola.org/CitizenAccess/Cap/CapDetail.aspx?Module=Building&TabName=Building&capID1=REC26&capID2=00000&capID3=00V4P&agencyCode=OSCEOLA&IsToShowInspection=
A26-006661,212631495000010575,osceola_accela,Osceola County,open,,5,STORY ROOFING LLC,4073489342,CCC057111,,"5330 ALLIGATOR LAKE RD, SAINT CLOUD FL 34772",34772,,,https://permits.osceola.org/CitizenAccess/Cap/CapDetail.aspx?Module=Building&TabName=Building&capID1=REC26&capID2=00000&capID3=00V4Z&agencyCode=OSCEOLA&IsToShowInspection=
A26-006662,102628294800011980,osceola_accela,Osceola County,open,,5,"WOODSTONE, LLC DBA WOODSTONE ROOFING",,CCC1332004,,"5630 SYCAMORE CANYON DR, KISSIMMEE FL 34758",34758,,,https://permits.osceola.org/CitizenAccess/Cap/CapDetail.aspx?Module=Building&TabName=Building&capID1=REC26&capID2=00000&capID3=00V51&agencyCode=OSCEOLA&IsToShowInspection=
A26-006664,032530420500010040,osceola_accela,Osceola County,open,,5,CREW PRO ROOFING INC,3213328980,CCC1332173,,"3331 MORNINGSIDE DR, KISSIMMEE FL 34744",34744,,,https://permits.osceola.org/CitizenAccess/Cap/CapDetail.aspx?Module=Building&TabName=Building&capID1=REC26&capID2=00000&capID3=00V5A&agencyCode=OSCEOLA&IsToShowInspection=
A26-006666,202530484700011820,osceola_accela,Osceola County,open,,5,NATIONS ROOFING AND CONSTRUCTION,3612295568,CCC1332995,,"2413 RUDDENSTONE WY, KISSIMMEE FL 34744",34744,,,https://permits.osceola.org/CitizenAccess/Cap/CapDetail.aspx?Module=Building&TabName=Building&capID1=REC26&capID2=00000&capID3=00V5H&agencyCode=OSCEOLA&IsToShowInspection=
A26-006667,072530268601280070,osceola_accela,Osceola County,open,,5,"SUNRISE ROOFING SERVICES INC FLORES, MARIA",4075423609,CCC1330724,,"179 E EAST CEDARWOOD CIR, KISSIMMEE FL 34743",34743,,,https://permits.osceola.org/CitizenAccess/Cap/CapDetail.aspx?Module=Building&TabName=Building&capID1=REC26&capID2=00000&capID3=00V5I&agencyCode=OSCEOLA&IsToShowInspection=
A26-006669,122728522200010970,osceola_accela,Osceola County,open,,5,NOLANDS ROOFING,3522424322,CCC1335461,,"412 MARLBERRY LEAF AVE, KISSIMMEE FL 34758",34758,,,https://permits.osceola.org/CitizenAccess/Cap/CapDetail.aspx?Module=Building&TabName=Building&capID1=REC26&capID2=00000&capID3=00V5N&agencyCode=OSCEOLA&IsToShowInspection=
A26-006671,052527395700013110,osceola_accela,Osceola County,open,,5,RJ BOLD ROOFING LLC,9177434818,CCC1336626,,"2916 DICKENS CIR, KISSIMMEE FL 34747",34747,,,https://permits.osceola.org/CitizenAccess/Cap/CapDetail.aspx?Module=Building&TabName=Building&capID1=REC26&capID2=00000&capID3=00V5S&agencyCode=OSCEOLA&IsToShowInspection=
A26-006676,062530290803030050,osceola_accela,Osceola County,open,,5,"MBO ROOFING, INC",4074194814,CCC1334760,,"236 BAY HEAD DR, KISSIMMEE FL 34743",34743,,,https://permits.osceola.org/CitizenAccess/Cap/CapDetail.aspx?Module=Building&TabName=Building&capID1=REC26&capID2=00000&capID3=00V6F&agencyCode=OSCEOLA&IsToShowInspection=
A26-006691,252628613820620060,osceola_accela,Osceola County,open,,5,"TAYLOR'S ROOFING, LLC",,CCC1329989,,"812 ABBEVILLE CT, KISSIMMEE FL 34759",34759,,,https://permits.osceola.org/CitizenAccess/Cap/CapDetail.aspx?Module=Building&TabName=Building&capID1=REC26&capID2=00000&capID3=00V7I&agencyCode=OSCEOLA&IsToShowInspection=
A26-006693,242628333200013400,osceola_accela,Osceola County,open,,5,"AMERISTAR ROOFING, LLC",9175769192,CCC056684,,"4770 ROCKVALE DR, KISSIMMEE FL 34758",34758,,,https://permits.osceola.org/CitizenAccess/Cap/CapDetail.aspx?Module=Building&TabName=Building&capID1=REC26&capID2=00000&capID3=00V7U&agencyCode=OSCEOLA&IsToShowInspection=
A26-006695,052531332600010540,osceola_accela,Osceola County,open,,4,JANNEY ROOFING LLC,,CCC1335906,,"5241 HAMMOCK POINTE CT, SAINT CLOUD FL 34771",34771,,,https://permits.osceola.org/CitizenAccess/Cap/CapDetail.aspx?Module=Building&TabName=Building&capID1=REC26&capID2=00000&capID3=00V8M&agencyCode=OSCEOLA&IsToShowInspection=
A26-006696,252628351800010970,osceola_accela,Osceola County,open,,4,A&G ROOFING LLC,4075721830,CCC1337822,,"3506 YACHT CLUB CT, KISSIMMEE FL 34746",34746,,,https://permits.osceola.org/CitizenAccess/Cap/CapDetail.aspx?Module=Building&TabName=Building&capID1=REC26&capID2=00000&capID3=00V8Q&agencyCode=OSCEOLA&IsToShowInspection=
A26-006697,18262926530001010H,osceola_accela,Osceola County,open,,4,"TAYLOR'S ROOFING, LLC",,CCC1329989,,"2746 PATRICIAN CIR, KISSIMMEE FL 34746",34746,28.217889232354224,-81.45477810268197,https://permits.osceola.org/CitizenAccess/Cap/CapDetail.aspx?Module=Building&TabName=Building&capID1=REC26&capID2=00000&capID3=00V8W&agencyCode=OSCEOLA&IsToShowInspection=
A26-006701,352527483800012490,osceola_accela,Osceola County,open,,4,"ALL ROOFING AND CONSTRUCTION COMPANY, INC",,CCC1331609,,"7555 EXCITEMENT DR, KISSIMMEE FL 34747",34747,,,https://permits.osceola.org/CitizenAccess/Cap/CapDetail.aspx?Module=Building&TabName=Building&capID1=REC26&capID2=00000&capID3=00V9Y&agencyCode=OSCEOLA&IsToShowInspection=
A26-006705,072530268401210060,osceola_accela,Osceola County,open,,4,JANNEY ROOFING LLC,,CCC1335906,,"156 ZACALO WY, KISSIMMEE FL 34743",34743,,,https://permits.osceola.org/CitizenAccess/Cap/CapDetail.aspx?Module=Building&TabName=Building&capID1=REC26&capID2=00000&capID3=00VAA&agencyCode=OSCEOLA&IsToShowInspection=
A26-006708,222527354600014660,osceola_accela,Osceola County,open,,4,FIVE STAR ROOFING & CONSTRUCTION INC,8134170195,CCC1325739,,"1016 LESTER RIDGE CT, KISSIMMEE FL 34747",34747,,,https://permits.osceola.org/CitizenAccess/Cap/CapDetail.aspx?Module=Building&TabName=Building&capID1=REC26&capID2=00000&capID3=00VAR&agencyCode=OSCEOLA&IsToShowInspection=
A26-006709,072528279300010920,osceola_accela,Osceola County,open,,4,GREENWAY ROOFING OF FLORIDA INDIVIUAL,4072303858,CCC1331395,,"915 WESTPARK DR, KISSIMMEE FL 34747",34747,,,https://permits.osceola.org/CitizenAccess/Cap/CapDetail.aspx?Module=Building&TabName=Building&capID1=REC26&capID2=00000&capID3=00VAV&agencyCode=OSCEOLA&IsToShowInspection=
A26-006710,252628613821270090,osceola_accela,Osceola County,open,,4,EXPERT CONSTRUCTION SERVICES CORP 901 W DONEGAN AVE,3052445497,CCC1329848,,"912 CANNES DR, KISSIMMEE FL 34759",34759,,,https://permits.osceola.org/CitizenAccess/Cap/CapDetail.aspx?Module=Building&TabName=Building&capID1=REC26&capID2=00000&capID3=00VB1&agencyCode=OSCEOLA&IsToShowInspection=
A26-006718,032628288000030010,osceola_accela,Osceola County,open,,4,R.I.G. CONSTRUCTION & ROOFING,8635573363,CCC1329175,,"5557 WILE AVE, INTERCESSION CITY FL 33848",33848,,,https://permits.osceola.org/CitizenAccess/Cap/CapDetail.aspx?Module=Building&TabName=Building&capID1=REC26&capID2=00000&capID3=00VC5&agencyCode=OSCEOLA&IsToShowInspection=
A26-006722,052527473300010010,osceola_accela,Osceola County,open,,4,AMERICA ROOFING,,CCC1325760,,"3299 DOVE ST, KISSIMMEE FL 34747",34747,,,https://permits.osceola.org/CitizenAccess/Cap/CapDetail.aspx?Module=Building&TabName=Building&capID1=REC26&capID2=00000&capID3=00VCJ&agencyCode=OSCEOLA&IsToShowInspection=
A26-006723,052527473300010010,osceola_accela,Osceola County,open,,4,AMERICA ROOFING,,CCC1325760,,"3256 CANDLER WY, KISSIMMEE FL 34747",34747,,,https://permits.osceola.org/CitizenAccess/Cap/CapDetail.aspx?Module=Building&TabName=Building&capID1=REC26&capID2=00000&capID3=00VCM&agencyCode=OSCEOLA&IsToShowInspection=
A26-006724,052527473300010010,osceola_accela,Osceola County,open,,4,AMERICA ROOFING,,CCC1325760,,"32821 DOVE ST, KISSIMMEE FL 34747 United States",34747,,,https://permits.osceola.org/CitizenAccess/Cap/CapDetail.aspx?Module=Building&TabName=Building&capID1=REC26&capID2=00000&capID3=00VCO&agencyCode=OSCEOLA&IsToShowInspection=
A26-006725,052527473300010010,osceola_accela,Osceola County,open,,4,AMERICA ROOFING,,CCC1325760,,"3200 Even Dove Street ST, Kissimmee FL 34747 United States",34747,,,https://permits.osceola.org/CitizenAccess/Cap/CapDetail.aspx?Module=Building&TabName=Building&capID1=REC26&capID2=00000&capID3=00VCP&agencyCode=OSCEOLA&IsToShowInspection=
A26-006726,052527473300010010,osceola_accela,Osceola County,open,,4,AMERICA ROOFING,,CCC1325760,,"3280 DOVE ST, KISSIMMEE FL 34747 United States",34747,,,https://permits.osceola.org/CitizenAccess/Cap/CapDetail.aspx?Module=Building&TabName=Building&capID1=REC26&capID2=00000&capID3=00VCT&agencyCode=OSCEOLA&IsToShowInspection=
A26-006729,052527473300010010,osceola_accela,Osceola County,open,,4,AMERICA ROOFING,,CCC1325760,,"3275 DOVE ST, Bldg 1, KISSIMMEE FL 34747",34747,,,https://permits.osceola.org/CitizenAccess/Cap/CapDetail.aspx?Module=Building&TabName=Building&capID1=REC26&capID2=00000&capID3=00VD3&agencyCode=OSCEOLA&IsToShowInspection=
A26-006730,052527473300010010,osceola_accela,Osceola County,open,,4,AMERICA ROOFING,,CCC1325760,,"3270 DOVE ST, Bldg 2, KISSIMMEE FL 34747",34747,,,https://permits.osceola.org/CitizenAccess/Cap/CapDetail.aspx?Module=Building&TabName=Building&capID1=REC26&capID2=00000&capID3=00VD4&agencyCode=OSCEOLA&IsToShowInspection=
A26-006731,052527473300010010,osceola_accela,Osceola County,open,,4,AMERICA ROOFING,,CCC1325760,,"3290 DOVE ST, Bldg 3, KISSIMMEE FL 34747",34747,,,https://permits.osceola.org/CitizenAccess/Cap/CapDetail.aspx?Module=Building&TabName=Building&capID1=REC26&capID2=00000&capID3=00VD6&agencyCode=OSCEOLA&IsToShowInspection=
A26-006732,052527473300010010,osceola_accela,Osceola County,open,,4,AMERICA ROOFING,,CCC1325760,,"3265 CANDLER WY, Bldg 4, KISSIMMEE FL 34747",34747,,,https://permits.osceola.org/CitizenAccess/Cap/CapDetail.aspx?Module=Building&TabName=Building&capID1=REC26&capID2=00000&capID3=00VD8&agencyCode=OSCEOLA&IsToShowInspection=
A26-006733,052527473300010010,osceola_accela,Osceola County,open,,4,AMERICA ROOFING,,CCC1325760,,"3255 CANDLER WY, Bldg 5, KISSIMMEE FL 34747",34747,,,https://permits.osceola.org/CitizenAccess/Cap/CapDetail.aspx?Module=Building&TabName=Building&capID1=REC26&capID2=00000&capID3=00VDA&agencyCode=OSCEOLA&IsToShowInspection=
A26-006735,052527473300010010,osceola_accela,Osceola County,open,,4,AMERICA ROOFING,,CCC1325760,,"3245 CANDLER WY, Bldg 6, KISSIMMEE FL 34747",34747,,,https://permits.osceola.org/CitizenAccess/Cap/CapDetail.aspx?Module=Building&TabName=Building&capID1=REC26&capID2=00000&capID3=00VDC&agencyCode=OSCEOLA&IsToShowInspection=
A26-006753,072528279300010920,osceola_accela,Osceola County,open,,4,GREENWAY ROOFING OF FLORIDA INDIVIUAL,4072303858,CCC1331395,,"915 WESTPARK DR, garage, KISSIMMEE FL 34747",34747,,,https://permits.osceola.org/CitizenAccess/Cap/CapDetail.aspx?Module=Building&TabName=Building&capID1=REC26&capID2=00000&capID3=00VGF&agencyCode=OSCEOLA&IsToShowInspection=
A26-006787,052531332600010540,osceola_accela,Osceola County,open,,4,JANNEY ROOFING LLC,,CCC1335906,,"5241 HAMMOCK POINTE CT, SAINT CLOUD FL 34771",34771,,,https://permits.osceola.org/CitizenAccess/Cap/CapDetail.aspx?Module=Building&TabName=Building&capID1=REC26&capID2=00000&capID3=00VNV&agencyCode=OSCEOLA&IsToShowInspection=
A26-006740,082530469100210390,osceola_accela,Osceola County,open,,3,EXPERT CONSTRUCTION SERVICES CORP 901 W DONEGAN AVE,3052445497,CCC1329848,,"2584 BRUNSWICK CT, KISSIMMEE FL 34743",34743,,,https://permits.osceola.org/CitizenAccess/Cap/CapDetail.aspx?Module=Building&TabName=Building&capID1=REC26&capID2=00000&capID3=00VEG&agencyCode=OSCEOLA&IsToShowInspection=
A26-006743,052527395500011390,osceola_accela,Osceola County,open,,3,"BUDGET ROOFING SERVICES, INC.",,CCC1328257,,"3024 BRANSBURY CT, KISSIMMEE FL 34747",34747,,,https://permits.osceola.org/CitizenAccess/Cap/CapDetail.aspx?Module=Building&TabName=Building&capID1=REC26&capID2=00000&capID3=00VEQ&agencyCode=OSCEOLA&IsToShowInspection=
A26-006749,142628308400010150,osceola_accela,Osceola County,open,,3,MERRITT ROOFING INC,,CCC1326689,,"2898 MOONSTONE, KISSIMMEE FL 34758 United States",34758,,,https://permits.osceola.org/CitizenAccess/Cap/CapDetail.aspx?Module=Building&TabName=Building&capID1=REC26&capID2=00000&capID3=00VG5&agencyCode=OSCEOLA&IsToShowInspection=
A26-006752,242528253700011610,osceola_accela,Osceola County,open,,3,MY AMELIA INC DBA INSPECTED.COM,,,,"4721 BLUE DIAMOND ST, KISSIMMEE FL 34746",34746,,,https://permits.osceola.org/CitizenAccess/Cap/CapDetail.aspx?Module=Building&TabName=Building&capID1=REC26&capID2=00000&capID3=00VGD&agencyCode=OSCEOLA&IsToShowInspection=
A26-006757,072530267701040150,osceola_accela,Osceola County,open,,3,SL CONSTRUCTION,4079201540,CCC1332559,,"136 PUELBA LN, KISSIMMEE FL 34743",34743,,,https://permits.osceola.org/CitizenAccess/Cap/CapDetail.aspx?Module=Building&TabName=Building&capID1=REC26&capID2=00000&capID3=00VGT&agencyCode=OSCEOLA&IsToShowInspection=
A26-006759,022628354100010080,osceola_accela,Osceola County,open,,3,AMERICA ROOFING,,CCC1325760,,"1672 SUNDEW ST, KISSIMMEE FL 34758 United States",34758,,,https://permits.osceola.org/CitizenAccess/Cap/CapDetail.aspx?Module=Building&TabName=Building&capID1=REC26&capID2=00000&capID3=00VGW&agencyCode=OSCEOLA&IsToShowInspection=
A26-006760,02262847060001FD01,osceola_accela,Osceola County,open,,3,PALMSHIELD ROOFING AND GUTTERS LLC,3529015405,CCC1337853,,"5092 OLD TAMPA HWY, Bldg 1, KISSIMMEE FL 34758 United States",34758,28.257445169029868,-81.48422361540231,https://permits.osceola.org/CitizenAccess/Cap/CapDetail.aspx?Module=Building&TabName=Building&capID1=REC26&capID2=00000&capID3=00VGX&agencyCode=OSCEOLA&IsToShowInspection=
A26-006761,02262847060001FD01,osceola_accela,Osceola County,open,,3,PALMSHIELD ROOFING AND GUTTERS LLC,3529015405,CCC1337853,,"5080 OLD TAMPA HWY, Bldg 3, KISSIMMEE FL 34758 United States",34758,28.257445169029868,-81.48422361540231,https://permits.osceola.org/CitizenAccess/Cap/CapDetail.aspx?Module=Building&TabName=Building&capID1=REC26&capID2=00000&capID3=00VH0&agencyCode=OSCEOLA&IsToShowInspection=
A26-006762,02262847060001FD01,osceola_accela,Osceola County,open,,3,PALMSHIELD ROOFING AND GUTTERS LLC,3529015405,CCC1337853,,"5034 OLD TAMPA HWY, Bldg 6, KISSIMMEE FL 34758 United States",34758,28.257445169029868,-81.48422361540231,https://permits.osceola.org/CitizenAccess/Cap/CapDetail.aspx?Module=Building&TabName=Building&capID1=REC26&capID2=00000&capID3=00VHC&agencyCode=OSCEOLA&IsToShowInspection=
A26-006763,02262847060001FD01,osceola_accela,Osceola County,open,,3,PALMSHIELD ROOFING AND GUTTERS LLC,3529015405,CCC1337853,,"5028 OLD TAMPA HWY, Bldg 7, KISSIMMEE FL 34758 United States",34758,28.257445169029868,-81.48422361540231,https://permits.osceola.org/CitizenAccess/Cap/CapDetail.aspx?Module=Building&TabName=Building&capID1=REC26&capID2=00000&capID3=00VHG&agencyCode=OSCEOLA&IsToShowInspection=
A26-006764,02262847060001FD01,osceola_accela,Osceola County,open,,3,PALMSHIELD ROOFING AND GUTTERS LLC,3529015405,CCC1337853,,"5022 OLD TAMPA HWY, Bldg 8, KISSIMMEE FL 34758 United States",34758,28.257445169029868,-81.48422361540231,https://permits.osceola.org/CitizenAccess/Cap/CapDetail.aspx?Module=Building&TabName=Building&capID1=REC26&capID2=00000&capID3=00VHH&agencyCode=OSCEOLA&IsToShowInspection=
A26-006765,02262847060001FD01,osceola_accela,Osceola County,open,,3,PALMSHIELD ROOFING AND GUTTERS LLC,3529015405,CCC1337853,,"5016 OLD TAMPA HWY, Bldg 9, KISSIMMEE FL 34758 United States",34758,28.257445169029868,-81.48422361540231,https://permits.osceola.org/CitizenAccess/Cap/CapDetail.aspx?Module=Building&TabName=Building&capID1=REC26&capID2=00000&capID3=00VHJ&agencyCode=OSCEOLA&IsToShowInspection=
A26-006766,02262847060001FD01,osceola_accela,Osceola County,open,,3,PALMSHIELD ROOFING AND GUTTERS LLC,3529015405,CCC1337853,,"5010 OLD TAMPA HWY, Bldg 10, KISSIMMEE FL 34758 United States",34758,28.257445169029868,-81.48422361540231,https://permits.osceola.org/CitizenAccess/Cap/CapDetail.aspx?Module=Building&TabName=Building&capID1=REC26&capID2=00000&capID3=00VHK&agencyCode=OSCEOLA&IsToShowInspection=
A26-006770,242628287600012270,osceola_accela,Osceola County,open,,3,CHINEA'S DEVELOPERS CORP,4079906192,CCC1335107,,"4639 DORAL PARK AVE, KISSIMMEE FL 34758",34758,,,https://permits.osceola.org/CitizenAccess/Cap/CapDetail.aspx?Module=Building&TabName=Building&capID1=REC26&capID2=00000&capID3=00VJI&agencyCode=OSCEOLA&IsToShowInspection=
A26-006773,052629000000600000,osceola_accela,Osceola County,open,,3,GRASCO LLC,3212297360,CCC1330333,,"1800 PLEASANT HILL RD, KISSIMMEE FL 34746",34746,,,https://permits.osceola.org/CitizenAccess/Cap/CapDetail.aspx?Module=Building&TabName=Building&capID1=REC26&capID2=00000&capID3=00VJY&agencyCode=OSCEOLA&IsToShowInspection=
A26-006795,102528000000600000,osceola_accela,Osceola County,open,,3,RAY'S ROOFING OF CENTRAL FL,8639673170,CCC1325843,,"776 FOREST LN, KISSIMMEE FL 34746",34746,,,https://permits.osceola.org/CitizenAccess/Cap/CapDetail.aspx?Module=Building&TabName=Building&capID1=REC26&capID2=00000&capID3=00VOL&agencyCode=OSCEOLA&IsToShowInspection=
A26-006774,032530477200010060,osceola_accela,Osceola County,open,,2,FL SIGNATURE ROOFING CROUP LLC,5618709089,CCC1337806,,"2880 Lake Vista DR, Kissimmee FL United States",34744,,,https://permits.osceola.org/CitizenAccess/Cap/CapDetail.aspx?Module=Building&TabName=Building&capID1=REC26&capID2=00000&capID3=00VKP&agencyCode=OSCEOLA&IsToShowInspection=
A26-006786,172531301200011570,osceola_accela,Osceola County,open,,0,FALCONS ROOFING & CONSTRUCTION LLC,4075795393,CCC1334460,,"1910 PASSIFLORA LN, SAINT CLOUD FL 34771",34771,,,https://permits.osceola.org/CitizenAccess/Cap/CapDetail.aspx?Module=Building&TabName=Building&capID1=REC26&capID2=00000&capID3=00VN7&agencyCode=OSCEOLA&IsToShowInspection=
A26-006788,142628525200010410,osceola_accela,Osceola County,open,,0,J & M RESIDENTIAL SERVICES FLORIDA DIVISION LLC,3522678998,CCC1331951,,"4983 CASTLE ST, KISSIMMEE FL 34758",34758,,,https://permits.osceola.org/CitizenAccess/Cap/CapDetail.aspx?Module=Building&TabName=Building&capID1=REC26&capID2=00000&capID3=00VNY&agencyCode=OSCEOLA&IsToShowInspection=
A26-006792,072530267600150350,osceola_accela,Osceola County,open,,0,UNION CAPITAL ROOFING LLC,4079626201,CCC1334485,,"237 CITRUS DR, KISSIMMEE FL 34743",34743,,,https://permits.osceola.org/CitizenAccess/Cap/CapDetail.aspx?Module=Building&TabName=Building&capID1=REC26&capID2=00000&capID3=00VOE&agencyCode=OSCEOLA&IsToShowInspection=
A26-006796,0725302675000H0040,osceola_accela,Osceola County,open,,0,OWNER/BUILDER OWNER/BUILDER,,,,"274 HART LN, KISSIMMEE FL 34743",34743,,,https://permits.osceola.org/CitizenAccess/Cap/CapDetail.aspx?Module=Building&TabName=Building&capID1=REC26&capID2=00000&capID3=00VOP&agencyCode=OSCEOLA&IsToShowInspection=
A26-006798,072530272902440510,osceola_accela,Osceola County,open,,0,SKY LIGHT ROOFING INC,3219460876,CCC1332541,,"178 SEABREEZE CIR, KISSIMMEE FL 34743",34743,,,https://permits.osceola.org/CitizenAccess/Cap/CapDetail.aspx?Module=Building&TabName=Building&capID1=REC26&capID2=00000&capID3=00VOU&agencyCode=OSCEOLA&IsToShowInspection=
A26-006801,312631513000BB0070,osceola_accela,Osceola County,open,,0,"COAST TO COAST CONSTRUCTION, LLC",,CCC1337045,,"4799 MEADOW DR, SAINT CLOUD FL 34772",34772,,,https://permits.osceola.org/CitizenAccess/Cap/CapDetail.aspx?Module=Building&TabName=Building&capID1=REC26&capID2=00000&capID3=00VP1&agencyCode=OSCEOLA&IsToShowInspection=
A22-006857,302530497000010040,osceola_appraiser,Osceola County,open,,,,,,,1099 CROSS PRAIRIE PKWY,34744,,,https://www.property-appraiser.org/data/
A23-000663,102528000000150000,osceola_appraiser,Osceola County,open,,,,,,,5400 CAMELOT COUNTRY WAY,34746,,,https://www.property-appraiser.org/data/
A24-005886,312527569800424202,osceola_appraiser,Osceola County,open,,,,,,,9066 AZALEA SANDS LN,33896,,,https://www.property-appraiser.org/data/
A24-005887,312527565700011020,osceola_appraiser,Osceola County,open,,,,,,,9058 AZALEA SANDS LN,33896,,,https://www.property-appraiser.org/data/
A24-005888,312527569600414102,osceola_appraiser,Osceola County,open,,,,,,,9050 AZALEA SANDS LN,33896,,,https://www.property-appraiser.org/data/
A24-005890,312527569500404002,osceola_appraiser,Osceola County,open,,,,,,,9042 AZALEA SANDS LN,33896,,,https://www.property-appraiser.org/data/
A24-005892,312527569400393902,osceola_appraiser,Osceola County,open,,,,,,,9034 AZALEA SANDS LN,33896,,,https://www.property-appraiser.org/data/
A24-005897,312527569300383802,osceola_appraiser,Osceola County,open,,,,,,,9026 AZALEA SANDS LN,33896,,,https://www.property-appraiser.org/data/
A24-005898,312527569200373702,osceola_appraiser,Osceola County,open,,,,,,,9018 AZALEA SANDS LN,33896,,,https://www.property-appraiser.org/data/
A24-005900,312527569000343402,osceola_appraiser,Osceola County,open,,,,,,,9010 AZALEA SANDS LN,33896,,,https://www.property-appraiser.org/data/
A24-005901,312527568900333302,osceola_appraiser,Osceola County,open,,,,,,,9002 AZALEA SANDS LN,33896,,,https://www.property-appraiser.org/data/
A24-005902,312527568600303002,osceola_appraiser,Osceola County,open,,,,,,,8994 AZALEA SANDS LN,33896,,,https://www.property-appraiser.org/data/
A24-005904,312527568500292902,osceola_appraiser,Osceola County,open,,,,,,,8986 AZALEA SANDS LN,33896,,,https://www.property-appraiser.org/data/
A24-005906,312527568200262602,osceola_appraiser,Osceola County,open,,,,,,,8978 AZALEA SANDS LN,33896,,,https://www.property-appraiser.org/data/
A24-005907,312527567900232302,osceola_appraiser,Osceola County,open,,,,,,,8970 AZALEA SANDS LN,33896,,,https://www.property-appraiser.org/data/
A24-005908,312527567600202002,osceola_appraiser,Osceola County,open,,,,,,,8962 AZALEA SANDS LN,33896,,,https://www.property-appraiser.org/data/
A24-005909,312527567400181802,osceola_appraiser,Osceola County,open,,,,,,,8954 AZALEA SANDS LN,33896,,,https://www.property-appraiser.org/data/
A24-005910,312527567200161602,osceola_appraiser,Osceola County,open,,,,,,,8946 AZALEA SANDS LN,33896,,,https://www.property-appraiser.org/data/
A24-005911,312527567000141402,osceola_appraiser,Osceola County,open,,,,,,,8938 AZALEA SANDS LN,33896,,,https://www.property-appraiser.org/data/
A24-005912,312527566800121202,osceola_appraiser,Osceola County,open,,,,,,,8930 AZALEA SANDS LN,33896,,,https://www.property-appraiser.org/data/
A24-005913,312527566600101002,osceola_appraiser,Osceola County,open,,,,,,,8922 AZALEA SANDS LN,33896,,,https://www.property-appraiser.org/data/
A24-005914,312527566300077020,osceola_appraiser,Osceola County,open,,,,,,,8914 AZALEA SANDS LN,33896,,,https://www.property-appraiser.org/data/
A24-005980,312527566000044020,osceola_appraiser,Osceola County,open,,,,,,,8906 AZALEA SANDS LN,33896,,,https://www.property-appraiser.org/data/
A24-005981,312527566900131301,osceola_appraiser,Osceola County,open,,,,,,,8947 AZALEA SANDS LN,33896,,,https://www.property-appraiser.org/data/
A24-005982,312527566500099010,osceola_appraiser,Osceola County,open,,,,,,,8939 AZALEA SANDS LN,33896,,,https://www.property-appraiser.org/data/
A24-005983,312527566200066010,osceola_appraiser,Osceola County,open,,,,,,,8931 AZALEA SANDS LN,33896,,,https://www.property-appraiser.org/data/
A24-005984,312527565900033010,osceola_appraiser,Osceola County,open,,,,,,,8923 AZALEA SANDS LN,33896,,,https://www.property-appraiser.org/data/
A24-005985,312527566100055020,osceola_appraiser,Osceola County,open,,,,,,,1263 LONG COVE LOOP,33896,,,https://www.property-appraiser.org/data/
A24-005986,312527566400088020,osceola_appraiser,Osceola County,open,,,,,,,1255 LONG COVE LOOP,33896,,,https://www.property-appraiser.org/data/
A25-000789,3026322613TRAC0WC0,osceola_appraiser,Osceola County,open,,,,,,,3500 HARMONY SQUARE DR W,34773,,,https://www.property-appraiser.org/data/
A25-001465,17263152610001OS01,osceola_appraiser,Osceola County,open,,,,,,,4921 TWIN LAKES BLVD,34772,,,https://www.property-appraiser.org/data/
A25-007826,012628000003100000,osceola_appraiser,Osceola County,open,,,,,,,1699 DOLORES DR,34746,,,https://www.property-appraiser.org/data/
BC-23-0313,19252900U000120000,osceola_appraiser,City of Kissimmee,open,,,,,,,1101 N HOAGLAND BLVD,34741,,,https://www.property-appraiser.org/data/
BC-23-0534,212529187400010010,osceola_appraiser,City of Kissimmee,open,,,,,,,700 W OAK ST,34741,,,https://www.property-appraiser.org/data/
BC-24-0181,0825302015000100A0,osceola_appraiser,City of Kissimmee,open,,,,,,,2591 SIMPSON RD,34744,,,https://www.property-appraiser.org/data/
BC-24-0185,222529217000190030,osceola_appraiser,City of Kissimmee,open,,,,,,,112 BROADWAY,34741,,,https://www.property-appraiser.org/data/
BC-24-0241,172529125900010020,osceola_appraiser,City of Kissimmee,open,,,,,,,2161 W COLUMBIA AVE,34741,,,https://www.property-appraiser.org/data/
BC-24-0334,2825291577000G0012,osceola_appraiser,City of Kissimmee,open,,,,,,,1200 S JOHN YOUNG PKWY,34741,,,https://www.property-appraiser.org/data/
BC-25-0041,222529217000110060,osceola_appraiser,City of Kissimmee,open,,,,,,,109 BROADWAY,34741,,,https://www.property-appraiser.org/data/
BC-25-0204,222529156900010010,osceola_appraiser,City of Kissimmee,open,,,,,,,1019 N MAIN ST,34741,,,https://www.property-appraiser.org/data/
BC-25-0210,212529223100010010,osceola_appraiser,City of Kissimmee,open,,,,,,,711 N THACKER AVE,34741,,,https://www.property-appraiser.org/data/
P13-001364,012628302700010510,osceola_appraiser,Osceola County,open,,,,,,,4551 CALADIUM CT,34758,,,https://www.property-appraiser.org/data/
P21-010414,252628612015910030,osceola_appraiser,Osceola County,open,,,,,,,839 ALPINE,34758,,,https://www.property-appraiser.org/data/
