permit_number,parcel_identifier,source_system,issuing_agency,improvement_status,permit_issue_date,days_open,contractor_name,contractor_phone,contractor_license,bbb_rating,address_street,address_zip,latitude,longitude,source_url
99-36,16263000U000220000,osceola_appraiser,,open,1998-10-06,10198,,,,,4001 NOLTE RD,34772,28.22751833721168,-81.31345192667725,https://www.property-appraiser.org/data/
98-3642,15252900U000710000,osceola_appraiser,,open,1998-10-27,10177,,,,,333 W COLUMBIA AVE,34741,28.308869562482386,-81.40668146465394,https://www.property-appraiser.org/data/
97 2733,282529163000010680,osceola_appraiser,,open,1998-11-04,10169,,,,,1219 CLAY ST,34741,28.285607859419123,-81.41688917817189,https://www.property-appraiser.org/data/
98-4070,15252900U000710000,osceola_appraiser,,open,1998-12-07,10136,,,,,333 W COLUMBIA AVE,34741,28.308869562482386,-81.40668146465394,https://www.property-appraiser.org/data/
99-783,15252900U000710000,osceola_appraiser,,open,1999-04-07,10015,,,,,333 W COLUMBIA AVE,34741,28.308869562482386,-81.40668146465394,https://www.property-appraiser.org/data/
02-1962,012630000102580030,osceola_appraiser,,open,2002-06-05,8860,,,,,2501 13TH ST,34769,28.245628435898432,-81.29730846268443,https://www.property-appraiser.org/data/
03-1599,1626300757000100C0,osceola_appraiser,,open,2003-04-22,8539,,,,,3121 CRESTWOOD CIR,34769,28.2301372878995,-81.31467619007512,https://www.property-appraiser.org/data/
03-1710,012630000101640190,osceola_appraiser,,open,2003-04-30,8531,,,,,1007 FLORIDA AVE,34769,28.248549107741685,-81.2809169647,https://www.property-appraiser.org/data/
04-359,012630000102530030,osceola_appraiser,,open,2003-11-07,8340,,,,,2001 13TH ST,34769,28.245687634448963,-81.29171754172805,https://www.property-appraiser.org/data/
1531,1626300775000C0040,osceola_appraiser,,open,2004-03-26,8200,,,,,4406 TEKA LN,34772,28.226081430660308,-81.31814403245309,https://www.property-appraiser.org/data/
BP-0405667,152529149000010060,osceola_appraiser,,open,2004-11-12,7969,,,,,323 W CYPRESS ST,34741,28.305968951927746,-81.40737834190257,https://www.property-appraiser.org/data/
16-00003050,012630000101870240,osceola_appraiser,City of St. Cloud,open,2016-06-23,3728,,,,,1101 NEW YORK AVE,34769,28.24782781207298,-81.28336004935605,https://www.property-appraiser.org/data/
BP-18-03939,052529218300011540,osceola_appraiser,City of Kissimmee,open,2018-10-19,2880,WHITE ALUMINUM PRODUCTS,,,,3224 RIVER BRANCH CIR,34741,28.342273308954365,-81.43768379336672,https://www.property-appraiser.org/data/
BP-19-00547,152529141900010010,osceola_appraiser,City of Kissimmee,open,2019-02-26,2750,MCENANY ROOFING INC,,,,2450 N ORANGE BLOSSOM TRL,34744,28.315351284830847,-81.40421722406907,https://www.property-appraiser.org/data/
BP-21-00827,292529146900010730,osceola_appraiser,Osceola County,open,2021-03-17,2000,,,,,3440 PALMER DR,34741,28.28163281532848,-81.44027761180524,https://www.property-appraiser.org/data/
P21-010386,192631495000010935,osceola_appraiser,Osceola County,open,2022-01-30,1681,,,,,3067 RAMBLER,34772,28.20664640062881,-81.2499409204532,https://www.property-appraiser.org/data/
BC-22-0139,242528155100010010,osceola_appraiser,Osceola County,open,2022-03-11,1641,,,,,4444 W VINE ST,34746,28.302314977874268,-81.4589219421782,https://www.property-appraiser.org/data/
A22-004506,2526286180000E0021,osceola_appraiser,Osceola County,open,2022-05-17,1574,,,,,1700 AVENUE B,34758,28.25530144668455,-81.49136102760988,https://www.property-appraiser.org/data/
A22-007716,302530496000010075,osceola_appraiser,Osceola County,open,2022-08-24,1475,,,,,2411 IRLO BRONSON MEM E,34744,28.28182322362184,-81.34508333497357,https://www.property-appraiser.org/data/
P22-013259,072629447000010250,osceola_appraiser,Osceola County,open,2023-01-27,1319,,,,,3200 HARBOR,34746,28.234168266098063,-81.43574555131262,https://www.property-appraiser.org/data/
BC-23-0191,23252917080001004A,osceola_appraiser,Osceola County,open,2023-04-11,1245,,,,,1312 E VINE ST,34744,28.302419359672353,-81.38979879846529,https://www.property-appraiser.org/data/
BC-23-0291,212529223500010013,osceola_appraiser,Osceola County,open,2023-06-13,1182,,,,,1100 N JOHN YOUNG PKWY,34741,28.301853983955542,-81.41711052708423,https://www.property-appraiser.org/data/
BC-23-0295,222529217000100060,osceola_appraiser,Osceola County,open,2023-06-15,1180,,,,,11 BROADWAY,34741,28.29236349579416,-81.40763903875387,https://www.property-appraiser.org/data/
BC-23-0319,19252900U000120000,osceola_appraiser,City of Kissimmee,open,2023-07-25,1140,,,,,1101 N HOAGLAND BLVD,34741,28.30176902144134,-81.44428602797721,https://www.property-appraiser.org/data/
BC-23-0320,222529217000100060,osceola_appraiser,City of Kissimmee,open,2023-07-25,1140,,,,,11 BROADWAY,34741,28.29236349579416,-81.40763903875387,https://www.property-appraiser.org/data/
BC-23-0445,222529217000090050,osceola_appraiser,City of Kissimmee,open,2023-10-03,1070,,,,,401 CHURCH ST,34741,28.29680650387861,-81.40471971330979,https://www.property-appraiser.org/data/
BC-23-0447,2125291816000A0010,osceola_appraiser,City of Kissimmee,open,2023-10-04,1069,,,,,802 W OAK ST,34741,28.300565316835183,-81.41220522405474,https://www.property-appraiser.org/data/
BC-23-0453,2325291568000I0040,osceola_appraiser,City of Kissimmee,open,2023-10-09,1064,,,,,1500 E VINE ST,34744,28.302291440543726,-81.38232389980321,https://www.property-appraiser.org/data/
BC-23-0455,092529000003200000,osceola_appraiser,City of Kissimmee,open,2023-10-11,1062,,,,,2546 N JOHN YOUNG PKWY,34741,28.320603752469918,-81.4165904439419,https://www.property-appraiser.org/data/
P23-006727,0126293641TRAC5205,osceola_appraiser,Osceola County,open,2023-11-01,1041,,,,,2000 EVEN KING RANCH,34744,28.257475339206863,-81.36095587374527,https://www.property-appraiser.org/data/
P23-006728,0126293641TRAC5085,osceola_appraiser,Osceola County,open,2023-11-01,1041,,,,,1700 ODD WALNUT CREEK,34744,28.25682113616034,-81.36405907798755,https://www.property-appraiser.org/data/
BC-23-0484,182530138000010010,osceola_appraiser,City of Kissimmee,open,2023-11-03,1039,,,,,1401 SIMPSON RD,34744,28.30470599290199,-81.34985395579527,https://www.property-appraiser.org/data/
BC-23-0508,222529105000030020,osceola_appraiser,City of Kissimmee,open,2023-12-04,1008,,,,,1311 BAY ST,34744,28.304002584368444,-81.40119056542525,https://www.property-appraiser.org/data/
BC-23-0513,16252900U002500000,osceola_appraiser,City of Kissimmee,open,2023-12-06,1006,,,,,1001 W VINE ST,34741,28.305074016445943,-81.41438193249819,https://www.property-appraiser.org/data/
P23-012151,072530267700441100,osceola_appraiser,Osceola County,open,2023-12-10,1002,,,,,424 LA PAZ,34743,28.318995931149963,-81.36707887414622,https://www.property-appraiser.org/data/
BC-23-0533,212529187400010010,osceola_appraiser,City of Kissimmee,open,2023-12-22,990,,,,,700 W OAK ST,34741,28.299458948280126,-81.41009836526067,https://www.property-appraiser.org/data/
BC-24-0001,152529194000010139,osceola_appraiser,City of Kissimmee,open,2024-01-02,979,,,,,1907 N MAIN ST,34744,28.30836645017206,-81.4031290385731,https://www.property-appraiser.org/data/
BC-24-0064,3325291865000100D0,osceola_appraiser,City of Kissimmee,open,2024-02-14,936,,,,,1400 OAK HAVEN DR,34741,28.270503426794466,-81.4211464547276,https://www.property-appraiser.org/data/
BC-24-0065,3325291865000100D0,osceola_appraiser,City of Kissimmee,open,2024-02-14,936,,,,,1400 OAK HAVEN DR,34741,28.270503426794466,-81.4211464547276,https://www.property-appraiser.org/data/
BC-24-0067,3325291865000100D0,osceola_appraiser,City of Kissimmee,open,2024-02-14,936,,,,,1400 OAK HAVEN DR,34741,28.270503426794466,-81.4211464547276,https://www.property-appraiser.org/data/
BC-24-0068,3325291865000100D0,osceola_appraiser,City of Kissimmee,open,2024-02-14,936,,,,,1400 OAK HAVEN DR,34741,28.270503426794466,-81.4211464547276,https://www.property-appraiser.org/data/
BC-24-0069,3325291865000100D0,osceola_appraiser,City of Kissimmee,open,2024-02-14,936,,,,,1400 OAK HAVEN DR,34741,28.270503426794466,-81.4211464547276,https://www.property-appraiser.org/data/
BC-24-0070,3325291865000100D0,osceola_appraiser,City of Kissimmee,open,2024-02-14,936,,,,,1400 OAK HAVEN DR,34741,28.270503426794466,-81.4211464547276,https://www.property-appraiser.org/data/
BC-24-0071,3325291865000100D0,osceola_appraiser,City of Kissimmee,open,2024-02-14,936,,,,,1400 OAK HAVEN DR,34741,28.270503426794466,-81.4211464547276,https://www.property-appraiser.org/data/
BC-24-0072,3325291865000100D0,osceola_appraiser,City of Kissimmee,open,2024-02-15,935,,,,,1400 OAK HAVEN DR,34741,28.270503426794466,-81.4211464547276,https://www.property-appraiser.org/data/
BC-24-0073,3325291865000100D0,osceola_appraiser,City of Kissimmee,open,2024-02-15,935,,,,,1400 OAK HAVEN DR,34741,28.270503426794466,-81.4211464547276,https://www.property-appraiser.org/data/
BC-24-0074,3325291865000100D0,osceola_appraiser,City of Kissimmee,open,2024-02-15,935,,,,,1400 OAK HAVEN DR,34741,28.270503426794466,-81.4211464547276,https://www.property-appraiser.org/data/
BC-24-0075,3325291865000100D0,osceola_appraiser,City of Kissimmee,open,2024-02-15,935,,,,,1400 OAK HAVEN DR,34741,28.270503426794466,-81.4211464547276,https://www.property-appraiser.org/data/
BC-24-0076,3325291865000100D0,osceola_appraiser,City of Kissimmee,open,2024-02-15,935,,,,,1400 OAK HAVEN DR,34741,28.270503426794466,-81.4211464547276,https://www.property-appraiser.org/data/
MSC-24-0042,212529183700010010,osceola_appraiser,City of Kissimmee,open,2024-02-15,935,,,,,717 N PALM AVE,34741,28.29880637908471,-81.42066942594298,https://www.property-appraiser.org/data/
BC-24-0100,212529225200010010,osceola_appraiser,City of Kissimmee,open,2024-03-06,915,,,,,702 MABBETTE ST,34741,28.29333351532932,-81.41152852291465,https://www.property-appraiser.org/data/
P23-006579,022529408000660065,osceola_appraiser,Osceola County,open,2024-04-01,889,,,,,606 STILL,34744,28.333703762911348,-81.39941148484893,https://www.property-appraiser.org/data/
BC-24-0138,152529104000140100,osceola_appraiser,City of Kissimmee,open,2024-04-10,880,,,,,801 E VINE ST,34744,28.305045738023026,-81.39706625442372,https://www.property-appraiser.org/data/
BC-24-0172,162529190500010080,osceola_appraiser,City of Kissimmee,open,2024-05-09,851,,,,,300 PARK PLACE BLVD,34741,28.313088106131044,-81.4082124451788,https://www.property-appraiser.org/data/
BPT-24-0030,2125291920000E0015,osceola_appraiser,City of Kissimmee,open,2024-05-16,844,,,,,"702 VERONA ST #A/B",34741,28.29249187201463,-81.41121718857238,https://www.property-appraiser.org/data/
BC-24-0188,182529198200010010,osceola_appraiser,City of Kissimmee,open,2024-05-20,840,,,,,3915 W VINE ST,34741,28.304887922274887,-81.44317918226061,https://www.property-appraiser.org/data/
A24-004480,112528321700010030,osceola_appraiser,Osceola County,open,2024-05-22,838,,,,,2880 POINCIANA,34746,28.33144543709732,-81.49022533391147,https://www.property-appraiser.org/data/
A24-004483,112528321700010030,osceola_appraiser,Osceola County,open,2024-05-22,838,,,,,2880 POINCIANA,34746,28.33144543709732,-81.49022533391147,https://www.property-appraiser.org/data/
BC-24-0192,2125291920000Q0045,osceola_appraiser,City of Kissimmee,open,2024-05-29,831,,,,,803 VERONA ST,34741,28.292959391681173,-81.41229362424566,https://www.property-appraiser.org/data/
BC-24-0197,22252900U000100000,osceola_appraiser,City of Kissimmee,open,2024-06-05,824,,,,,1225 UTICA DR,34744,28.302266132589633,-81.39355425291502,https://www.property-appraiser.org/data/
BC-24-0198,22252900U000100000,osceola_appraiser,City of Kissimmee,open,2024-06-05,824,,,,,1225 UTICA DR,34744,28.302266132589633,-81.39355425291502,https://www.property-appraiser.org/data/
A24-005200,062527297500010040,osceola_appraiser,Osceola County,open,2024-06-14,815,,,,,8890 IRLO BRONSON MEM,34747,28.346195950802617,-81.64335016835402,https://www.property-appraiser.org/data/
BC-24-0214,22252900U000100000,osceola_appraiser,City of Kissimmee,open,2024-06-18,811,,,,,1225 UTICA DR,34744,28.302266132589633,-81.39355425291502,https://www.property-appraiser.org/data/
A24-005401,022528359400010020,osceola_appraiser,Osceola County,open,2024-06-24,805,,,,,5041 IRLO BRONSON MEM W,34746,28.333605115448297,-81.4862531227955,https://www.property-appraiser.org/data/
A24-005403,022528359400010020,osceola_appraiser,Osceola County,open,2024-06-24,805,,,,,5031 IRLO BRONSON MEM W,34746,28.333605115448297,-81.4862531227955,https://www.property-appraiser.org/data/
BC-24-0218,22252900U000100000,osceola_appraiser,City of Kissimmee,open,2024-06-24,805,,,,,1225 UTICA DR,34744,28.302266132589633,-81.39355425291502,https://www.property-appraiser.org/data/
BC-24-0219,22252900U000100000,osceola_appraiser,City of Kissimmee,open,2024-06-24,805,,,,,1225 UTICA DR,34744,28.302266132589633,-81.39355425291502,https://www.property-appraiser.org/data/
BC-24-0220,22252900U000100000,osceola_appraiser,City of Kissimmee,open,2024-06-24,805,,,,,1225 UTICA DR,34744,28.302266132589633,-81.39355425291502,https://www.property-appraiser.org/data/
BC-24-0237,22252900U000100000,osceola_appraiser,City of Kissimmee,open,2024-07-16,783,,,,,1225 UTICA DR,34744,28.302266132589633,-81.39355425291502,https://www.property-appraiser.org/data/
BC-24-0238,212529142000010658,osceola_appraiser,City of Kissimmee,open,2024-07-17,782,,,,,322 N JOHN YOUNG PKWY,34741,28.295760047963977,-81.4165159271373,https://www.property-appraiser.org/data/
BC-24-0240,22252900U000100000,osceola_appraiser,City of Kissimmee,open,2024-07-17,782,,,,,1225 UTICA DR,34744,28.302266132589633,-81.39355425291502,https://www.property-appraiser.org/data/
BC-24-0242,172529125900010010,osceola_appraiser,City of Kissimmee,open,2024-07-17,782,,,,,2147 W COLUMBIA AVE,34741,28.308460206179028,-81.42490458291783,https://www.property-appraiser.org/data/
BC-24-0243,22252900U000100000,osceola_appraiser,City of Kissimmee,open,2024-07-17,782,,,,,1225 UTICA DR,34744,28.302266132589633,-81.39355425291502,https://www.property-appraiser.org/data/
BC-24-0244,22252900U000100000,osceola_appraiser,City of Kissimmee,open,2024-07-18,781,,,,,1225 UTICA DR,34744,28.302266132589633,-81.39355425291502,https://www.property-appraiser.org/data/
BC-24-0264,19252900U000930000,osceola_appraiser,City of Kissimmee,open,2024-07-30,769,,,,,4104 W VINE ST,34741,28.30327072304577,-81.44544795962005,https://www.property-appraiser.org/data/
BC-24-0274,212529219000010010,osceola_appraiser,City of Kissimmee,open,2024-08-02,766,,,,,300 N JOHN YOUNG PKWY,34741,28.294930277201995,-81.41644847294992,https://www.property-appraiser.org/data/
A24-006667,092528424000010121,osceola_appraiser,Osceola County,open,2024-08-05,763,,,,,5880 IRLO BRONSON MEM W,34746,28.33228391939534,-81.52029720891588,https://www.property-appraiser.org/data/
A24-006912,09252848040001001B,osceola_appraiser,Osceola County,open,2024-08-12,756,,,,,5680 IRLO BRONSON MEM,34746,28.33188997430288,-81.51260816486379,https://www.property-appraiser.org/data/
A24-006993,122528509400010030,osceola_appraiser,Osceola County,open,2024-08-13,755,,,,,4797 IRLO BRONSON MEM W,34746,28.330718319687556,-81.47279632184888,https://www.property-appraiser.org/data/
BC-24-0282,22252900U001900000,osceola_appraiser,City of Kissimmee,open,2024-08-15,753,,,,,602 E VINE ST,34744,28.304094136390137,-81.39931095971306,https://www.property-appraiser.org/data/
BC-24-0283,212529142000010324,osceola_appraiser,City of Kissimmee,open,2024-08-16,752,,,,,401 W OAK ST,34741,28.301391640920873,-81.40840271177841,https://www.property-appraiser.org/data/
BC-24-0289,072530113900010010,osceola_appraiser,City of Kissimmee,open,2024-08-20,748,,,,,2500 SIMPSON RD,34744,28.317861524909986,-81.34111469889187,https://www.property-appraiser.org/data/
BC-24-0296,22252900U000400000,osceola_appraiser,City of Kissimmee,open,2024-08-26,742,,,,,610 E VINE ST,34744,28.303915617113333,-81.39909078718287,https://www.property-appraiser.org/data/
MSR-24-0439,212529169600010030,osceola_appraiser,City of Kissimmee,open,2024-09-06,731,,,,,800 HARFORD ST,34741,28.294193384141103,-81.41177125521482,https://www.property-appraiser.org/data/
BC-24-0316,2225291050000D0045,osceola_appraiser,City of Kissimmee,open,2024-09-13,724,,,,,903 N MAIN ST,34744,28.29997856813681,-81.40336879308519,https://www.property-appraiser.org/data/
A24-007222,032529458100010020,osceola_appraiser,Osceola County,open,2024-09-18,719,,,,,3284 JOHN YOUNG,34741,28.345324377490325,-81.42216672595083,https://www.property-appraiser.org/data/
BR-24-1226,212529169600010030,osceola_appraiser,City of Kissimmee,open,2024-09-19,718,,,,,800 HARFORD ST,34741,28.294193384141103,-81.41177125521482,https://www.property-appraiser.org/data/
A24-008128,102528371600010074,osceola_appraiser,Osceola County,open,2024-09-25,712,,,,,5324 FAIRFIELD LAKE,34746,28.32958447438488,-81.49939687503122,https://www.property-appraiser.org/data/
BC-24-0321,22252900U000100000,osceola_appraiser,City of Kissimmee,open,2024-09-25,712,,,,,1225 UTICA DR,34744,28.302266132589633,-81.39355425291502,https://www.property-appraiser.org/data/
P24-008168,1726295205000D0330,osceola_appraiser,Osceola County,open,2024-10-01,706,,,,,1800 GRANADA,34746,28.22513329621906,-81.42195137312517,https://www.property-appraiser.org/data/
P24-007596,082531407500010150,osceola_appraiser,Osceola County,open,2024-10-02,705,,,,,5045 MARINA,34771,28.32510259587372,-81.23889351858017,https://www.property-appraiser.org/data/
BC-24-0342,152529217100010030,osceola_appraiser,City of Kissimmee,open,2024-10-15,692,,,,,53 W VINE ST,34741,28.305041008127713,-81.40415698230272,https://www.property-appraiser.org/data/
A23-006938,032529461300010010,osceola_appraiser,Osceola County,open,2024-10-24,683,,,,,2982 ORANGE BLOSSOM N,34741,28.33652848298756,-81.4050766737925,https://www.property-appraiser.org/data/
A24-008805,152529326000030060,osceola_appraiser,Osceola County,open,2024-10-25,682,,,,,2327 SMITH,34744,28.312593636630893,-81.39925119960289,https://www.property-appraiser.org/data/
A24-008984,192527000000100000,osceola_appraiser,Osceola County,open,2024-10-28,679,,,,,8925 LIVIGNO,34747,28.30127991255138,-81.64419993266249,https://www.property-appraiser.org/data/
A24-008985,192527000000100000,osceola_appraiser,Osceola County,open,2024-10-28,679,,,,,8925 LIVIGNO,34747,28.30127991255138,-81.64419993266249,https://www.property-appraiser.org/data/
A24-009029,122728473200010030,osceola_appraiser,Osceola County,open,2024-10-28,679,,,,,4770 MARIGOLD,34758,28.14483906616084,-81.47130191466587,https://www.property-appraiser.org/data/
BC-24-0350,152529202000B20200,osceola_appraiser,City of Kissimmee,open,2024-10-30,677,,,,,203 E VINE ST,34744,28.30468492632084,-81.40201042346573,https://www.property-appraiser.org/data/
A24-009075,2526286100000C0010,osceola_appraiser,Osceola County,open,2024-11-01,675,,,,,3999 MONTEREY,34758,28.173266650621166,-81.49295808901834,https://www.property-appraiser.org/data/
BC-24-0351,192529156200010230,osceola_appraiser,City of Kissimmee,open,2024-11-04,672,,,,,4018 W VINE ST,34741,28.30310337147207,-81.4434372123421,https://www.property-appraiser.org/data/
BC-24-0354,14252900U003030000,osceola_appraiser,City of Kissimmee,open,2024-11-05,671,,,,,1425 E VINE ST,34744,28.30502260594791,-81.38612514268856,https://www.property-appraiser.org/data/
A24-009226,3225284520000A0030,osceola_appraiser,Osceola County,open,2024-11-06,670,,,,,6025 ORANGE BLOSSOM S,33896,28.265083575203207,-81.52545600277911,https://www.property-appraiser.org/data/
BC-24-0356,152529202000B20200,osceola_appraiser,City of Kissimmee,open,2024-11-07,669,,,,,203 E VINE ST,34744,28.30468492632084,-81.40201042346573,https://www.property-appraiser.org/data/
BC-24-0358,162529200400010020,osceola_appraiser,City of Kissimmee,open,2024-11-11,665,,,,,1901 ISLAND CIR,34741,28.30985082472523,-81.4212123061388,https://www.property-appraiser.org/data/
BC-24-0359,2225291050000D0045,osceola_appraiser,City of Kissimmee,open,2024-11-11,665,,,,,903 N MAIN ST,34744,28.29997856813681,-81.40336879308519,https://www.property-appraiser.org/data/
BC-24-0360,162529200400010010,osceola_appraiser,City of Kissimmee,open,2024-11-13,663,,,,,1915 REEF CLUB DR,34741,28.309854192154866,-81.42316904892968,https://www.property-appraiser.org/data/
BC-24-0361,162529200400010010,osceola_appraiser,City of Kissimmee,open,2024-11-13,663,,,,,1915 REEF CLUB DR,34741,28.309854192154866,-81.42316904892968,https://www.property-appraiser.org/data/
BC-24-0362,162529200400010010,osceola_appraiser,City of Kissimmee,open,2024-11-13,663,,,,,1915 REEF CLUB DR,34741,28.309854192154866,-81.42316904892968,https://www.property-appraiser.org/data/
BC-24-0363,162529200400010010,osceola_appraiser,City of Kissimmee,open,2024-11-13,663,,,,,1915 REEF CLUB DR,34741,28.309854192154866,-81.42316904892968,https://www.property-appraiser.org/data/
BC-24-0364,162529200400010010,osceola_appraiser,City of Kissimmee,open,2024-11-13,663,,,,,1915 REEF CLUB DR,34741,28.309854192154866,-81.42316904892968,https://www.property-appraiser.org/data/
BC-24-0365,162529200400010010,osceola_appraiser,City of Kissimmee,open,2024-11-13,663,,,,,1915 REEF CLUB DR,34741,28.309854192154866,-81.42316904892968,https://www.property-appraiser.org/data/
BC-24-0366,162529200400010010,osceola_appraiser,City of Kissimmee,open,2024-11-13,663,,,,,1915 REEF CLUB DR,34741,28.309854192154866,-81.42316904892968,https://www.property-appraiser.org/data/
BC-24-0367,162529200400010010,osceola_appraiser,City of Kissimmee,open,2024-11-13,663,,,,,1915 REEF CLUB DR,34741,28.309854192154866,-81.42316904892968,https://www.property-appraiser.org/data/
BC-24-0368,162529200400010010,osceola_appraiser,City of Kissimmee,open,2024-11-13,663,,,,,1915 REEF CLUB DR,34741,28.309854192154866,-81.42316904892968,https://www.property-appraiser.org/data/
A24-009691,102527545200010010,osceola_appraiser,Osceola County,open,2024-11-20,656,,,,,7700 WESTGATE,34747,28.33064342100454,-81.59877981938553,https://www.property-appraiser.org/data/
BC-24-0399,162529200400010010,osceola_appraiser,City of Kissimmee,open,2024-11-25,651,Marlyn  Bryant,,,,1915 REEF CLUB DR,34741,28.309854192154866,-81.42316904892968,https://www.property-appraiser.org/data/
BC-24-0400,162529200400010010,osceola_appraiser,City of Kissimmee,open,2024-11-25,651,Marlyn  Bryant,,,,1915 REEF CLUB DR,34741,28.309854192154866,-81.42316904892968,https://www.property-appraiser.org/data/
BC-24-0401,162529200400010010,osceola_appraiser,City of Kissimmee,open,2024-11-25,651,Marlyn  Bryant,,,,1915 REEF CLUB DR,34741,28.309854192154866,-81.42316904892968,https://www.property-appraiser.org/data/
BC-24-0402,162529200400010010,osceola_appraiser,City of Kissimmee,open,2024-11-25,651,Marlyn  Bryant,,,,1915 REEF CLUB DR,34741,28.309854192154866,-81.42316904892968,https://www.property-appraiser.org/data/
BC-24-0403,162529200400010010,osceola_appraiser,City of Kissimmee,open,2024-11-25,651,Marlyn  Bryant,,,,1915 REEF CLUB DR,34741,28.309854192154866,-81.42316904892968,https://www.property-appraiser.org/data/
BC-24-0404,162529200400010010,osceola_appraiser,City of Kissimmee,open,2024-11-25,651,Marlyn  Bryant,,,,1915 REEF CLUB DR,34741,28.309854192154866,-81.42316904892968,https://www.property-appraiser.org/data/
BC-24-0405,162529200400010010,osceola_appraiser,City of Kissimmee,open,2024-11-25,651,Marlyn  Bryant,,,,1915 REEF CLUB DR,34741,28.309854192154866,-81.42316904892968,https://www.property-appraiser.org/data/
BC-24-0406,162529200400010010,osceola_appraiser,City of Kissimmee,open,2024-11-25,651,Marlyn  Bryant,,,,1915 REEF CLUB DR,34741,28.309854192154866,-81.42316904892968,https://www.property-appraiser.org/data/
BC-24-0407,162529200400010010,osceola_appraiser,City of Kissimmee,open,2024-11-25,651,Marlyn  Bryant,,,,1915 REEF CLUB DR,34741,28.309854192154866,-81.42316904892968,https://www.property-appraiser.org/data/
BC-24-0408,162529200400010010,osceola_appraiser,City of Kissimmee,open,2024-11-25,651,Marlyn  Bryant,,,,1915 REEF CLUB DR,34741,28.309854192154866,-81.42316904892968,https://www.property-appraiser.org/data/
BC-24-0409,162529200400010010,osceola_appraiser,City of Kissimmee,open,2024-11-25,651,Marlyn  Bryant,,,,1915 REEF CLUB DR,34741,28.309854192154866,-81.42316904892968,https://www.property-appraiser.org/data/
BC-24-0410,162529200400010020,osceola_appraiser,City of Kissimmee,open,2024-11-26,650,Marlyn  Bryant,,,,1901 ISLAND CIR,34741,28.30985082472523,-81.4212123061388,https://www.property-appraiser.org/data/
BC-24-0411,162529200400010020,osceola_appraiser,City of Kissimmee,open,2024-11-26,650,Marlyn  Bryant,,,,1901 ISLAND CIR,34741,28.30985082472523,-81.4212123061388,https://www.property-appraiser.org/data/
BC-24-0412,162529200400010020,osceola_appraiser,City of Kissimmee,open,2024-11-26,650,Marlyn  Bryant,,,,1901 ISLAND CIR,34741,28.30985082472523,-81.4212123061388,https://www.property-appraiser.org/data/
BC-24-0413,162529200400010020,osceola_appraiser,City of Kissimmee,open,2024-11-26,650,Marlyn  Bryant,,,,1901 ISLAND CIR,34741,28.30985082472523,-81.4212123061388,https://www.property-appraiser.org/data/
BC-24-0414,162529200400010020,osceola_appraiser,City of Kissimmee,open,2024-11-26,650,Marlyn  Bryant,,,,1901 ISLAND CIR,34741,28.30985082472523,-81.4212123061388,https://www.property-appraiser.org/data/
BC-24-0415,162529200400010020,osceola_appraiser,City of Kissimmee,open,2024-11-26,650,Marlyn  Bryant,,,,1901 ISLAND CIR,34741,28.30985082472523,-81.4212123061388,https://www.property-appraiser.org/data/
BC-24-0416,162529200400010020,osceola_appraiser,City of Kissimmee,open,2024-11-26,650,Marlyn  Bryant,,,,1901 ISLAND CIR,34741,28.30985082472523,-81.4212123061388,https://www.property-appraiser.org/data/
BC-24-0417,162529200400010020,osceola_appraiser,City of Kissimmee,open,2024-11-26,650,Marlyn  Bryant,,,,1901 ISLAND CIR,34741,28.30985082472523,-81.4212123061388,https://www.property-appraiser.org/data/
BC-24-0418,162529200400010020,osceola_appraiser,City of Kissimmee,open,2024-11-26,650,Marlyn  Bryant,,,,1901 ISLAND CIR,34741,28.30985082472523,-81.4212123061388,https://www.property-appraiser.org/data/
BC-24-0419,162529200400010020,osceola_appraiser,City of Kissimmee,open,2024-11-26,650,Marlyn  Bryant,,,,1901 ISLAND CIR,34741,28.30985082472523,-81.4212123061388,https://www.property-appraiser.org/data/
BC-24-0420,162529200400010020,osceola_appraiser,City of Kissimmee,open,2024-11-26,650,Marlyn  Bryant,,,,1901 ISLAND CIR,34741,28.30985082472523,-81.4212123061388,https://www.property-appraiser.org/data/
BC-24-0421,162529200400010020,osceola_appraiser,City of Kissimmee,open,2024-11-26,650,Marlyn  Bryant,,,,1901 ISLAND CIR,34741,28.30985082472523,-81.4212123061388,https://www.property-appraiser.org/data/
BC-24-0422,162529200400010020,osceola_appraiser,City of Kissimmee,open,2024-11-26,650,Marlyn  Bryant,,,,1901 ISLAND CIR,34741,28.30985082472523,-81.4212123061388,https://www.property-appraiser.org/data/
BC-24-0423,162529200400010020,osceola_appraiser,City of Kissimmee,open,2024-11-26,650,Marlyn  Bryant,,,,1901 ISLAND CIR,34741,28.30985082472523,-81.4212123061388,https://www.property-appraiser.org/data/
BC-24-0424,162529200400010020,osceola_appraiser,City of Kissimmee,open,2024-11-26,650,Marlyn  Bryant,,,,1901 ISLAND CIR,34741,28.30985082472523,-81.4212123061388,https://www.property-appraiser.org/data/
BC-24-0425,162529200400010020,osceola_appraiser,City of Kissimmee,open,2024-11-26,650,Marlyn  Bryant,,,,1901 ISLAND CIR,34741,28.30985082472523,-81.4212123061388,https://www.property-appraiser.org/data/
BC-24-0426,162529200400010020,osceola_appraiser,City of Kissimmee,open,2024-11-26,650,Marlyn  Bryant,,,,1901 ISLAND CIR,34741,28.30985082472523,-81.4212123061388,https://www.property-appraiser.org/data/
BC-24-0427,162529200400010020,osceola_appraiser,City of Kissimmee,open,2024-11-26,650,Marlyn  Bryant,,,,1901 ISLAND CIR,34741,28.30985082472523,-81.4212123061388,https://www.property-appraiser.org/data/
BC-24-0428,162529200400010020,osceola_appraiser,City of Kissimmee,open,2024-11-26,650,Marlyn  Bryant,,,,1901 ISLAND CIR,34741,28.30985082472523,-81.4212123061388,https://www.property-appraiser.org/data/
BC-24-0429,162529200400010020,osceola_appraiser,City of Kissimmee,open,2024-11-26,650,Marlyn  Bryant,,,,1901 ISLAND CIR,34741,28.30985082472523,-81.4212123061388,https://www.property-appraiser.org/data/
BC-24-0430,162529200400010020,osceola_appraiser,City of Kissimmee,open,2024-11-26,650,Marlyn  Bryant,,,,1901 ISLAND CIR,34741,28.30985082472523,-81.4212123061388,https://www.property-appraiser.org/data/
BC-24-0431,162529200400010020,osceola_appraiser,City of Kissimmee,open,2024-11-26,650,Marlyn  Bryant,,,,1901 ISLAND CIR,34741,28.30985082472523,-81.4212123061388,https://www.property-appraiser.org/data/
BC-24-0432,162529200400010020,osceola_appraiser,City of Kissimmee,open,2024-11-26,650,Marlyn  Bryant,,,,1901 ISLAND CIR,34741,28.30985082472523,-81.4212123061388,https://www.property-appraiser.org/data/
BC-24-0433,162529200400010020,osceola_appraiser,City of Kissimmee,open,2024-11-26,650,Marlyn  Bryant,,,,1901 ISLAND CIR,34741,28.30985082472523,-81.4212123061388,https://www.property-appraiser.org/data/
BC-24-0434,162529200400010020,osceola_appraiser,City of Kissimmee,open,2024-11-26,650,Marlyn  Bryant,,,,1901 ISLAND CIR,34741,28.30985082472523,-81.4212123061388,https://www.property-appraiser.org/data/
BC-24-0435,162529200400010020,osceola_appraiser,City of Kissimmee,open,2024-11-26,650,Marlyn  Bryant,,,,1901 ISLAND CIR,34741,28.30985082472523,-81.4212123061388,https://www.property-appraiser.org/data/
BC-24-0438,14252900U000430000,osceola_appraiser,City of Kissimmee,open,2024-12-01,645,MATTHEW  ANGIULLI,,,,1317 BOULDER DR,34744,28.30893346797982,-81.39038508369266,https://www.property-appraiser.org/data/
BC-24-0441,14252900U000430000,osceola_appraiser,City of Kissimmee,open,2024-12-05,641,MATTHEW  ANGIULLI,,,,1317 BOULDER DR,34744,28.30893346797982,-81.39038508369266,https://www.property-appraiser.org/data/
BC-24-0442,14252900U000430000,osceola_appraiser,City of Kissimmee,open,2024-12-05,641,MATTHEW  ANGIULLI,,,,1317 BOULDER DR,34744,28.30893346797982,-81.39038508369266,https://www.property-appraiser.org/data/
BC-24-0443,14252900U000430000,osceola_appraiser,City of Kissimmee,open,2024-12-05,641,MATTHEW  ANGIULLI,,,,1317 BOULDER DR,34744,28.30893346797982,-81.39038508369266,https://www.property-appraiser.org/data/
BC-24-0444,14252900U000430000,osceola_appraiser,City of Kissimmee,open,2024-12-05,641,MATTHEW  ANGIULLI,,,,1317 BOULDER DR,34744,28.30893346797982,-81.39038508369266,https://www.property-appraiser.org/data/
BC-24-0445,14252900U000430000,osceola_appraiser,City of Kissimmee,open,2024-12-05,641,MATTHEW  ANGIULLI,,,,1317 BOULDER DR,34744,28.30893346797982,-81.39038508369266,https://www.property-appraiser.org/data/
BC-24-0446,14252900U000430000,osceola_appraiser,City of Kissimmee,open,2024-12-05,641,MATTHEW  ANGIULLI,,,,1317 BOULDER DR,34744,28.30893346797982,-81.39038508369266,https://www.property-appraiser.org/data/
BC-24-0447,14252900U000430000,osceola_appraiser,City of Kissimmee,open,2024-12-05,641,MATTHEW  ANGIULLI,,,,1317 BOULDER DR,34744,28.30893346797982,-81.39038508369266,https://www.property-appraiser.org/data/
BC-24-0448,14252900U000430000,osceola_appraiser,City of Kissimmee,open,2024-12-05,641,MATTHEW  ANGIULLI,,,,1317 BOULDER DR,34744,28.30893346797982,-81.39038508369266,https://www.property-appraiser.org/data/
BC-24-0449,14252900U000430000,osceola_appraiser,City of Kissimmee,open,2024-12-05,641,MATTHEW  ANGIULLI,,,,1317 BOULDER DR,34744,28.30893346797982,-81.39038508369266,https://www.property-appraiser.org/data/
BC-24-0450,14252900U000430000,osceola_appraiser,City of Kissimmee,open,2024-12-05,641,MATTHEW  ANGIULLI,,,,1317 BOULDER DR,34744,28.30893346797982,-81.39038508369266,https://www.property-appraiser.org/data/
BC-24-0451,14252900U000430000,osceola_appraiser,City of Kissimmee,open,2024-12-05,641,MATTHEW  ANGIULLI,,,,1317 BOULDER DR,34744,28.30893346797982,-81.39038508369266,https://www.property-appraiser.org/data/
BC-24-0452,14252900U000430000,osceola_appraiser,City of Kissimmee,open,2024-12-05,641,MATTHEW  ANGIULLI,,,,1317 BOULDER DR,34744,28.30893346797982,-81.39038508369266,https://www.property-appraiser.org/data/
BC-24-0453,14252900U000430000,osceola_appraiser,City of Kissimmee,open,2024-12-05,641,MATTHEW  ANGIULLI,,,,1317 BOULDER DR,34744,28.30893346797982,-81.39038508369266,https://www.property-appraiser.org/data/
BC-24-0454,14252900U000430000,osceola_appraiser,City of Kissimmee,open,2024-12-05,641,MATTHEW  ANGIULLI,,,,1317 BOULDER DR,34744,28.30893346797982,-81.39038508369266,https://www.property-appraiser.org/data/
BC-24-0455,14252900U000430000,osceola_appraiser,City of Kissimmee,open,2024-12-05,641,MATTHEW  ANGIULLI,,,,1317 BOULDER DR,34744,28.30893346797982,-81.39038508369266,https://www.property-appraiser.org/data/
BC-24-0456,14252900U000430000,osceola_appraiser,City of Kissimmee,open,2024-12-05,641,MATTHEW  ANGIULLI,,,,1317 BOULDER DR,34744,28.30893346797982,-81.39038508369266,https://www.property-appraiser.org/data/
BC-24-0457,14252900U000430000,osceola_appraiser,City of Kissimmee,open,2024-12-05,641,MATTHEW  ANGIULLI,,,,1317 BOULDER DR,34744,28.30893346797982,-81.39038508369266,https://www.property-appraiser.org/data/
P24-008942,162630547300010380,osceola_appraiser,Osceola County,open,2024-12-06,640,,,,,2800 OLD CANOE CREEK,34772,28.20895057922243,-81.30333081358111,https://www.property-appraiser.org/data/
P24-007390,182632259900013440,osceola_appraiser,Osceola County,open,2024-12-11,635,,,,,2345 Bronco,34771,28.235541031740013,-81.1502903402368,https://www.property-appraiser.org/data/
A24-010352,122728473200010050,osceola_appraiser,Osceola County,open,2024-12-12,634,,,,,4680 MARIGOLD,34758,28.146135256827257,-81.47173506739487,https://www.property-appraiser.org/data/
BC-24-0463,14252900U001540000,osceola_appraiser,City of Kissimmee,open,2024-12-13,633,KEVIN  DAUS,,,,1485 MILL SLOUGH RD,34744,28.31649615273675,-81.38380408310906,https://www.property-appraiser.org/data/
BC-24-0466,18252900U000440000,osceola_appraiser,City of Kissimmee,open,2024-12-20,626,Jose  Morales,,,,4135 W VINE ST,34741,28.304974576807332,-81.44792522601416,https://www.property-appraiser.org/data/
BC-24-0470,182530000000520000,osceola_appraiser,City of Kissimmee,open,2024-12-30,616,Jose  Morales,,,,2275 FORTUNE RD,34744,28.305493613406004,-81.35143214466922,https://www.property-appraiser.org/data/
BC-25-0004,202529156300010020,osceola_appraiser,City of Kissimmee,open,2025-01-07,608,Daisy  Leach,,,,800 ARMSTRONG BLVD,34741,28.298976434622112,-81.44161382118672,https://www.property-appraiser.org/data/
BC-25-0005,292529515000010160,osceola_appraiser,City of Kissimmee,open,2025-01-07,608,JOSE  COSTA,,,,1006 S THACKER AVE,34741,28.28178541873774,-81.4247726499993,https://www.property-appraiser.org/data/
A25-000067,073132000000400000,osceola_appraiser,Osceola County,open,2025-01-09,606,,,,,3201 STATE RD 60,34972,27.796713898091877,-81.15593889889061,https://www.property-appraiser.org/data/
A25-000123,2526286184000L0011,osceola_appraiser,Osceola County,open,2025-01-10,605,,,,,1818 POINCIANA,34758,28.248182878905236,-81.49009474877515,https://www.property-appraiser.org/data/
BC-25-0007,152529105000TL0035,osceola_appraiser,City of Kissimmee,open,2025-01-10,605,DARRYL  CULBRETH,,,,1514 BRACK ST,34744,28.306153299475334,-81.40238380401527,https://www.property-appraiser.org/data/
BC-25-0011,182529158200010030,osceola_appraiser,City of Kissimmee,open,2025-01-20,595,DONALD  STORM,,,,4313 W VINE ST,34746,28.304584753916842,-81.45578400535477,https://www.property-appraiser.org/data/
P24-008591,202531425700011820,osceola_appraiser,Osceola County,open,2025-01-21,594,,,,,5178 APPENINE EAST,34771,28.303189324216277,-81.23292267770698,https://www.property-appraiser.org/data/
A25-000566,2526286100000K0010,osceola_appraiser,Osceola County,open,2025-01-24,591,,,,,3450 MARIGOLD,34758,28.18767568319723,-81.5001066803553,https://www.property-appraiser.org/data/
P24-012597,022730495000010470,osceola_appraiser,Osceola County,open,2025-01-29,586,,,,,4145 LIPPMAN,34772,28.168314123796296,-81.27925121597306,https://www.property-appraiser.org/data/
BC-25-0027,2025292070000A0100,osceola_appraiser,City of Kissimmee,open,2025-02-12,572,Pablo  Segarra,,,,3518 W VINE ST,34741,28.303981054395816,-81.43910622286981,https://www.property-appraiser.org/data/
BC-25-0039,212529167000090060,osceola_appraiser,City of Kissimmee,open,2025-02-19,565,,,,,1216 W VINE ST,34741,28.304172167496336,-81.4167223610771,https://www.property-appraiser.org/data/
A25-001740,112728400300010010,osceola_appraiser,Osceola County,open,2025-02-25,559,,,,,281 STONES THROW,34758,28.149699568890185,-81.47420330844525,https://www.property-appraiser.org/data/
A25-001749,112728400300010010,osceola_appraiser,Osceola County,open,2025-02-25,559,,,,,271 STONES THROW,34758,28.149699568890185,-81.47420330844525,https://www.property-appraiser.org/data/
A25-001756,112728400300010010,osceola_appraiser,Osceola County,open,2025-02-25,559,,,,,286 STONES THROW,34758,28.149699568890185,-81.47420330844525,https://www.property-appraiser.org/data/
A25-001762,112728400300010010,osceola_appraiser,Osceola County,open,2025-02-25,559,,,,,291 STONES THROW,34758,28.149699568890185,-81.47420330844525,https://www.property-appraiser.org/data/
BC-25-0059,222529217000200015,osceola_appraiser,City of Kissimmee,open,2025-02-25,559,KENNY  MELLICK,,,,312 BROADWAY,34741,28.29431058300211,-81.40471326989393,https://www.property-appraiser.org/data/
A25-001727,182530265800012300,osceola_appraiser,Osceola County,open,2025-02-26,558,,,,,1421 SIMPSON,34744,28.30561302141652,-81.34930723204107,https://www.property-appraiser.org/data/
BC-25-0068,212529180900010110,osceola_appraiser,City of Kissimmee,open,2025-03-05,551,Edward  Petrow III,,,,710 OAK COMMONS BLVD,34741,28.301936560564915,-81.41108524933485,https://www.property-appraiser.org/data/
BC-25-0078,212529223100010010,osceola_appraiser,City of Kissimmee,open,2025-03-14,542,VLADIMIR  ENCIO,,,,711 N THACKER AVE,34741,28.29814170080817,-81.42372811175748,https://www.property-appraiser.org/data/
BR-25-0474,282529180000020150,osceola_appraiser,City of Kissimmee,open,2025-03-17,539,,,,,1707 SUNNY ST,34741,28.28454748714833,-81.42180027846366,https://www.property-appraiser.org/data/
BC-25-0080,212529235600010C10,osceola_appraiser,City of Kissimmee,open,2025-03-18,538,DARRELL  LEWIS,,,,"1400 W OAK ST #H",34741,28.30011622369094,-81.41781480103865,https://www.property-appraiser.org/data/
BC-25-0081,192529156200010240,osceola_appraiser,City of Kissimmee,open,2025-03-18,538,JUAN  JARAMILLO,,,,4024 W VINE ST,34741,28.303692753283578,-81.44405497378419,https://www.property-appraiser.org/data/
BR-25-0513,252528164800011520,osceola_appraiser,City of Kissimmee,open,2025-03-25,531,,,,,4536 PHILADELPHIA CIR,34746,28.276499422818027,-81.46282714546889,https://www.property-appraiser.org/data/
BC-25-0086,22252900U000150000,osceola_appraiser,City of Kissimmee,open,2025-03-27,529,,,,,1040 KEVSTIN DR,34744,28.30252192929484,-81.39487813280299,https://www.property-appraiser.org/data/
BC-25-0091,152529158400010010,osceola_appraiser,City of Kissimmee,open,2025-04-02,523,,,,,1904 MICHIGAN AVE,34744,28.3085491127499,-81.39203664273236,https://www.property-appraiser.org/data/
A25-002788,06252729510001COMM,osceola_appraiser,Osceola County,open,2025-04-04,521,,,,,3200 LEGACY,34747,28.340705453907738,-81.644922814235,https://www.property-appraiser.org/data/
A25-002903,022528372200010020,osceola_appraiser,Osceola County,open,2025-04-07,518,,,,,5151 KYNGS HEATH,34746,28.336031199370698,-81.48896870134868,https://www.property-appraiser.org/data/
BC-25-0094,14252900U001820000,osceola_appraiser,City of Kissimmee,open,2025-04-07,518,OTNIEL   ALVAREZ,,,,1525 MILL SLOUGH RD,34744,28.316184763060022,-81.38259520604636,https://www.property-appraiser.org/data/
BC-25-0097,212529192000CC0020,osceola_appraiser,City of Kissimmee,open,2025-04-09,516,Adrian  Costache Costache,,,,121 S JOHN YOUNG PKWY,34741,28.2901536338208,-81.41565109664498,https://www.property-appraiser.org/data/
A25-003207,172530361700010G10,osceola_appraiser,Osceola County,open,2025-04-15,510,,,,,2801 KISSIMMEE BAY,34744,28.30798713547871,-81.32781225539534,https://www.property-appraiser.org/data/
BC-25-0100,152529105000BL0040,osceola_appraiser,City of Kissimmee,open,2025-04-15,510,Tatiana  Myers,,,,400 E COLUMBIA AVE,34744,28.307762239016693,-81.40063264789615,https://www.property-appraiser.org/data/
MSR-25-0147,112529171300010970,osceola_appraiser,City of Kissimmee,open,2025-04-15,510,,,,,1419 ORCHID LN,34744,28.322370432622613,-81.38615748379597,https://www.property-appraiser.org/data/
BC-25-0102,30252900U000120000,osceola_appraiser,City of Kissimmee,open,2025-04-19,506,ULRICK  ALFRED,,,,4010 4TH ST,34741,28.289248283575336,-81.44379066361152,https://www.property-appraiser.org/data/
BC-25-0104,17252900U001150000,osceola_appraiser,City of Kissimmee,open,2025-04-21,504,Ken  Durden,,,,3251 W VINE ST,34741,28.30494049167319,-81.43693483562438,https://www.property-appraiser.org/data/
P25-001747,322531313000010140,osceola_appraiser,Osceola County,open,2025-04-28,497,,,,,1210 HACKNEY,34771,28.27499596508397,-81.23473854433551,https://www.property-appraiser.org/data/
BC-25-0119,22252900U000150000,osceola_appraiser,City of Kissimmee,open,2025-05-06,489,Rick R Lundberg,,,,1040 KEVSTIN DR,34744,28.30252192929484,-81.39487813280299,https://www.property-appraiser.org/data/
BC-25-0120,022529202400010020,osceola_appraiser,City of Kissimmee,open,2025-05-06,489,SANTIAGO  LOPEZ,,,,3075 MICHIGAN AVE,34744,28.338863478997315,-81.38842971694494,https://www.property-appraiser.org/data/
A25-004095,302629472200010020,osceola_appraiser,Osceola County,open,2025-05-13,482,,,,,3310 PLEASANT HILL,34746,28.197904425819416,-81.44052111583511,https://www.property-appraiser.org/data/
BC-25-0134,282529136600010010,osceola_appraiser,City of Kissimmee,open,2025-05-13,482,Yoandy  Flores Cruz,,,,1216 PATRICK ST,34741,28.289584715590287,-81.41684458571784,https://www.property-appraiser.org/data/
BC-25-0136,2125291920000Z0020,osceola_appraiser,City of Kissimmee,open,2025-05-14,481,Sergey V Orlov,,,,920 EMMETT ST,34741,28.291419608236772,-81.4140223297893,https://www.property-appraiser.org/data/
A25-004065,06252729510001COMM,osceola_appraiser,Osceola County,open,2025-05-19,476,,,,,3200 LEGACY,34747,28.340705453907738,-81.644922814235,https://www.property-appraiser.org/data/
BC-25-0138,2525281517000100A0,osceola_appraiser,City of Kissimmee,open,2025-05-19,476,KEVIN  DAUS,,,,210 S BASS RD,34746,28.288487502285403,-81.45947932308123,https://www.property-appraiser.org/data/
BC-25-0142,242529000000200000,osceola_appraiser,City of Kissimmee,open,2025-05-22,473,GREGORY  GRUDOVICH,,,,2080 FORTUNE RD,34744,28.30326449847655,-81.35965455687464,https://www.property-appraiser.org/data/
A25-004507,2526286180000E0012,osceola_appraiser,Osceola County,open,2025-05-28,467,,,,,1785 AVENUE A,34758,28.25312710445745,-81.49273305314681,https://www.property-appraiser.org/data/
A25-003773,042527465600010070,osceola_appraiser,Osceola County,open,2025-05-29,466,,,,,3233 ROLLING OAKS,34747,28.344589642717917,-81.6114896711772,https://www.property-appraiser.org/data/
BC-25-0152,212529142000010110,osceola_appraiser,City of Kissimmee,open,2025-05-30,465,Victor V Velozo,,,,1412 W VINE ST,34741,28.30409380682648,-81.41829210805311,https://www.property-appraiser.org/data/
BC-25-0156,2125291920000J0040,osceola_appraiser,City of Kissimmee,open,2025-06-02,462,,,,,18 S ORLANDO AVE,34741,28.290990253556846,-81.40916887874552,https://www.property-appraiser.org/data/
BC-25-0158,152529205000120015,osceola_appraiser,City of Kissimmee,open,2025-06-03,461,ROMMEL  FONTANA,,,,1420 ROSS AVE,34744,28.306270493873186,-81.39873799232133,https://www.property-appraiser.org/data/
BC-25-0164,182529000000150000,osceola_appraiser,City of Kissimmee,open,2025-06-05,459,Francisco  Dalmau,,,,4005 BISMARK DR,34741,28.316994615046614,-81.44300622937557,https://www.property-appraiser.org/data/
BC-25-0167,192529154300010010,osceola_appraiser,City of Kissimmee,open,2025-06-05,459,Cody  Hastings,,,,3834 W VINE ST,34741,28.303982709553875,-81.4408968500814,https://www.property-appraiser.org/data/
BR-25-0897,352528161100010850,osceola_appraiser,City of Kissimmee,open,2025-06-05,459,Marcos Jose  Esteves Cavalcanti Filho,,,,4818 WORCHESTER DR,34746,28.26620432403351,-81.47625797331628,https://www.property-appraiser.org/data/
A25-004934,022527479500010010,osceola_appraiser,Osceola County,open,2025-06-11,453,,,,,2950 REEDY CREEK,34747,28.334487615481272,-81.58409338212695,https://www.property-appraiser.org/data/
A25-004962,022527479500010010,osceola_appraiser,Osceola County,open,2025-06-11,453,,,,,2960 Reedy Creek,34747,28.334487615481272,-81.58409338212695,https://www.property-appraiser.org/data/
A25-004963,022527479500010010,osceola_appraiser,Osceola County,open,2025-06-11,453,,,,,3000 REEDY CREEK,34747,28.334487615481272,-81.58409338212695,https://www.property-appraiser.org/data/
A25-004965,022527479500010010,osceola_appraiser,Osceola County,open,2025-06-11,453,,,,,2970 Reedy Creek,34747,28.334487615481272,-81.58409338212695,https://www.property-appraiser.org/data/
A25-004966,022527479500010010,osceola_appraiser,Osceola County,open,2025-06-11,453,,,,,2980 Reedy Creek,34747,28.334487615481272,-81.58409338212695,https://www.property-appraiser.org/data/
BC-25-0188,182529000000150000,osceola_appraiser,City of Kissimmee,open,2025-06-13,451,Francisco  Dalmau,,,,4005 BISMARK DR,34741,28.316994615046614,-81.44300622937557,https://www.property-appraiser.org/data/
BC-25-0189,182529000000150000,osceola_appraiser,City of Kissimmee,open,2025-06-13,451,Francisco  Dalmau,,,,4005 BISMARK DR,34741,28.316994615046614,-81.44300622937557,https://www.property-appraiser.org/data/
BC-25-0190,182529000000150000,osceola_appraiser,City of Kissimmee,open,2025-06-13,451,Francisco  Dalmau,,,,4005 BISMARK DR,34741,28.316994615046614,-81.44300622937557,https://www.property-appraiser.org/data/
BC-25-0191,182529000000150000,osceola_appraiser,City of Kissimmee,open,2025-06-13,451,Francisco  Dalmau,,,,4005 BISMARK DR,34741,28.316994615046614,-81.44300622937557,https://www.property-appraiser.org/data/
BC-25-0192,182529000000150000,osceola_appraiser,City of Kissimmee,open,2025-06-13,451,Francisco  Dalmau,,,,4005 BISMARK DR,34741,28.316994615046614,-81.44300622937557,https://www.property-appraiser.org/data/
BC-25-0193,182529000000150000,osceola_appraiser,City of Kissimmee,open,2025-06-13,451,Francisco  Dalmau,,,,4005 BISMARK DR,34741,28.316994615046614,-81.44300622937557,https://www.property-appraiser.org/data/
BC-25-0194,182529000000150000,osceola_appraiser,City of Kissimmee,open,2025-06-13,451,Francisco  Dalmau,,,,4005 BISMARK DR,34741,28.316994615046614,-81.44300622937557,https://www.property-appraiser.org/data/
BC-25-0195,182529000000150000,osceola_appraiser,City of Kissimmee,open,2025-06-13,451,Francisco  Dalmau,,,,4005 BISMARK DR,34741,28.316994615046614,-81.44300622937557,https://www.property-appraiser.org/data/
BC-25-0196,182529000000150000,osceola_appraiser,City of Kissimmee,open,2025-06-13,451,Francisco  Dalmau,,,,4005 BISMARK DR,34741,28.316994615046614,-81.44300622937557,https://www.property-appraiser.org/data/
BC-25-0198,19252900U002010000,osceola_appraiser,City of Kissimmee,open,2025-06-15,449,Mconeill  Rosado,,,,4156 W VINE ST,34741,28.30294698333489,-81.44768922018169,https://www.property-appraiser.org/data/
BC-25-0203,09252900U001700000,osceola_appraiser,City of Kissimmee,open,2025-06-20,444,Robert P Kornahrens,,,,2704 N JOHN YOUNG PKWY,34741,28.32855600194162,-81.41717261842696,https://www.property-appraiser.org/data/
MSR-25-0269,112529235700010870,osceola_appraiser,City of Kissimmee,open,2025-06-20,444,,,,,2904 OAK RUN BLVD,34744,28.33072160327977,-81.37985148593327,https://www.property-appraiser.org/data/
A25-005253,032529457700010040,osceola_appraiser,Osceola County,open,2025-06-23,441,,,,,3021 JOHN YOUNG,34741,28.338032584772996,-81.41890905606999,https://www.property-appraiser.org/data/
MSR-25-0274,082529103200010450,osceola_appraiser,City of Kissimmee,open,2025-06-24,440,,,,,2701 SWOOP CIR,34741,28.33197198427418,-81.42703638323884,https://www.property-appraiser.org/data/
P25-005000,202629288200011770,osceola_appraiser,Osceola County,open,2025-06-24,440,,,,,3230 HOPEWELL,34746,28.20252223674917,-81.43349692634588,https://www.property-appraiser.org/data/
P25-007012,292629324600010280,osceola_appraiser,Osceola County,open,2025-06-24,440,,,,,800 WINDLASS,34746,28.183847169543085,-81.41042014724103,https://www.property-appraiser.org/data/
A25-005532,252628340300010090,osceola_appraiser,Osceola County,open,2025-06-26,438,,,,,3326 SUMMERDALE,34746,28.19804466228581,-81.4575740432076,https://www.property-appraiser.org/data/
BC-25-0213,212529180900010090,osceola_appraiser,City of Kissimmee,open,2025-06-26,438,Daniel  Levesque,,,,604 OAK COMMONS BLVD,34741,28.301565025638244,-81.41024864510943,https://www.property-appraiser.org/data/
BR-25-0997,112529235700010870,osceola_appraiser,City of Kissimmee,open,2025-06-26,438,Hernando  Castano,,,,2904 OAK RUN BLVD,34744,28.33072160327977,-81.37985148593327,https://www.property-appraiser.org/data/
A25-005796,012628000002200000,osceola_appraiser,Osceola County,open,2025-07-03,431,,,,,4635 WHISPERING PINES,34746,28.253876060902034,-81.47201204397668,https://www.property-appraiser.org/data/
BC-25-0221,182530000000520000,osceola_appraiser,City of Kissimmee,open,2025-07-03,431,,,,,2275 FORTUNE RD,34744,28.305493613406004,-81.35143214466922,https://www.property-appraiser.org/data/
BC-25-0227,292529197000010090,osceola_appraiser,City of Kissimmee,open,2025-07-10,424,,,,,3008 PATRICK ST,34741,28.288497825462372,-81.43345483073736,https://www.property-appraiser.org/data/
P24-008831,212531497800011060,osceola_appraiser,Osceola County,open,2025-07-14,420,,,,,107 POLERMO,34771,28.29316959833057,-81.22078129347145,https://www.property-appraiser.org/data/
A25-006142,052531426000010041,osceola_appraiser,Osceola County,open,2025-07-16,418,,,,,5160 BOGGY CREEK,34771,28.347611425341828,-81.23408983336543,https://www.property-appraiser.org/data/
P25-006827,012629364800010490,osceola_appraiser,Osceola County,open,2025-07-16,418,,,,,1556 BITTEROOT,34744,28.261209730976294,-81.37166834347151,https://www.property-appraiser.org/data/
A25-005978,302530496000010075,osceola_appraiser,Osceola County,open,2025-07-21,413,,,,,2411 IRLO BRONSON MEM E,34744,28.28182322362184,-81.34508333497357,https://www.property-appraiser.org/data/
P25-007665,142628308400010730,osceola_appraiser,Osceola County,open,2025-07-24,410,,,,,2841 MOONSTONE,34758,28.216848327987638,-81.47566717925439,https://www.property-appraiser.org/data/
A25-006368,042528000001150000,osceola_appraiser,Osceola County,open,2025-07-25,409,,,,,5881 IRLO BRONSON MEM,34746,28.33346536396939,-81.51915800632635,https://www.property-appraiser.org/data/
A25-006296,352527489600010C10,osceola_appraiser,Osceola County,open,2025-07-29,405,,,,,7456 EXCITEMENT,34747,28.260948986371677,-81.58674567670022,https://www.property-appraiser.org/data/
A25-006686,012529000000330000,osceola_appraiser,Osceola County,open,2025-08-01,402,,,,,270 BUEN VECINO,34743,28.341137649580126,-81.36681222286917,https://www.property-appraiser.org/data/
A25-006688,012529000000330000,osceola_appraiser,Osceola County,open,2025-08-01,402,,,,,280 BUEN VECINO,34743,28.341137649580126,-81.36681222286917,https://www.property-appraiser.org/data/
A25-006689,012529000000330000,osceola_appraiser,Osceola County,open,2025-08-01,402,,,,,290 BUEN VECINO,34743,28.341137649580126,-81.36681222286917,https://www.property-appraiser.org/data/
A25-006691,012529000000330000,osceola_appraiser,Osceola County,open,2025-08-01,402,,,,,300 BUEN VECINO,34743,28.341137649580126,-81.36681222286917,https://www.property-appraiser.org/data/
A25-006694,012529000000330000,osceola_appraiser,Osceola County,open,2025-08-01,402,,,,,295 BUEN VECINO,34743,28.341137649580126,-81.36681222286917,https://www.property-appraiser.org/data/
A25-006696,012529000000330000,osceola_appraiser,Osceola County,open,2025-08-01,402,,,,,285 BUEN VECINO,34743,28.341137649580126,-81.36681222286917,https://www.property-appraiser.org/data/
A25-006697,012529000000330000,osceola_appraiser,Osceola County,open,2025-08-01,402,,,,,265 BUEN VECINO,34743,28.341137649580126,-81.36681222286917,https://www.property-appraiser.org/data/
A25-006700,012529000000330000,osceola_appraiser,Osceola County,open,2025-08-01,402,,,,,250 BUEN VECINO,34743,28.341137649580126,-81.36681222286917,https://www.property-appraiser.org/data/
A25-006701,012529000000330000,osceola_appraiser,Osceola County,open,2025-08-01,402,,,,,260 BUEN VECINO,34743,28.341137649580126,-81.36681222286917,https://www.property-appraiser.org/data/
A25-006699,012529000000330000,osceola_appraiser,Osceola County,open,2025-08-04,399,,,,,255 BUEN VECINO,34743,28.341137649580126,-81.36681222286917,https://www.property-appraiser.org/data/
P25-007007,052531332600010450,osceola_appraiser,Osceola County,open,2025-08-06,397,,,,,5221 HAMMOCK POINTE,34771,28.33518540778422,-81.2340319388299,https://www.property-appraiser.org/data/
A25-006673,322530000001700000,osceola_appraiser,Osceola County,open,2025-08-18,385,,,,,1535 SIMMONS,34744,28.263565033893197,-81.32944241199804,https://www.property-appraiser.org/data/
P25-001818,292629294300011240,osceola_appraiser,Osceola County,open,2025-08-18,385,,,,,2561 SHOAL BASS,34746,28.17751454834377,-81.42893452015709,https://www.property-appraiser.org/data/
A25-007250,143033361000170170,osceola_appraiser,Osceola County,open,2025-08-22,381,,,,,1355 CANOE CREEK S,34739,27.876727254093563,-80.9908930179873,https://www.property-appraiser.org/data/
A25-007343,032529457700010020,osceola_appraiser,Osceola County,open,2025-08-25,378,,,,,1310 OSCEOLA W,34741,28.341806262721505,-81.41852117203787,https://www.property-appraiser.org/data/
A25-007032,302629000000110000,osceola_appraiser,Osceola County,open,2025-08-26,377,,,,,3250 PLEASANT HILL,34746,28.200002567599014,-81.4412369449935,https://www.property-appraiser.org/data/
A25-007280,112528321700010030,osceola_appraiser,Osceola County,open,2025-08-27,376,,,,,2880 POINCIANA,34746,28.33144543709732,-81.49022533391147,https://www.property-appraiser.org/data/
A25-007080,0526294510000A0490,osceola_appraiser,Osceola County,open,2025-08-29,374,,,,,3601 ORANGE BLOSSOM,34746,28.25965829061859,-81.44103879235531,https://www.property-appraiser.org/data/
A25-007721,292530333800010040,osceola_appraiser,Osceola County,open,2025-09-04,368,,,,,2515 PARTIN SETTLEMENT,34744,28.27930595352626,-81.34177087251165,https://www.property-appraiser.org/data/
P25-007205,072528278200013660,osceola_appraiser,Osceola County,open,2025-09-04,368,,,,,851 CELEBRATION,34747,28.317446402786036,-81.5455978479661,https://www.property-appraiser.org/data/
A25-007658,0526294510000A0490,osceola_appraiser,Osceola County,open,2025-09-05,367,,,,,3601 ORANGE BLOSSOM,34746,28.25965829061859,-81.44103879235531,https://www.property-appraiser.org/data/
A25-007659,0526294510000A0490,osceola_appraiser,Osceola County,open,2025-09-05,367,,,,,3601 ORANGE BLOSSOM,34746,28.25965829061859,-81.44103879235531,https://www.property-appraiser.org/data/
P25-008368,332530529400011450,osceola_appraiser,Osceola County,open,2025-09-05,367,,,,,3028 ALEKSEY VIEW,34744,28.266444668052227,-81.32166959550884,https://www.property-appraiser.org/data/
A25-007644,032527406200010010,osceola_appraiser,Osceola County,open,2025-09-09,363,,,,,2950 ENTRY POINT,34747,28.334959014997377,-81.59370511326341,https://www.property-appraiser.org/data/
A25-007877,072530000000400000,osceola_appraiser,Osceola County,open,2025-09-09,363,,,,,400 BUENAVENTURA,34743,28.328616061921448,-81.35194778982698,https://www.property-appraiser.org/data/
A26-000530,182527337900016C30,osceola_accela,Osceola County,open,,228,"WEBB CONSTRUCTION GROUP, INC",,CGC1508527,,"1190 CELEBRATION BLVD, KISSIMMEE FL 34747 United States",34747,28.31806354831551,-81.55576203827594,https://permits.osceola.org/CitizenAccess/Cap/CapDetail.aspx?Module=Building&TabName=Building&capID1=REC26&capID2=00000&capID3=002D0&agencyCode=OSCEOLA&IsToShowInspection=
A26-000626,252628610006230030,osceola_accela,Osceola County,open,,223,OWNER/BUILDER OWNER/BUILDER,,,,"106 Montclair WY, Kissimmee FL 34758 United States",34758,28.186460480664884,-81.48990226769821,https://permits.osceola.org/CitizenAccess/Cap/CapDetail.aspx?Module=Building&TabName=Building&capID1=REC26&capID2=00000&capID3=0030P&agencyCode=OSCEOLA&IsToShowInspection=
A26-000731,052629444100010160,osceola_accela,Osceola County,open,,217,HC ROOFING & CONSTRUCTION,3217943497,CCC1336651,A-,"2800 BENTON LN, KISSIMMEE FL 34746",34746,28.246691362416733,-81.43339424209879,https://permits.osceola.org/CitizenAccess/Cap/CapDetail.aspx?Module=Building&TabName=Building&capID1=REC26&capID2=00000&capID3=003N6&agencyCode=OSCEOLA&IsToShowInspection=
A26-000752,0725282845000105A0,osceola_accela,Osceola County,open,,216,TECTA AMERICA SOUTHEAST LLC,4073309303,CCC1333144,,"200 CELEBRATION PL, KISSIMMEE FL 34747",34747,28.328492702619087,-81.53455546790933,https://permits.osceola.org/CitizenAccess/Cap/CapDetail.aspx?Module=Building&TabName=Building&capID1=REC26&capID2=00000&capID3=003TE&agencyCode=OSCEOLA&IsToShowInspection=
A26-000778,192531301700012220,osceola_accela,Osceola County,open,,216,OWNER/BUILDER OWNER/BUILDER,,,,"4905 EMILEE GRACE LN, SAINT CLOUD FL 34771",34771,28.294236450373553,-81.24364548506368,https://permits.osceola.org/CitizenAccess/Cap/CapDetail.aspx?Module=Building&TabName=Building&capID1=REC26&capID2=00000&capID3=003YJ&agencyCode=OSCEOLA&IsToShowInspection=
A26-001230,09272858010001FD05,osceola_accela,Osceola County,open,,196,GWR CENTRAL LLC DBA GULF WESTERN ROOFING,4079306726,CCC1331935,A+,"5706 ESPLANADE DR, KISSIMMEE FL 34758 United States",,,,https://permits.osceola.org/CitizenAccess/Cap/CapDetail.aspx?Module=Building&TabName=Building&capID1=REC26&capID2=00000&capID3=006CO&agencyCode=OSCEOLA&IsToShowInspection=
A26-001271,0725275417000100C0,osceola_accela,Osceola County,open,,195,ROBERT BINNS ROOFING INC,8639849685,CCC1325548,A+,"2570 SANTORINI DR, KISSIMMEE FL 34747",34747,28.319994796887222,-81.64968727797083,https://permits.osceola.org/CitizenAccess/Cap/CapDetail.aspx?Module=Building&TabName=Building&capID1=REC26&capID2=00000&capID3=006HS&agencyCode=OSCEOLA&IsToShowInspection=
A26-001433,072530407400011020,osceola_accela,Osceola County,open,,188,SOLAR ROOFING & CONSTRUCTION SPECIALIST CORP,8636400977,CCC1335469,A+,"102 EAST MARBRISA, KISSIMMEE FL 34743",34743,28.319741848509903,-81.34224246554611,https://permits.osceola.org/CitizenAccess/Cap/CapDetail.aspx?Module=Building&TabName=Building&capID1=REC26&capID2=00000&capID3=0079K&agencyCode=OSCEOLA&IsToShowInspection=
A26-001434,072530407400010340,osceola_accela,Osceola County,open,,188,SOLAR ROOFING & CONSTRUCTION SPECIALIST CORP,8636400977,CCC1335469,A+,"34 WEST MARBRISA WY, KISSIMMEE FL 34743",34743,28.320051231609547,-81.34269819228464,https://permits.osceola.org/CitizenAccess/Cap/CapDetail.aspx?Module=Building&TabName=Building&capID1=REC26&capID2=00000&capID3=0079L&agencyCode=OSCEOLA&IsToShowInspection=
A26-001516,232527350800010010,osceola_accela,Osceola County,open,,185,RAMCON LLC,,CCC058234,,"961 N OLD LAKE WILSON RD, KISSIMMEE FL 34747",34747,28.30153469753127,-81.58632801881458,https://permits.osceola.org/CitizenAccess/Cap/CapDetail.aspx?Module=Building&TabName=Building&capID1=REC26&capID2=00000&capID3=007MQ&agencyCode=OSCEOLA&IsToShowInspection=
A26-001683,252628613821580100,osceola_accela,Osceola County,open,,179,OWNER/BUILDER OWNER/BUILDER,,,,"707 PALAISEAU CT, KISSIMMEE FL 34759",34759,28.114226559166156,-81.44717116033445,https://permits.osceola.org/CitizenAccess/Cap/CapDetail.aspx?Module=Building&TabName=Building&capID1=REC26&capID2=00000&capID3=008E3&agencyCode=OSCEOLA&IsToShowInspection=
A26-001684,292531491000420080,osceola_accela,Osceola County,open,,179,KING CONSTRUCTION USA INC,4073838010,CCC1327068,,"4890 J ST, SAINT CLOUD FL 34771",34771,28.28089358586683,-81.24442698108298,https://permits.osceola.org/CitizenAccess/Cap/CapDetail.aspx?Module=Building&TabName=Building&capID1=REC26&capID2=00000&capID3=008E4&agencyCode=OSCEOLA&IsToShowInspection=
A26-001698,072528278300013050,osceola_accela,Osceola County,open,,178,BLACKBURN & SONS ROOFING,4077095451,CCC1337299,A+,"506 GOLFPARK DR, KISSIMMEE FL 34747",34747,28.32300827777185,-81.53600984271755,https://permits.osceola.org/CitizenAccess/Cap/CapDetail.aspx?Module=Building&TabName=Building&capID1=REC26&capID2=00000&capID3=008FV&agencyCode=OSCEOLA&IsToShowInspection=
A26-001720,252628610006370070,osceola_accela,Osceola County,open,,175,"STERLING ROOFING & CONSTRUCTION, LLC",4079600501,CCC1332510,,"226 CHESHIRE CT, KISSIMMEE FL 34758",34758,28.188893054718854,-81.49541892180513,https://permits.osceola.org/CitizenAccess/Cap/CapDetail.aspx?Module=Building&TabName=Building&capID1=REC26&capID2=00000&capID3=008PV&agencyCode=OSCEOLA&IsToShowInspection=
A26-001743,252628613820830080,osceola_accela,Osceola County,open,,175,UNION CAPITAL ROOFING LLC,4079626201,CCC1334485,F,"340 CLERMONT DR, KISSIMMEE FL 34759",34759,28.128341277584294,-81.44741886492342,https://permits.osceola.org/CitizenAccess/Cap/CapDetail.aspx?Module=Building&TabName=Building&capID1=REC26&capID2=00000&capID3=008SI&agencyCode=OSCEOLA&IsToShowInspection=
A26-001826,022530500100010130,osceola_accela,Osceola County,open,,173,OWNER/BUILDER OWNER/BUILDER,,,,"3716 SILVER LAKE DR, KISSIMMEE FL 34744",34744,28.345662251940396,-81.29209220054736,https://permits.osceola.org/CitizenAccess/Cap/CapDetail.aspx?Module=Building&TabName=Building&capID1=REC26&capID2=00000&capID3=0094R&agencyCode=OSCEOLA&IsToShowInspection=
A26-001922,032530420500010280,osceola_accela,Osceola County,open,,168,OWNER/BUILDER OWNER/BUILDER,,,,"3511 MORNINGSIDE DR, KISSIMMEE FL 34744",34744,28.34275529606825,-81.30588194377036,https://permits.osceola.org/CitizenAccess/Cap/CapDetail.aspx?Module=Building&TabName=Building&capID1=REC26&capID2=00000&capID3=009ZY&agencyCode=OSCEOLA&IsToShowInspection=
A26-001925,202531286900010260,osceola_accela,Osceola County,open,,168,OWNER/BUILDER OWNER/BUILDER,,,,"160 AUTUMN CT, SAINT CLOUD FL 34771",34771,28.292148744102985,-81.24034008190415,https://permits.osceola.org/CitizenAccess/Cap/CapDetail.aspx?Module=Building&TabName=Building&capID1=REC26&capID2=00000&capID3=00A0A&agencyCode=OSCEOLA&IsToShowInspection=
A26-001932,242529000000150000,osceola_accela,Osceola County,open,,168,"ARCHITECTURAL SHEET METAL, INC.",4078557183,CCC1330237,A+,"2034 Suns CIR, Kissimmee FL 34744 United States",34744,28.30165494040234,-81.36239650589614,https://permits.osceola.org/CitizenAccess/Cap/CapDetail.aspx?Module=Building&TabName=Building&capID1=REC26&capID2=00000&capID3=00A1G&agencyCode=OSCEOLA&IsToShowInspection=
A26-001963,022528503500010015,osceola_accela,Osceola County,open,,167,ARCHWAY INTERNATIONAL INC,4076108157,CCC1326774,A+,"3492 POLYNESIAN ISLE BLVD, KISSIMMEE FL 34746",34746,28.346101712898644,-81.48816514440784,https://permits.osceola.org/CitizenAccess/Cap/CapDetail.aspx?Module=Building&TabName=Building&capID1=REC26&capID2=00000&capID3=00A3Z&agencyCode=OSCEOLA&IsToShowInspection=
A26-001995,352527483800012200,osceola_accela,Osceola County,open,,166,ROBERT JONES ROOFING AND GENERAL CONTRACTING,4072255715,CCC1327287,,"7550 EXCITEMENT DR, KISSIMMEE FL 34747",34747,28.262847917289953,-81.58166137132626,https://permits.osceola.org/CitizenAccess/Cap/CapDetail.aspx?Module=Building&TabName=Building&capID1=REC26&capID2=00000&capID3=00A8A&agencyCode=OSCEOLA&IsToShowInspection=
A26-002139,142628355300010550,osceola_accela,Osceola County,open,,161,EDGARD BUILDING LLC,3212403935,CCC1333458,,"2562 JASMINE TRACE DR, KISSIMMEE FL 34758",34758,28.227473018765284,-81.49377560456105,https://permits.osceola.org/CitizenAccess/Cap/CapDetail.aspx?Module=Building&TabName=Building&capID1=REC26&capID2=00000&capID3=00AZX&agencyCode=OSCEOLA&IsToShowInspection=
A26-002159,092528000000900000,osceola_accela,Osceola County,open,,160,ALPHA ROOFING AND SHEET METAL LLC,4079630470,CCC1329348,,"5678 IRLO BRONSON MEM HWY, KISSIMMEE FL 34746",34746,28.330927138864727,-81.51130396274394,https://permits.osceola.org/CitizenAccess/Cap/CapDetail.aspx?Module=Building&TabName=Building&capID1=REC26&capID2=00000&capID3=00B20&agencyCode=OSCEOLA&IsToShowInspection=
A26-002160,092528000000900000,osceola_accela,Osceola County,open,,160,ALPHA ROOFING AND SHEET METAL LLC,4079630470,CCC1329348,,"5678 IRLO BRONSON MEM HWY, KISSIMMEE FL 34746",34746,28.330927138864727,-81.51130396274394,https://permits.osceola.org/CitizenAccess/Cap/CapDetail.aspx?Module=Building&TabName=Building&capID1=REC26&capID2=00000&capID3=00B3Q&agencyCode=OSCEOLA&IsToShowInspection=
A26-002162,092528000000900000,osceola_accela,Osceola County,open,,160,ALPHA ROOFING AND SHEET METAL LLC,4079630470,CCC1329348,,"5678 IRLO BRONSON MEM HWY, KISSIMMEE FL 34746",34746,28.330927138864727,-81.51130396274394,https://permits.osceola.org/CitizenAccess/Cap/CapDetail.aspx?Module=Building&TabName=Building&capID1=REC26&capID2=00000&capID3=00B3S&agencyCode=OSCEOLA&IsToShowInspection=
A26-002163,092528000000900000,osceola_accela,Osceola County,open,,160,ALPHA ROOFING AND SHEET METAL LLC,4079630470,CCC1329348,,"5678 IRLO BRONSON MEM HWY, KISSIMMEE FL 34746",34746,28.330927138864727,-81.51130396274394,https://permits.osceola.org/CitizenAccess/Cap/CapDetail.aspx?Module=Building&TabName=Building&capID1=REC26&capID2=00000&capID3=00B3V&agencyCode=OSCEOLA&IsToShowInspection=
A26-002164,092528000000900000,osceola_accela,Osceola County,open,,160,ALPHA ROOFING AND SHEET METAL LLC,4079630470,CCC1329348,,"5678 IRLO BRONSON MEM HWY, KISSIMMEE FL 34746",34746,28.330927138864727,-81.51130396274394,https://permits.osceola.org/CitizenAccess/Cap/CapDetail.aspx?Module=Building&TabName=Building&capID1=REC26&capID2=00000&capID3=00B3X&agencyCode=OSCEOLA&IsToShowInspection=
A26-002165,092528000000900000,osceola_accela,Osceola County,open,,160,ALPHA ROOFING AND SHEET METAL LLC,4079630470,CCC1329348,,"5678 IRLO BRONSON MEM HWY, KISSIMMEE FL 34746",34746,28.330927138864727,-81.51130396274394,https://permits.osceola.org/CitizenAccess/Cap/CapDetail.aspx?Module=Building&TabName=Building&capID1=REC26&capID2=00000&capID3=00B3Z&agencyCode=OSCEOLA&IsToShowInspection=
A26-002166,092528000000900000,osceola_accela,Osceola County,open,,160,ALPHA ROOFING AND SHEET METAL LLC,4079630470,CCC1329348,,"5678 IRLO BRONSON MEM HWY, KISSIMMEE FL 34746",34746,28.330927138864727,-81.51130396274394,https://permits.osceola.org/CitizenAccess/Cap/CapDetail.aspx?Module=Building&TabName=Building&capID1=REC26&capID2=00000&capID3=00B40&agencyCode=OSCEOLA&IsToShowInspection=
A26-002187,072530271702050140,osceola_accela,Osceola County,open,,160,BENTLEY ROOFING LLC,,CCC1328148,,"239 SATINWOOD CIR, KISSIMMEE FL 34743",34743,28.33944818518214,-81.37117727383558,https://permits.osceola.org/CitizenAccess/Cap/CapDetail.aspx?Module=Building&TabName=Building&capID1=REC26&capID2=00000&capID3=00B7Q&agencyCode=OSCEOLA&IsToShowInspection=
A26-002379,312631495000011251,osceola_accela,Osceola County,open,,153,UNIVERSAL ROOFING GROUP INC,4072957403,CCC057165,A+,"4749 HUNTING LODGE DR, SAINT CLOUD FL 34772",34772,28.174196363288885,-81.24960361833952,https://permits.osceola.org/CitizenAccess/Cap/CapDetail.aspx?Module=Building&TabName=Building&capID1=REC26&capID2=00000&capID3=00C1E&agencyCode=OSCEOLA&IsToShowInspection=
A26-002444,18262926240001G240,osceola_accela,Osceola County,open,,152,YOSHHI CORP,4077855318,CCC1335514,,"2600 TURKANO WY, KISSIMMEE FL 34746",34746,28.225827234992348,-81.45634441453169,https://permits.osceola.org/CitizenAccess/Cap/CapDetail.aspx?Module=Building&TabName=Building&capID1=REC26&capID2=00000&capID3=00C99&agencyCode=OSCEOLA&IsToShowInspection=
A26-002497,192631495000011003,osceola_accela,Osceola County,open,,150,SL CONSTRUCTION,4079201540,CCC1332559,,"3129 RAMBLER AVE, SAINT CLOUD FL 34772",34772,28.20535150744981,-81.2509101178252,https://permits.osceola.org/CitizenAccess/Cap/CapDetail.aspx?Module=Building&TabName=Building&capID1=REC26&capID2=00000&capID3=00CIZ&agencyCode=OSCEOLA&IsToShowInspection=
A26-002562,122628508800012520,osceola_accela,Osceola County,open,,146,ORANGE COUNTY CONSTRUCTION 911,4078550404,CGC1513578,,"4323 LIGHTERKNOT TRCE, KISSIMMEE FL 34746",34746,28.247446122596937,-81.45573665890646,https://permits.osceola.org/CitizenAccess/Cap/CapDetail.aspx?Module=Building&TabName=Building&capID1=REC26&capID2=00000&capID3=00CTX&agencyCode=OSCEOLA&IsToShowInspection=
A26-002583,132528546900010310,osceola_accela,Osceola County,open,,145,OWNER/BUILDER N/A,,,,"1900 ELLERY LN, KISSIMMEE FL 34746",34746,28.308473536968467,-81.47386307128451,https://permits.osceola.org/CitizenAccess/Cap/CapDetail.aspx?Module=Building&TabName=Building&capID1=REC26&capID2=00000&capID3=00CYM&agencyCode=OSCEOLA&IsToShowInspection=
A26-002587,262529000000700000,osceola_accela,Osceola County,open,,145,RICK LUNDBERG ROOFING INC,4078917717,CCC051550,,"1665 NEPTUNE RD, KISSIMMEE FL 34744",34744,28.285162093340446,-81.37619432850609,https://permits.osceola.org/CitizenAccess/Cap/CapDetail.aspx?Module=Building&TabName=Building&capID1=REC26&capID2=00000&capID3=00D17&agencyCode=OSCEOLA&IsToShowInspection=
A26-002662,072530267600170040,osceola_accela,Osceola County,open,,143,INNOVATIVE CONSTRUCTION INSPECTION INC,,,,"283 FLORIDA PKWY, KISSIMMEE FL 34743",34743,28.333765813139923,-81.34822931706528,https://permits.osceola.org/CitizenAccess/Cap/CapDetail.aspx?Module=Building&TabName=Building&capID1=REC26&capID2=00000&capID3=00DAG&agencyCode=OSCEOLA&IsToShowInspection=
A26-002665,252628340300011040,osceola_accela,Osceola County,open,,143,HC ROOFING & CONSTRUCTION,3217943497,CCC1336651,A-,"4488 LUMBERDALE RD, KISSIMMEE FL 34746",34746,28.195390157378483,-81.45964777709325,https://permits.osceola.org/CitizenAccess/Cap/CapDetail.aspx?Module=Building&TabName=Building&capID1=REC26&capID2=00000&capID3=00DAS&agencyCode=OSCEOLA&IsToShowInspection=
A26-002795,012630495000011610,osceola_accela,Osceola County,open,,138,GUDINO ROOFING & CONSTRUCTION INC,8632191515,CCC1336143,,"325 ROSEDALE AVE, SAINT CLOUD FL 34769",34769,28.254796434798813,-81.26106643131499,https://permits.osceola.org/CitizenAccess/Cap/CapDetail.aspx?Module=Building&TabName=Building&capID1=REC26&capID2=00000&capID3=00DTR&agencyCode=OSCEOLA&IsToShowInspection=
A26-002814,022528516800010010,osceola_accela,Osceola County,open,,138,AMERICA ROOFING,,CCC1325760,A+,"3270 Zenith WY, Bldg 2, Kissimmee FL 34746 United States",34746,,,https://permits.osceola.org/CitizenAccess/Cap/CapDetail.aspx?Module=Building&TabName=Building&capID1=REC26&capID2=00000&capID3=00DWC&agencyCode=OSCEOLA&IsToShowInspection=
A26-002815,022528516800010010,osceola_accela,Osceola County,open,,138,AMERICA ROOFING,,CCC1325760,A+,"4870 ECLIPSE DR, Bldg 3, KISSIMMEE FL 34746 United States",34746,,,https://permits.osceola.org/CitizenAccess/Cap/CapDetail.aspx?Module=Building&TabName=Building&capID1=REC26&capID2=00000&capID3=00DWE&agencyCode=OSCEOLA&IsToShowInspection=
A26-002816,022528516800010010,osceola_accela,Osceola County,open,,138,AMERICA ROOFING,,CCC1325760,A+,"4880 Eclipse DR, Bldg 4, Kissimmee FL 34746 United States",34746,,,https://permits.osceola.org/CitizenAccess/Cap/CapDetail.aspx?Module=Building&TabName=Building&capID1=REC26&capID2=00000&capID3=00DWJ&agencyCode=OSCEOLA&IsToShowInspection=
A26-002817,022528516800010010,osceola_accela,Osceola County,open,,138,AMERICA ROOFING,,CCC1325760,A+,"3260 Zenith WY, Bldg 5, Kissimmee FL 34746 United States",34746,,,https://permits.osceola.org/CitizenAccess/Cap/CapDetail.aspx?Module=Building&TabName=Building&capID1=REC26&capID2=00000&capID3=00DWK&agencyCode=OSCEOLA&IsToShowInspection=
A26-002818,022528516800010010,osceola_accela,Osceola County,open,,138,AMERICA ROOFING,,CCC1325760,A+,"4890 Eclipse DR, Bldg 6, Kissimmee FL 34746 United States",34746,,,https://permits.osceola.org/CitizenAccess/Cap/CapDetail.aspx?Module=Building&TabName=Building&capID1=REC26&capID2=00000&capID3=00DWL&agencyCode=OSCEOLA&IsToShowInspection=
A26-002819,022528516800010010,osceola_accela,Osceola County,open,,138,AMERICA ROOFING,,CCC1325760,A+,"32661 ZENITH WY, Bldg 7 MAIL, KISSIMMEE FL 34746 United States",34746,,,https://permits.osceola.org/CitizenAccess/Cap/CapDetail.aspx?Module=Building&TabName=Building&capID1=REC26&capID2=00000&capID3=00DWM&agencyCode=OSCEOLA&IsToShowInspection=
A26-002820,022528516800010010,osceola_accela,Osceola County,open,,138,AMERICA ROOFING,,CCC1325760,A+,"4889 Eclipse DR, Bldg 8 GARAGE, Kissimmee FL 34746 United States",34746,,,https://permits.osceola.org/CitizenAccess/Cap/CapDetail.aspx?Module=Building&TabName=Building&capID1=REC26&capID2=00000&capID3=00DWN&agencyCode=OSCEOLA&IsToShowInspection=
A26-002821,022528516800010010,osceola_accela,Osceola County,open,,138,AMERICA ROOFING,,CCC1325760,A+,"4887 Eclipse DR, Bldg 9 GARAGE, Kissimmee FL 34746 United States",34746,,,https://permits.osceola.org/CitizenAccess/Cap/CapDetail.aspx?Module=Building&TabName=Building&capID1=REC26&capID2=00000&capID3=00DWP&agencyCode=OSCEOLA&IsToShowInspection=
A26-002822,022528516800010010,osceola_accela,Osceola County,open,,138,AMERICA ROOFING,,CCC1325760,A+,"4800 Odd Eclipse DR, STORAGE #1, Kissimmee FL 34746 United States",34746,,,https://permits.osceola.org/CitizenAccess/Cap/CapDetail.aspx?Module=Building&TabName=Building&capID1=REC26&capID2=00000&capID3=00DWQ&agencyCode=OSCEOLA&IsToShowInspection=
A26-002849,022528516800010010,osceola_accela,Osceola County,open,,137,AMERICA ROOFING,,CCC1325760,A+,"4881 Eclipse DR, Bldg 11, Kissimmee FL 34746 United States",34746,,,https://permits.osceola.org/CitizenAccess/Cap/CapDetail.aspx?Module=Building&TabName=Building&capID1=REC26&capID2=00000&capID3=00DZ6&agencyCode=OSCEOLA&IsToShowInspection=
A26-002850,022528516800010010,osceola_accela,Osceola County,open,,137,AMERICA ROOFING,,CCC1325760,A+,"4879 Eclipse DR, Bldg 12 GARAGE, Kissimmee FL 34746 United States",34746,,,https://permits.osceola.org/CitizenAccess/Cap/CapDetail.aspx?Module=Building&TabName=Building&capID1=REC26&capID2=00000&capID3=00DZ9&agencyCode=OSCEOLA&IsToShowInspection=
A26-002851,022528516800010010,osceola_accela,Osceola County,open,,137,AMERICA ROOFING,,CCC1325760,A+,"4877 Eclipse DR, Bldg 13 GARAGE, Kissimmee FL 34746 United States",34746,,,https://permits.osceola.org/CitizenAccess/Cap/CapDetail.aspx?Module=Building&TabName=Building&capID1=REC26&capID2=00000&capID3=00DZB&agencyCode=OSCEOLA&IsToShowInspection=
A26-002852,022528399900010020,osceola_accela,Osceola County,open,,137,AMERICA ROOFING,,CCC1325760,A+,"4850 ECLIPSE DR, Bldg 14, KISSIMMEE FL 34746",,28.343404549525275,-81.47788928999597,https://permits.osceola.org/CitizenAccess/Cap/CapDetail.aspx?Module=Building&TabName=Building&capID1=REC26&capID2=00000&capID3=00DZE&agencyCode=OSCEOLA&IsToShowInspection=
A26-002853,022528516800010010,osceola_accela,Osceola County,open,,137,AMERICA ROOFING,,CCC1325760,A+,"4869 Eclipse DR, Bldg 15 GARAGE, Kissimmee FL 34746 United States",34746,,,https://permits.osceola.org/CitizenAccess/Cap/CapDetail.aspx?Module=Building&TabName=Building&capID1=REC26&capID2=00000&capID3=00DZF&agencyCode=OSCEOLA&IsToShowInspection=
A26-002854,022528516800010010,osceola_accela,Osceola County,open,,137,AMERICA ROOFING,,CCC1325760,A+,"4867 Eclipse DR, Bldg 16 GARAGE, Kissimmee FL 34746 United States",34746,,,https://permits.osceola.org/CitizenAccess/Cap/CapDetail.aspx?Module=Building&TabName=Building&capID1=REC26&capID2=00000&capID3=00DZG&agencyCode=OSCEOLA&IsToShowInspection=
A26-002855,022528516800010010,osceola_accela,Osceola County,open,,137,AMERICA ROOFING,,CCC1325760,A+,"4865 Eclipse DR, Apt 17 GARAGE, Kissimmee FL 34746 United States",34746,,,https://permits.osceola.org/CitizenAccess/Cap/CapDetail.aspx?Module=Building&TabName=Building&capID1=REC26&capID2=00000&capID3=00DZH&agencyCode=OSCEOLA&IsToShowInspection=
A26-002856,022528516800010010,osceola_accela,Osceola County,open,,137,AMERICA ROOFING,,CCC1325760,A+,"4861 Eclipse DR, Bldg 18 GARAGE, Kissimmee FL 34746 United States",34746,,,https://permits.osceola.org/CitizenAccess/Cap/CapDetail.aspx?Module=Building&TabName=Building&capID1=REC26&capID2=00000&capID3=00DZI&agencyCode=OSCEOLA&IsToShowInspection=
A26-002858,022528516800010010,osceola_accela,Osceola County,open,,137,AMERICA ROOFING,,CCC1325760,A+,"4800 ODD ECLIPSE DR, Bldg 19 STORAGE, KISSIMMEE FL 34746 United States",34746,,,https://permits.osceola.org/CitizenAccess/Cap/CapDetail.aspx?Module=Building&TabName=Building&capID1=REC26&capID2=00000&capID3=00DZK&agencyCode=OSCEOLA&IsToShowInspection=
A26-002862,022528516800010010,osceola_accela,Osceola County,open,,137,AMERICA ROOFING,,CCC1325760,A+,"4857 Eclipse DR, Bldg 20 GARAGE, Kissimmee FL 34746 United States",34746,,,https://permits.osceola.org/CitizenAccess/Cap/CapDetail.aspx?Module=Building&TabName=Building&capID1=REC26&capID2=00000&capID3=00DZV&agencyCode=OSCEOLA&IsToShowInspection=
A26-002863,022528516800010010,osceola_accela,Osceola County,open,,137,AMERICA ROOFING,,CCC1325760,A+,"4855 Eclipse DR, Bldg 21 GARAGE, Kissimmee FL 34746 United States",34746,,,https://permits.osceola.org/CitizenAccess/Cap/CapDetail.aspx?Module=Building&TabName=Building&capID1=REC26&capID2=00000&capID3=00DZY&agencyCode=OSCEOLA&IsToShowInspection=
A26-002864,022528516800010010,osceola_accela,Osceola County,open,,137,AMERICA ROOFING,,CCC1325760,A+,"3200 Even Zenith Way, Bldg #22, Kissimmee FL 34746 United States",34746,,,https://permits.osceola.org/CitizenAccess/Cap/CapDetail.aspx?Module=Building&TabName=Building&capID1=REC26&capID2=00000&capID3=00E04&agencyCode=OSCEOLA&IsToShowInspection=
A26-002865,022528516800010010,osceola_accela,Osceola County,open,,137,AMERICA ROOFING,,CCC1325760,A+,"4800 ODD ECLIPSE DR, KISSIMMEE FL 34746 United States",34746,,,https://permits.osceola.org/CitizenAccess/Cap/CapDetail.aspx?Module=Building&TabName=Building&capID1=REC26&capID2=00000&capID3=00E05&agencyCode=OSCEOLA&IsToShowInspection=
A26-002869,022528516800010010,osceola_accela,Osceola County,open,,137,AMERICA ROOFING,,CCC1325760,A+,"4850 Eclipse DR, Kissimmee FL 34746 United States",34746,,,https://permits.osceola.org/CitizenAccess/Cap/CapDetail.aspx?Module=Building&TabName=Building&capID1=REC26&capID2=00000&capID3=00E0P&agencyCode=OSCEOLA&IsToShowInspection=
A26-002999,102528000000600000,osceola_accela,Osceola County,open,,137,BEST BUY ROOFING LLC,3214742342,CCC1333798,,"691 ARROW LN, KISSIMMEE FL 34746",34746,28.3227653492067,-81.4955845290384,https://permits.osceola.org/CitizenAccess/Cap/CapDetail.aspx?Module=Building&TabName=Building&capID1=REC26&capID2=00000&capID3=00EIW&agencyCode=OSCEOLA&IsToShowInspection=
A26-002914,052527517700010940,osceola_accela,Osceola County,open,,133,DYNAMIC MECHANICAL LLC,,CCC1337462,,"2958 sunset vista BLVD, kissimmee FL 34747 United States",34747,28.332584532719622,-81.62746864811837,https://permits.osceola.org/CitizenAccess/Cap/CapDetail.aspx?Module=Building&TabName=Building&capID1=REC26&capID2=00000&capID3=00E9O&agencyCode=OSCEOLA&IsToShowInspection=
A26-002952,202629307200011980,osceola_accela,Osceola County,open,,132,MY AMELIA INC DBA INSPECTED.COM,,,,"2441 MARSHFIELD PRESERVE WY, KISSIMMEE FL 34746",34746,28.20590818882857,-81.42605040084885,https://permits.osceola.org/CitizenAccess/Cap/CapDetail.aspx?Module=Building&TabName=Building&capID1=REC26&capID2=00000&capID3=00EDJ&agencyCode=OSCEOLA&IsToShowInspection=
A26-002997,252628266700010890,osceola_accela,Osceola County,open,,131,GIO RENOVATIONS,4075204645,CCC1336904,,"4097 NAVIGATOR, KISSIMMEE FL 34746",34746,28.177892185474413,-81.45221961888733,https://permits.osceola.org/CitizenAccess/Cap/CapDetail.aspx?Module=Building&TabName=Building&capID1=REC26&capID2=00000&capID3=00EIU&agencyCode=OSCEOLA&IsToShowInspection=
A26-003003,122728405700010700,osceola_accela,Osceola County,open,,131,UNION CAPITAL ROOFING LLC,4079626201,CCC1334485,F,"4472 MAPLE CHASE TRL, KISSIMMEE FL 34758",34758,28.156245487746876,-81.46829993021991,https://permits.osceola.org/CitizenAccess/Cap/CapDetail.aspx?Module=Building&TabName=Building&capID1=REC26&capID2=00000&capID3=00EJ3&agencyCode=OSCEOLA&IsToShowInspection=
A26-003142,03252828780001CA10,osceola_accela,Osceola County,open,,125,STRATUS ROOFING,4076255866,CCC1326094,A+,"2941 LUCAYAN HARBOUR CIR, KISSIMMEE FL 34746",34746,28.33665772665102,-81.49680538211977,https://permits.osceola.org/CitizenAccess/Cap/CapDetail.aspx?Module=Building&TabName=Building&capID1=REC26&capID2=00000&capID3=00F48&agencyCode=OSCEOLA&IsToShowInspection=
A26-003148,132628000000200000,osceola_accela,Osceola County,open,,125,SFR TECH ROOFING LLC,7542340824,CCC1330899,,"2501 HAM BROWN RD, KISSIMMEE FL 34746",34746,28.22667587690022,-81.46445028472979,https://permits.osceola.org/CitizenAccess/Cap/CapDetail.aspx?Module=Building&TabName=Building&capID1=REC26&capID2=00000&capID3=00F4S&agencyCode=OSCEOLA&IsToShowInspection=
A26-003162,072530268801340360,osceola_accela,Osceola County,open,,125,OWNER/BUILDER OWNER/BUILDER,,,,"231 EAST CEDARWOOD CIR, KISSIMMEE FL 34743",34743,28.332584820183794,-81.36002545829047,https://permits.osceola.org/CitizenAccess/Cap/CapDetail.aspx?Module=Building&TabName=Building&capID1=REC26&capID2=00000&capID3=00F7G&agencyCode=OSCEOLA&IsToShowInspection=
A26-003209,102628266100011350,osceola_accela,Osceola County,open,,124,AMERICA ROOFING,,CCC1325760,A+,"2150 BLACKSTONE LANDING DR, KISSIMMEE FL 34758",34758,28.23746673640596,-81.49357875828187,https://permits.osceola.org/CitizenAccess/Cap/CapDetail.aspx?Module=Building&TabName=Building&capID1=REC26&capID2=00000&capID3=00FD6&agencyCode=OSCEOLA&IsToShowInspection=
A26-003228,222527492400010760,osceola_accela,Osceola County,open,,123,TOP DOG ROOFING,8633272822,CCC1330806,B-,"7653 WILMINGTON LOOP, KISSIMMEE FL 34747",34747,28.292716449976854,-81.59305673835242,https://permits.osceola.org/CitizenAccess/Cap/CapDetail.aspx?Module=Building&TabName=Building&capID1=REC26&capID2=00000&capID3=00FKQ&agencyCode=OSCEOLA&IsToShowInspection=
A26-003292,022530500100010010,osceola_accela,Osceola County,open,,119,ARMORPRO ROOFING & CONSTRUCTION LLC,,CCC1333663,,"3692 SILVER LAKE DR, KISSIMMEE FL 34744",34744,28.347883683187373,-81.29279334686707,https://permits.osceola.org/CitizenAccess/Cap/CapDetail.aspx?Module=Building&TabName=Building&capID1=REC26&capID2=00000&capID3=00FWC&agencyCode=OSCEOLA&IsToShowInspection=
A26-003365,052729000000500000,osceola_accela,Osceola County,open,,118,3A'S BUILDERS AND I BUILDERS LLC,4079709621,CCC1329506,,"4101 PLEASANT HILL RD, KISSIMMEE FL 34746",34746,28.170305467548715,-81.43757830575422,https://permits.osceola.org/CitizenAccess/Cap/CapDetail.aspx?Module=Building&TabName=Building&capID1=REC26&capID2=00000&capID3=00G4U&agencyCode=OSCEOLA&IsToShowInspection=
A26-003377,312632000000240000,osceola_accela,Osceola County,open,,117,CORE ROOFING SYSTEMS,4704767128,CCC1334039,,"7200 E IRLO BRONSON MEM HWY, SAINT CLOUD FL 34771",34771,28.184393310530297,-81.14663685440263,https://permits.osceola.org/CitizenAccess/Cap/CapDetail.aspx?Module=Building&TabName=Building&capID1=REC26&capID2=00000&capID3=00G69&agencyCode=OSCEOLA&IsToShowInspection=
A26-003403,09272858010001FD05,osceola_accela,Osceola County,open,,117,GWR CENTRAL LLC DBA GULF WESTERN ROOFING,4079306726,CCC1331935,A+,"5700 ESPLANADE DR, KISSIMMEE FL 34758 United States",,,,https://permits.osceola.org/CitizenAccess/Cap/CapDetail.aspx?Module=Building&TabName=Building&capID1=REC26&capID2=00000&capID3=00G9L&agencyCode=OSCEOLA&IsToShowInspection=
A26-003442,032528287800010090,osceola_accela,Osceola County,open,,116,STRATUS ROOFING,4076256850,CCC1331354,A+,"2966 LUCAYAN HARBOUR CIR, 101, KISSIMMEE FL 34746",34746,28.33662042747761,-81.49676384619205,https://permits.osceola.org/CitizenAccess/Cap/CapDetail.aspx?Module=Building&TabName=Building&capID1=REC26&capID2=00000&capID3=00GFU&agencyCode=OSCEOLA&IsToShowInspection=
A26-003550,292530266300010730,osceola_accela,Osceola County,open,,111,INNOVATIVE CONSTRUCTION INSPECTION INC,,,,"1024 HERMOSA WY, KISSIMMEE FL 34744",34744,28.283451367266828,-81.32665761479932,https://permits.osceola.org/CitizenAccess/Cap/CapDetail.aspx?Module=Building&TabName=Building&capID1=REC26&capID2=00000&capID3=00GW2&agencyCode=OSCEOLA&IsToShowInspection=
A26-003588,252628611213010020,osceola_accela,Osceola County,open,,110,JAMES COMMERCIAL DEVELOPMENT INC.,4074465454,CCC1328573,,"406 BRIDGEWATER CT, KISSIMMEE FL 34758",34758,28.15782394368803,-81.48961722136146,https://permits.osceola.org/CitizenAccess/Cap/CapDetail.aspx?Module=Building&TabName=Building&capID1=REC26&capID2=00000&capID3=00H6W&agencyCode=OSCEOLA&IsToShowInspection=
A26-003639,102529286000010140,osceola_accela,Osceola County,open,,109,OWNER/BUILDER OWNER/BUILDER,,,,"2786 Tropical Lake Dr, Kissimmee FL 34741 United States",34741,28.32865296670384,-81.40568725251963,https://permits.osceola.org/CitizenAccess/Cap/CapDetail.aspx?Module=Building&TabName=Building&capID1=REC26&capID2=00000&capID3=00HDG&agencyCode=OSCEOLA&IsToShowInspection=
A26-003684,17262930010001102B,osceola_accela,Osceola County,open,,104,PRIORITY ROOFING OF ORLANDO LLC,6893054104,CCC1334679,,"2759 EAGLE RIDGE LOOP, KISSIMMEE FL 34746",34746,28.21976259098235,-81.43602679904846,https://permits.osceola.org/CitizenAccess/Cap/CapDetail.aspx?Module=Building&TabName=Building&capID1=REC26&capID2=00000&capID3=00HM1&agencyCode=OSCEOLA&IsToShowInspection=
A26-003813,182629262600010200,osceola_accela,Osceola County,open,,98,FLORIDA SKY ROOFING LLC,6892411117,CCC1337349,,"2538 BAYKAL DR, KISSIMMEE FL 34746",34746,28.224583805431415,-81.44798700125477,https://permits.osceola.org/CitizenAccess/Cap/CapDetail.aspx?Module=Building&TabName=Building&capID1=REC26&capID2=00000&capID3=00I7U&agencyCode=OSCEOLA&IsToShowInspection=
A26-003832,042527500400010030,osceola_accela,Osceola County,open,,98,INDUSTRIAL COMMERCIAL ROOFING INC,,CCC1330880,,"3178 INSPIRATION DR, KISSIMMEE FL 34747",34747,28.34387296078541,-81.60660954604066,https://permits.osceola.org/CitizenAccess/Cap/CapDetail.aspx?Module=Building&TabName=Building&capID1=REC26&capID2=00000&capID3=00IA7&agencyCode=OSCEOLA&IsToShowInspection=
A26-004049,0725303923000100A0,osceola_accela,Osceola County,open,,90,RBH ROOFING CORP,4078797599,CCC1336260,,"143 LAS BRISAS WY, CLUBHOUSE, KISSIMMEE FL 34743",34743,28.32070098874046,-81.34583707372161,https://permits.osceola.org/CitizenAccess/Cap/CapDetail.aspx?Module=Building&TabName=Building&capID1=REC26&capID2=00000&capID3=00J70&agencyCode=OSCEOLA&IsToShowInspection=
A26-004099,252628351800010840,osceola_accela,Osceola County,open,,89,AFFORDABLE ROOFING L.L.C.,9562836944,CCC1329724,A+,"4155 KEY COLONY PL, KISSIMMEE FL 34746",34746,28.16569846578602,-81.44088067792848,https://permits.osceola.org/CitizenAccess/Cap/CapDetail.aspx?Module=Building&TabName=Building&capID1=REC26&capID2=00000&capID3=00JB1&agencyCode=OSCEOLA&IsToShowInspection=
A26-004106,122728256200010030,osceola_accela,Osceola County,open,,89,DDP ROOFING SERVICES INC,,CCC1327328,,"369 CYPRESS PKWY, KISSIMMEE FL 34759",34759,28.14346986036444,-81.47227103176205,https://permits.osceola.org/CitizenAccess/Cap/CapDetail.aspx?Module=Building&TabName=Building&capID1=REC26&capID2=00000&capID3=00JC5&agencyCode=OSCEOLA&IsToShowInspection=
A26-004110,022528370400010070,osceola_accela,Osceola County,open,,89,EDGE 2 EDGE ROOFING LLC,,CCC1330977,,"4955 W IRLO BRONSON MEM HWY, KISSIMMEE FL 34746",34746,28.334369256659638,-81.48060111948735,https://permits.osceola.org/CitizenAccess/Cap/CapDetail.aspx?Module=Building&TabName=Building&capID1=REC26&capID2=00000&capID3=00JCG&agencyCode=OSCEOLA&IsToShowInspection=
A26-004124,092527445700010290,osceola_accela,Osceola County,open,,89,NEAT EXTERIORS INC,4076127399,CCC1335521,B-,"2823 DRIFTING LILLY LOOP, KISSIMMEE FL 34747",34747,28.329623800404708,-81.61040767154554,https://permits.osceola.org/CitizenAccess/Cap/CapDetail.aspx?Module=Building&TabName=Building&capID1=REC26&capID2=00000&capID3=00JDU&agencyCode=OSCEOLA&IsToShowInspection=
A26-004166,032528348900019520,osceola_accela,Osceola County,open,,87,BLUE STAR ROOFING INC,,CCC1332950,A+,"5335 LONESOME DOVE DR, KISSIMMEE FL 34746",34746,28.340786412242483,-81.49376357568059,https://permits.osceola.org/CitizenAccess/Cap/CapDetail.aspx?Module=Building&TabName=Building&capID1=REC26&capID2=00000&capID3=00JMN&agencyCode=OSCEOLA&IsToShowInspection=
A26-004167,032528348900019510,osceola_accela,Osceola County,open,,87,BLUE STAR ROOFING INC,,CCC1332950,A+,"5339 LONESOME DOVE DR, KISSIMMEE FL 34746",34746,28.340725327333992,-81.49394161339575,https://permits.osceola.org/CitizenAccess/Cap/CapDetail.aspx?Module=Building&TabName=Building&capID1=REC26&capID2=00000&capID3=00JMP&agencyCode=OSCEOLA&IsToShowInspection=
A26-004188,052629444300013400,osceola_accela,Osceola County,open,,87,CAS CONSTRUCTION LLC,3219450242,CCC1334577,,"2336 MEADOW OAK CIR, KISSIMMEE FL 34746",34746,28.24490550646626,-81.43421597375077,https://permits.osceola.org/CitizenAccess/Cap/CapDetail.aspx?Module=Building&TabName=Building&capID1=REC26&capID2=00000&capID3=00JOV&agencyCode=OSCEOLA&IsToShowInspection=
A26-004224,072528279300010790,osceola_accela,Osceola County,open,,84,GOLD KEY ROOFING LLC,4078510680,CCC1329157,A+,"916 WESTPARK DR, KISSIMMEE FL 34747",34747,28.32005480922534,-81.54967584860304,https://permits.osceola.org/CitizenAccess/Cap/CapDetail.aspx?Module=Building&TabName=Building&capID1=REC26&capID2=00000&capID3=00JVB&agencyCode=OSCEOLA&IsToShowInspection=
A26-004227,072528279300010790,osceola_accela,Osceola County,open,,84,GOLD KEY ROOFING LLC,4078510680,CCC1329157,A+,"916 WESTPARK DR, GARAGE, KISSIMMEE FL 34747",34747,28.32005480922534,-81.54967584860304,https://permits.osceola.org/CitizenAccess/Cap/CapDetail.aspx?Module=Building&TabName=Building&capID1=REC26&capID2=00000&capID3=00JVP&agencyCode=OSCEOLA&IsToShowInspection=
A26-004287,192629251300020020,osceola_accela,Osceola County,open,,83,GUDINO ROOFING & CONSTRUCTION INC,8632191515,CCC1336143,,"3750 ALAMO BLVD, KISSIMMEE FL 34746",34746,28.21448334537409,-81.44115880319265,https://permits.osceola.org/CitizenAccess/Cap/CapDetail.aspx?Module=Building&TabName=Building&capID1=REC26&capID2=00000&capID3=00K0Z&agencyCode=OSCEOLA&IsToShowInspection=
A26-004301,032527320500010690,osceola_accela,Osceola County,open,,83,SOLAR ROOFING & CONSTRUCTION SPECIALIST CORP,8636400977,CCC1335469,A+,"2728 FORMOSA BLVD, KISSIMMEE FL 34747",34747,28.32921268688421,-81.6050190745431,https://permits.osceola.org/CitizenAccess/Cap/CapDetail.aspx?Module=Building&TabName=Building&capID1=REC26&capID2=00000&capID3=00K2K&agencyCode=OSCEOLA&IsToShowInspection=
A26-004314,242628329900012320,osceola_accela,Osceola County,open,,82,JBK ROOFING & RESTORATION INC.,3528050767,CCC1335846,,"4700 ROCKVALE DR, KISSIMMEE FL 34758",34758,28.212950149602598,-81.47145434112078,https://permits.osceola.org/CitizenAccess/Cap/CapDetail.aspx?Module=Building&TabName=Building&capID1=REC26&capID2=00000&capID3=00K5A&agencyCode=OSCEOLA&IsToShowInspection=
A26-004326,2625293891000C0060,osceola_accela,Osceola County,open,,82,TOP DOG ROOFING,8633272822,CCC1330806,B-,"600 HAZELWOOD DR, KISSIMMEE FL 34744",34744,28.286575121004525,-81.37987070446732,https://permits.osceola.org/CitizenAccess/Cap/CapDetail.aspx?Module=Building&TabName=Building&capID1=REC26&capID2=00000&capID3=00K6O&agencyCode=OSCEOLA&IsToShowInspection=
A26-004333,172531316400010080,osceola_accela,Osceola County,open,,82,BOWHEAD ROOFING,7864125256,CCC1332147,,"4918 EASTLAKE VISTA DR, SAINT CLOUD FL 34771",34771,28.305016525115953,-81.24302162278023,https://permits.osceola.org/CitizenAccess/Cap/CapDetail.aspx?Module=Building&TabName=Building&capID1=REC26&capID2=00000&capID3=00K7G&agencyCode=OSCEOLA&IsToShowInspection=
A26-004337,242529401300011370,osceola_accela,Osceola County,open,,82,SKY LIGHT ROOFING INC,3219460876,CCC1332541,A+,"274 MAGICAL WY, KISSIMMEE FL 34744",34744,28.288274385811455,-81.36542956283887,https://permits.osceola.org/CitizenAccess/Cap/CapDetail.aspx?Module=Building&TabName=Building&capID1=REC26&capID2=00000&capID3=00K7O&agencyCode=OSCEOLA&IsToShowInspection=
A26-004349,0725302675000V0040,osceola_accela,Osceola County,open,,81,"TRU-TEK WATERPROOFING, INC",4078853805,CCC1331331,A+,"206 WATTS LN, A - D, KISSIMMEE FL 34743",34743,28.32486169648201,-81.34702207791292,https://permits.osceola.org/CitizenAccess/Cap/CapDetail.aspx?Module=Building&TabName=Building&capID1=REC26&capID2=00000&capID3=00K9Q&agencyCode=OSCEOLA&IsToShowInspection=
A26-004354,322530531600010150,osceola_accela,Osceola County,open,,81,STORY ROOFING LLC,4073489342,CCC057111,A+,"1595 TWELVE OAKS CIR, KISSIMMEE FL 34744",34744,28.26197762922387,-81.34080274678723,https://permits.osceola.org/CitizenAccess/Cap/CapDetail.aspx?Module=Building&TabName=Building&capID1=REC26&capID2=00000&capID3=00KAN&agencyCode=OSCEOLA&IsToShowInspection=
A26-004429,022530524200012770,osceola_accela,Osceola County,open,,77,QUALITECH CONSTRUCTION GROUP LLC,9562206107,CCC1335895,,"4031 LONGWORTH LOOP, KISSIMMEE FL 34744",34744,28.34786446794222,-81.27779466599203,https://permits.osceola.org/CitizenAccess/Cap/CapDetail.aspx?Module=Building&TabName=Building&capID1=REC26&capID2=00000&capID3=00KOX&agencyCode=OSCEOLA&IsToShowInspection=
A26-004487,252628610005820200,osceola_accela,Osceola County,open,,75,SL CONSTRUCTION,4079201540,CCC1332559,,"1104 CAMDEN WY, KISSIMMEE FL 34758",34758,28.185525542977032,-81.49879421176799,https://permits.osceola.org/CitizenAccess/Cap/CapDetail.aspx?Module=Building&TabName=Building&capID1=REC26&capID2=00000&capID3=00L41&agencyCode=OSCEOLA&IsToShowInspection=
A26-004492,122728256200010030,osceola_accela,Osceola County,open,,75,DDP ROOFING SERVICES INC,,CCC1327328,,"369 CYPRESS PKWY, KISSIMMEE FL 34759",34759,28.14346986036444,-81.47227103176205,https://permits.osceola.org/CitizenAccess/Cap/CapDetail.aspx?Module=Building&TabName=Building&capID1=REC26&capID2=00000&capID3=00L4C&agencyCode=OSCEOLA&IsToShowInspection=
A26-004511,052530253600011050,osceola_accela,Osceola County,open,,75,HOMESHIELD ROOFING FL LLC,4073992348,CCC1334739,A+,"3062 CAMERON DR, KISSIMMEE FL 34743",34743,28.3397031708325,-81.33177159370456,https://permits.osceola.org/CitizenAccess/Cap/CapDetail.aspx?Module=Building&TabName=Building&capID1=REC26&capID2=00000&capID3=00L7K&agencyCode=OSCEOLA&IsToShowInspection=
A26-004514,202530484400010860,osceola_accela,Osceola County,open,,75,APC ROOFING,,CCC1337030,A+,"2400 ASHECROFT DR, KISSIMMEE FL 34744",34744,28.29333326471844,-81.3436938240464,https://permits.osceola.org/CitizenAccess/Cap/CapDetail.aspx?Module=Building&TabName=Building&capID1=REC26&capID2=00000&capID3=00L88&agencyCode=OSCEOLA&IsToShowInspection=
A26-004544,322629255600011330,osceola_accela,Osceola County,open,,74,MY AMELIA INC DBA INSPECTED.COM,,,,"3955 BLOSSOM DEW DR, KISSIMMEE FL 34746",34746,28.174649697939902,-81.43679950843047,https://permits.osceola.org/CitizenAccess/Cap/CapDetail.aspx?Module=Building&TabName=Building&capID1=REC26&capID2=00000&capID3=00LC8&agencyCode=OSCEOLA&IsToShowInspection=
A26-004548,0325273160000D0023,osceola_accela,Osceola County,open,,74,DEMPSEY ROOFING COMPANY INC,8636823363,CCC1326006,,"7602 W IRLO BRONSON MEM HWY, KISSIMMEE FL 34747",34747,,,https://permits.osceola.org/CitizenAccess/Cap/CapDetail.aspx?Module=Building&TabName=Building&capID1=REC26&capID2=00000&capID3=00LCH&agencyCode=OSCEOLA&IsToShowInspection=
A26-004553,302629000000280000,osceola_accela,Osceola County,open,,74,CASPRODE LLC,4079288615,CCC1333120,,"3190 PLEASANT HILL RD, KISSIMMEE FL 34746",34746,28.20178757648552,-81.4411218976373,https://permits.osceola.org/CitizenAccess/Cap/CapDetail.aspx?Module=Building&TabName=Building&capID1=REC26&capID2=00000&capID3=00LDL&agencyCode=OSCEOLA&IsToShowInspection=
A26-004586,022629479800010130,osceola_accela,Osceola County,open,,73,DON SCHMIDT CONTRACTING & ROOFING INC,4078929884,CCC042852,A+,"1591 GRANDVIEW BLVD, KISSIMMEE FL 34744",34744,28.251144191597998,-81.37896356740234,https://permits.osceola.org/CitizenAccess/Cap/CapDetail.aspx?Module=Building&TabName=Building&capID1=REC26&capID2=00000&capID3=00LIM&agencyCode=OSCEOLA&IsToShowInspection=
A26-004589,252628611815110390,osceola_accela,Osceola County,open,,73,"FLORIDA ROOF ADVISORS, LLC",4076875160,CCC1336244,A-,"302 MORMANNO WY, KISSIMMEE FL 34758",34758,28.164373093011015,-81.47348416765826,https://permits.osceola.org/CitizenAccess/Cap/CapDetail.aspx?Module=Building&TabName=Building&capID1=REC26&capID2=00000&capID3=00LJF&agencyCode=OSCEOLA&IsToShowInspection=
A26-004597,242529000001030000,osceola_accela,Osceola County,open,,72,RH QUALITY METAL OF FLORIDA LLC,8133403990,CCC057461,,"2051 E IRLO BRONSON MEM HWY, Bldg, KISSIMMEE FL 34744",34744,28.290953127175083,-81.36032478321864,https://permits.osceola.org/CitizenAccess/Cap/CapDetail.aspx?Module=Building&TabName=Building&capID1=REC26&capID2=00000&capID3=00LLO&agencyCode=OSCEOLA&IsToShowInspection=
A26-004606,072530267700520070,osceola_accela,Osceola County,open,,70,ROOFING PROS USA LLC,,CCC1337239,A+,"164 GUADALAJARA DR, KISSIMMEE FL 34743",34743,28.323771366242195,-81.35128969127246,https://permits.osceola.org/CitizenAccess/Cap/CapDetail.aspx?Module=Building&TabName=Building&capID1=REC26&capID2=00000&capID3=00LOL&agencyCode=OSCEOLA&IsToShowInspection=
A26-004684,252628613821130050,osceola_accela,Osceola County,open,,68,LEVEL ROOFING SOLUTIONS LLC,,CCC1336147,A,"909 GASCONY CT, KISSIMMEE FL 34759",34759,28.118562206762718,-81.45125373666197,https://permits.osceola.org/CitizenAccess/Cap/CapDetail.aspx?Module=Building&TabName=Building&capID1=REC26&capID2=00000&capID3=00LZG&agencyCode=OSCEOLA&IsToShowInspection=
A26-004726,032528348500015930,osceola_accela,Osceola County,open,,67,RBS CONSTRUCTION LLC,4078598163,CCC1327234,A+,"3190 SMOKE SIGNAL CIR, KISSIMMEE FL 34746",34746,28.343657680571578,-81.49060619108332,https://permits.osceola.org/CitizenAccess/Cap/CapDetail.aspx?Module=Building&TabName=Building&capID1=REC26&capID2=00000&capID3=00M5R&agencyCode=OSCEOLA&IsToShowInspection=
A26-004747,252628612416620020,osceola_accela,Osceola County,open,,66,TRROOFING LLC,,CCC1333097,B+,"14 FLAG CT, KISSIMMEE FL 34759",34759,28.142388861764665,-81.4519531050003,https://permits.osceola.org/CitizenAccess/Cap/CapDetail.aspx?Module=Building&TabName=Building&capID1=REC26&capID2=00000&capID3=00MBM&agencyCode=OSCEOLA&IsToShowInspection=
A26-004762,062530291103120130,osceola_accela,Osceola County,open,,63,21ST CENTURY CONSTRUCTION INC,4077479651,CCC1334908,,"401 OTTER CREEK DR, KISSIMMEE FL 34743",34743,28.33855195179974,-81.34570993185488,https://permits.osceola.org/CitizenAccess/Cap/CapDetail.aspx?Module=Building&TabName=Building&capID1=REC26&capID2=00000&capID3=00MF4&agencyCode=OSCEOLA&IsToShowInspection=
A26-004763,252628266700011220,osceola_accela,Osceola County,open,,63,ALL STATE CONSTRUCTION AND RESTORATION LLC,8885811747,CCC1331370,,"4054 NAVIGATOR WY, KISSIMMEE FL 34746",34746,28.180803345086968,-81.45199722997334,https://permits.osceola.org/CitizenAccess/Cap/CapDetail.aspx?Module=Building&TabName=Building&capID1=REC26&capID2=00000&capID3=00MF5&agencyCode=OSCEOLA&IsToShowInspection=
A26-004769,242529401100010520,osceola_accela,Osceola County,open,,63,CPF ROOFING CONSTRUCTION COMPANY,4079244935,CCC1334224,,"1925 MAGICAL LN, KISSIMMEE FL 34744",34744,28.289015743450154,-81.36434444967352,https://permits.osceola.org/CitizenAccess/Cap/CapDetail.aspx?Module=Building&TabName=Building&capID1=REC26&capID2=00000&capID3=00MFN&agencyCode=OSCEOLA&IsToShowInspection=
A26-004796,252628612818020010,osceola_accela,Osceola County,open,,63,CENTRAL HOMES ROOFING AND FLOORING 1182 N Ronald Reagan Blvd,4072126372,CCC1330609,A+,"611 REGENCY WY, KISSIMMEE FL 34758",34758,28.150459523957128,-81.45920971672768,https://permits.osceola.org/CitizenAccess/Cap/CapDetail.aspx?Module=Building&TabName=Building&capID1=REC26&capID2=00000&capID3=00MI6&agencyCode=OSCEOLA&IsToShowInspection=
A26-004826,252628351800011340,osceola_accela,Osceola County,open,,62,BLUE EAGLE ROOFING AND CONSTRUCTION LLC,4077976061,CCC1336680,A-,"3508 SPINNING REEL LN, KISSIMMEE FL 34746",34746,28.166111454173613,-81.44265660206375,https://permits.osceola.org/CitizenAccess/Cap/CapDetail.aspx?Module=Building&TabName=Building&capID1=REC26&capID2=00000&capID3=00MO1&agencyCode=OSCEOLA&IsToShowInspection=
A26-004841,082530468600130810,osceola_accela,Osceola County,open,,62,TOP DOG ROOFING,8633272822,CCC1330806,B-,"2706 RISMEN CT, KISSIMMEE FL 34743",34743,28.332781018076368,-81.33236216029925,https://permits.osceola.org/CitizenAccess/Cap/CapDetail.aspx?Module=Building&TabName=Building&capID1=REC26&capID2=00000&capID3=00MS9&agencyCode=OSCEOLA&IsToShowInspection=
A26-004869,30263226120001C103,osceola_accela,Osceola County,open,,61,"JA EDWARDS OF AMERICA, INC",,CCC1334804,A+,"7007 BEARGRASS RD, SAINT CLOUD FL 34773",34773,28.201737733892685,-81.14946340034547,https://permits.osceola.org/CitizenAccess/Cap/CapDetail.aspx?Module=Building&TabName=Building&capID1=REC26&capID2=00000&capID3=00MVL&agencyCode=OSCEOLA&IsToShowInspection=
A26-004871,052629483500010020,osceola_accela,Osceola County,open,,61,SOLAR BEAR LLC,7274717442,CCC1334010,,"3350 SUZETTE DR, KISSIMMEE FL 34746",34746,28.246260642723186,-81.43747863091534,https://permits.osceola.org/CitizenAccess/Cap/CapDetail.aspx?Module=Building&TabName=Building&capID1=REC26&capID2=00000&capID3=00MVO&agencyCode=OSCEOLA&IsToShowInspection=
A26-004933,0126304920000C0250,osceola_accela,Osceola County,open,,59,STORY ROOFING LLC,4073489342,CCC057111,A+,"107 LAKEVIEW DR, SAINT CLOUD FL 34769",34769,28.260074419427685,-81.26195055577989,https://permits.osceola.org/CitizenAccess/Cap/CapDetail.aspx?Module=Building&TabName=Building&capID1=REC26&capID2=00000&capID3=00N36&agencyCode=OSCEOLA&IsToShowInspection=
A26-004944,252628611614580220,osceola_accela,Osceola County,open,,59,SL CONSTRUCTION,4079201540,CCC1332559,,"261 CRANBROOK DR, KISSIMMEE FL 34758",34758,28.175100218876707,-81.47823451009626,https://permits.osceola.org/CitizenAccess/Cap/CapDetail.aspx?Module=Building&TabName=Building&capID1=REC26&capID2=00000&capID3=00N5L&agencyCode=OSCEOLA&IsToShowInspection=
A26-004982,072530267600150330,osceola_accela,Osceola County,open,,56,RBH ROOFING CORP,4078797599,CCC1336260,,"233 CITRUS DR, KISSIMMEE FL 34743",34743,28.337823023559107,-81.34794995111568,https://permits.osceola.org/CitizenAccess/Cap/CapDetail.aspx?Module=Building&TabName=Building&capID1=REC26&capID2=00000&capID3=00NBZ&agencyCode=OSCEOLA&IsToShowInspection=
A26-005058,192530287200010940,osceola_accela,Osceola County,open,,55,OWNER/BUILDER OWNER/BUILDER,,,,"813 COUNTRY CROSSING CT, KISSIMMEE FL 34744",34744,28.29979113148908,-81.35213814702999,https://permits.osceola.org/CitizenAccess/Cap/CapDetail.aspx?Module=Building&TabName=Building&capID1=REC26&capID2=00000&capID3=00NLH&agencyCode=OSCEOLA&IsToShowInspection=
A26-005091,1332342780000A0570,osceola_accela,Osceola County,open,,54,LUVIANO ROOFING CO INC,8633573838,CCC1327338,,"5660 PINE AVE, OKEECHOBEE FL 34972",34972,27.69933481628005,-80.8864000401251,https://permits.osceola.org/CitizenAccess/Cap/CapDetail.aspx?Module=Building&TabName=Building&capID1=REC26&capID2=00000&capID3=00NQP&agencyCode=OSCEOLA&IsToShowInspection=
A26-005132,202629288200011220,osceola_accela,Osceola County,open,,53,BELA ROOFING INC,4073123115,CCC1334318,A+,"3102 WESTBROOK RD, KISSIMMEE FL 34746",34746,28.205619953782,-81.43703777087103,https://permits.osceola.org/CitizenAccess/Cap/CapDetail.aspx?Module=Building&TabName=Building&capID1=REC26&capID2=00000&capID3=00NVX&agencyCode=OSCEOLA&IsToShowInspection=
A26-005154,0125285099000I1620,osceola_accela,Osceola County,open,,52,NORTHMEN ROOFING LLC,,CCC1332653,,"4664 FAIRY TALE CIR, KISSIMMEE FL 34746",34746,28.340983312062995,-81.4671501616195,https://permits.osceola.org/CitizenAccess/Cap/CapDetail.aspx?Module=Building&TabName=Building&capID1=REC26&capID2=00000&capID3=00NZ9&agencyCode=OSCEOLA&IsToShowInspection=
A26-005160,052530324300013210,osceola_accela,Osceola County,open,,52,CHINEA'S DEVELOPERS CORP,4079906192,CCC1335107,A+,"2579 EAGLE BAY BLVD, KISSIMMEE FL 34743",34743,28.337734065295432,-81.3387232635981,https://permits.osceola.org/CitizenAccess/Cap/CapDetail.aspx?Module=Building&TabName=Building&capID1=REC26&capID2=00000&capID3=00NZU&agencyCode=OSCEOLA&IsToShowInspection=
A26-005204,202629288100010940,osceola_accela,Osceola County,open,,49,JIM'S COMPLETE CONSTRUCTION LLC,4075938550,CCC1333647,,"3110 MARSHFIELD PRESERVE WY, KISSIMMEE FL 34746",34746,28.208716608845375,-81.43845623244277,https://permits.osceola.org/CitizenAccess/Cap/CapDetail.aspx?Module=Building&TabName=Building&capID1=REC26&capID2=00000&capID3=00O6O&agencyCode=OSCEOLA&IsToShowInspection=
A26-005236,072530268901350030,osceola_accela,Osceola County,open,,48,U.S. SHINGLE,,CCC1331960,,"161 W Cedarwood, United States",34743,28.33008220482551,-81.36724111264259,https://permits.osceola.org/CitizenAccess/Cap/CapDetail.aspx?Module=Building&TabName=Building&capID1=REC26&capID2=00000&capID3=00OAF&agencyCode=OSCEOLA&IsToShowInspection=
A26-005241,07253048770001C110,osceola_accela,Osceola County,open,,48,HYV INC,4079147540,CCC1328335,,"340 CERVANTES DR, KISSIMMEE FL 34743",34743,28.32366586401658,-81.34752670319999,https://permits.osceola.org/CitizenAccess/Cap/CapDetail.aspx?Module=Building&TabName=Building&capID1=REC26&capID2=00000&capID3=00OAL&agencyCode=OSCEOLA&IsToShowInspection=
A26-005242,102528000000600000,osceola_accela,Osceola County,open,,48,RAY'S ROOFING OF CENTRAL FL,8639673170,CCC1325843,,"659 ARROW LN, KISSIMMEE FL 34746",34746,28.3227653492067,-81.4955845290384,https://permits.osceola.org/CitizenAccess/Cap/CapDetail.aspx?Module=Building&TabName=Building&capID1=REC26&capID2=00000&capID3=00OAU&agencyCode=OSCEOLA&IsToShowInspection=
A26-005258,252628610005190060,osceola_accela,Osceola County,open,,48,LEVEL ROOFING SOLUTIONS LLC,,CCC1336147,A,"12 MIRAMAR WY, KISSIMMEE FL 34758",34758,28.178879830537717,-81.48670854361798,https://permits.osceola.org/CitizenAccess/Cap/CapDetail.aspx?Module=Building&TabName=Building&capID1=REC26&capID2=00000&capID3=00OCY&agencyCode=OSCEOLA&IsToShowInspection=
A26-005271,182528506300012960,osceola_accela,Osceola County,open,,47,QUALITY PLUS ROOFING SOLAR,4145733404,CCC1336309,,"1120 CELEBRATION AVE, KISSIMMEE FL 34747",34747,28.310788382230236,-81.55102366317733,https://permits.osceola.org/CitizenAccess/Cap/CapDetail.aspx?Module=Building&TabName=Building&capID1=REC26&capID2=00000&capID3=00OFM&agencyCode=OSCEOLA&IsToShowInspection=
A26-005274,072528282700013190,osceola_accela,Osceola County,open,,47,QUALITY PLUS ROOFING SOLAR,4145733404,CCC1336309,,"1140 CELEBRATION AVE, CELEBRATION FL 34747",34747,28.310136993585722,-81.5518402563117,https://permits.osceola.org/CitizenAccess/Cap/CapDetail.aspx?Module=Building&TabName=Building&capID1=REC26&capID2=00000&capID3=00OFR&agencyCode=OSCEOLA&IsToShowInspection=
A26-005275,112528280100011910,osceola_accela,Osceola County,open,,47,E & V ROOFING COMPANY INC.,4077386320,CCC1327124,B-,"2680 CHATHAM CIR, KISSIMMEE FL 34746",34746,28.322052147367103,-81.48151051203533,https://permits.osceola.org/CitizenAccess/Cap/CapDetail.aspx?Module=Building&TabName=Building&capID1=REC26&capID2=00000&capID3=00OFW&agencyCode=OSCEOLA&IsToShowInspection=
A26-005279,102628294800011860,osceola_accela,Osceola County,open,,47,E & V ROOFING COMPANY INC.,4077386320,CCC1327124,B-,"5530 SYCAMORE CANYON DR, KISSIMMEE FL 34758",34758,28.233404651335267,-81.50299978185771,https://permits.osceola.org/CitizenAccess/Cap/CapDetail.aspx?Module=Building&TabName=Building&capID1=REC26&capID2=00000&capID3=00OGL&agencyCode=OSCEOLA&IsToShowInspection=
A26-005280,252628351800011280,osceola_accela,Osceola County,open,,47,"ROOFS FOR EVERYONE, LLC",3214603141,CCC1332602,,"4083 MARINA ISLE DR, KISSIMMEE FL 34746",34746,28.16537425299451,-81.4418124801916,https://permits.osceola.org/CitizenAccess/Cap/CapDetail.aspx?Module=Building&TabName=Building&capID1=REC26&capID2=00000&capID3=00OGP&agencyCode=OSCEOLA&IsToShowInspection=
A26-005297,092531502100011390,osceola_accela,Osceola County,open,,46,HD ROOFING & CONSTRUCTION LLC,3214420477,CCC1331690,,"2732 MATERA, SAINT CLOUD 34771 United States",34771,28.33090975265038,-81.21649582279737,https://permits.osceola.org/CitizenAccess/Cap/CapDetail.aspx?Module=Building&TabName=Building&capID1=REC26&capID2=00000&capID3=00OKE&agencyCode=OSCEOLA&IsToShowInspection=
A26-005300,042530328200010020,osceola_accela,Osceola County,open,,46,COLLIS ROOFING INC,4078309575,CCC058022,,"3235 MAPLE HOLLOW DR, Bldg 8, KISSIMMEE FL 34744",34744,28.346111090799067,-81.31134995132993,https://permits.osceola.org/CitizenAccess/Cap/CapDetail.aspx?Module=Building&TabName=Building&capID1=REC26&capID2=00000&capID3=00OKN&agencyCode=OSCEOLA&IsToShowInspection=
A26-005302,042530328200010020,osceola_accela,Osceola County,open,,46,COLLIS ROOFING INC,4078309575,CCC058022,,"3260 MAPLE HOLLOW DR, Bldg 5, KISSIMMEE FL 34744",34744,28.346111090799067,-81.31134995132993,https://permits.osceola.org/CitizenAccess/Cap/CapDetail.aspx?Module=Building&TabName=Building&capID1=REC26&capID2=00000&capID3=00OL3&agencyCode=OSCEOLA&IsToShowInspection=
A26-005303,042530328200010020,osceola_accela,Osceola County,open,,46,COLLIS ROOFING INC,4078309575,CCC058022,,"3240 MAPLE HOLLOW DR, Bldg 7, KISSIMMEE FL 34744",34744,28.346111090799067,-81.31134995132993,https://permits.osceola.org/CitizenAccess/Cap/CapDetail.aspx?Module=Building&TabName=Building&capID1=REC26&capID2=00000&capID3=00OLC&agencyCode=OSCEOLA&IsToShowInspection=
A26-005307,352527484600010220,osceola_accela,Osceola County,open,,46,FIVE STAR ROOFING & CONSTRUCTION INC,8134170195,CCC1325739,,"7412 ASTINA ST, KISSIMMEE FL 34747",34747,28.270823690657853,-81.58509545256109,https://permits.osceola.org/CitizenAccess/Cap/CapDetail.aspx?Module=Building&TabName=Building&capID1=REC26&capID2=00000&capID3=00OLK&agencyCode=OSCEOLA&IsToShowInspection=
A26-005308,042530328200010020,osceola_accela,Osceola County,open,,46,COLLIS ROOFING INC,4078309575,CCC058022,,"3250 MAPLE HOLLOW DR, Bldg 6, KISSIMMEE FL 34744",34744,28.346111090799067,-81.31134995132993,https://permits.osceola.org/CitizenAccess/Cap/CapDetail.aspx?Module=Building&TabName=Building&capID1=REC26&capID2=00000&capID3=00OLP&agencyCode=OSCEOLA&IsToShowInspection=
A26-005323,052530483700011200,osceola_accela,Osceola County,open,,46,SOLAR ROOFING & CONSTRUCTION SPECIALIST CORP,8636400977,CCC1335469,A+,"3244 HUNTERS CHASE LOOP, KISSIMMEE FL 34743",34743,28.344572477722448,-81.34070212552543,https://permits.osceola.org/CitizenAccess/Cap/CapDetail.aspx?Module=Building&TabName=Building&capID1=REC26&capID2=00000&capID3=00OOF&agencyCode=OSCEOLA&IsToShowInspection=
A26-005324,072530272902440690,osceola_accela,Osceola County,open,,46,U.S. SHINGLE,,CCC1331960,,"214 SEABREEZE CIR, KISSIMMEE FL 34743",34743,28.345392321869888,-81.37053877954584,https://permits.osceola.org/CitizenAccess/Cap/CapDetail.aspx?Module=Building&TabName=Building&capID1=REC26&capID2=00000&capID3=00OOG&agencyCode=OSCEOLA&IsToShowInspection=
A26-005326,292629264600011820,osceola_accela,Osceola County,open,,46,JANNEY ROOFING LLC,,CCC1335906,A+,"2620 BREAKER LN, KISSIMMEE FL 34746",34746,28.183936514787405,-81.42949236422729,https://permits.osceola.org/CitizenAccess/Cap/CapDetail.aspx?Module=Building&TabName=Building&capID1=REC26&capID2=00000&capID3=00OOT&agencyCode=OSCEOLA&IsToShowInspection=
A26-005327,252628611815500250,osceola_accela,Osceola County,open,,46,ROBINSON ROOFING & RESTORAION,8134509445,CCC1332561,,"4 ANDORA CT, KISSIMMEE FL 34758",34758,28.15964209024209,-81.48299354308588,https://permits.osceola.org/CitizenAccess/Cap/CapDetail.aspx?Module=Building&TabName=Building&capID1=REC26&capID2=00000&capID3=00OOZ&agencyCode=OSCEOLA&IsToShowInspection=
A26-005334,292629264900010720,osceola_accela,Osceola County,open,,46,"JA EDWARDS OF AMERICA, INC",,CCC1334804,A+,"3614 VALLEYVIEW DR, KISSIMMEE FL 34746",34746,28.179461643005855,-81.43100220208296,https://permits.osceola.org/CitizenAccess/Cap/CapDetail.aspx?Module=Building&TabName=Building&capID1=REC26&capID2=00000&capID3=00OTT&agencyCode=OSCEOLA&IsToShowInspection=
A26-005364,232529259000010070,osceola_accela,Osceola County,open,,45,BEST CHOICE ROOFING,,CCC1330211,,"1320 NEPTUNE RD, KISSIMMEE FL 34744",34744,28.289514384897753,-81.39079955120243,https://permits.osceola.org/CitizenAccess/Cap/CapDetail.aspx?Module=Building&TabName=Building&capID1=REC26&capID2=00000&capID3=00OYS&agencyCode=OSCEOLA&IsToShowInspection=
A26-005374,062631750000010162,osceola_accela,Osceola County,open,,43,OWNER/BUILDER OWNER/BUILDER,,,,"1250 KELLY ST, SAINT CLOUD FL 34771",34771,28.247040288765135,-81.25260390310977,https://permits.osceola.org/CitizenAccess/Cap/CapDetail.aspx?Module=Building&TabName=Building&capID1=REC26&capID2=00000&capID3=00P1N&agencyCode=OSCEOLA&IsToShowInspection=
A26-005375,1025294710000B0080,osceola_accela,Osceola County,open,,42,"MBO ROOFING, INC",4074194814,CCC1334760,,"2723 N ORANGE BLOSSOM TRL, KISSIMMEE FL 34744",34744,28.327009947767355,-81.40338947419755,https://permits.osceola.org/CitizenAccess/Cap/CapDetail.aspx?Module=Building&TabName=Building&capID1=REC26&capID2=00000&capID3=00P1O&agencyCode=OSCEOLA&IsToShowInspection=
A26-005379,292629264400011570,osceola_accela,Osceola County,open,,42,21ST CENTURY CONSTRUCTION INC,4077479651,CCC1334908,,"1930 WINDWARD OAKS CT, KISSIMMEE FL 34746",34746,28.19362427899427,-81.4253490264062,https://permits.osceola.org/CitizenAccess/Cap/CapDetail.aspx?Module=Building&TabName=Building&capID1=REC26&capID2=00000&capID3=00P39&agencyCode=OSCEOLA&IsToShowInspection=
A26-005390,0526294510000D0160,osceola_accela,Osceola County,open,,42,OWNER/BUILDER OWNER/BUILDER,,,,"1698 PLEASANT HILL RD, KISSIMMEE FL 34746",34746,28.256523428234996,-81.43681811076696,https://permits.osceola.org/CitizenAccess/Cap/CapDetail.aspx?Module=Building&TabName=Building&capID1=REC26&capID2=00000&capID3=00P4V&agencyCode=OSCEOLA&IsToShowInspection=
A26-005395,072530267600290110,osceola_accela,Osceola County,open,,42,A BIRD'S EYE VIEW ROOFING INC,,CCC1331786,A+,"267 KUMQUAT RD, KISSIMMEE FL 34743",34743,28.334083632732707,-81.35006797976054,https://permits.osceola.org/CitizenAccess/Cap/CapDetail.aspx?Module=Building&TabName=Building&capID1=REC26&capID2=00000&capID3=00P50&agencyCode=OSCEOLA&IsToShowInspection=
A26-005416,2526286112000F0010,osceola_accela,Osceola County,open,,41,"SHEEGOG ON TOP CONTRACTING, LLC",,CCC1330716,A+,"4350 NEW CASTLE RD, KISSIMMEE FL 34758",34758,28.15972373580547,-81.49954262612249,https://permits.osceola.org/CitizenAccess/Cap/CapDetail.aspx?Module=Building&TabName=Building&capID1=REC26&capID2=00000&capID3=00P81&agencyCode=OSCEOLA&IsToShowInspection=
A26-005417,102529286000010120,osceola_accela,Osceola County,open,,41,BURK'S ROOFING COMPANY,,CCC1333348,,"118 COURT ST, KISSIMMEE FL 34741",34741,28.32899498950999,-81.40547845526129,https://permits.osceola.org/CitizenAccess/Cap/CapDetail.aspx?Module=Building&TabName=Building&capID1=REC26&capID2=00000&capID3=00P8D&agencyCode=OSCEOLA&IsToShowInspection=
A26-005419,052530496400010310,osceola_accela,Osceola County,open,,41,BEAVER HOME SERVICES INC,9048677554,CCC1333559,,"3194 TURRET DR, KISSIMMEE FL 34743",34743,28.338264724144384,-81.3369466047482,https://permits.osceola.org/CitizenAccess/Cap/CapDetail.aspx?Module=Building&TabName=Building&capID1=REC26&capID2=00000&capID3=00P8G&agencyCode=OSCEOLA&IsToShowInspection=
A26-005430,252529429000010200,osceola_accela,Osceola County,open,,41,JIM'S COMPLETE CONSTRUCTION LLC,4075938550,CCC1333647,,"1069 SALSONA AVE, KISSIMMEE FL 34744",34744,28.280521750477494,-81.3721961081506,https://permits.osceola.org/CitizenAccess/Cap/CapDetail.aspx?Module=Building&TabName=Building&capID1=REC26&capID2=00000&capID3=00P91&agencyCode=OSCEOLA&IsToShowInspection=
A26-005453,242528302400010020,osceola_accela,Osceola County,open,,41,TOP SEAL SERVICES CORP,3057547844,CCC1330119,,"969 EMERALD GREEN CT, KISSIMMEE FL 34746",34746,28.302360831986565,-81.47201236741445,https://permits.osceola.org/CitizenAccess/Cap/CapDetail.aspx?Module=Building&TabName=Building&capID1=REC26&capID2=00000&capID3=00PAP&agencyCode=OSCEOLA&IsToShowInspection=
A26-005460,173033388100010430,osceola_accela,Osceola County,open,,41,WOOLEY BROTHERS INC,,CCC1330101,A+,"529 HORIZON DR, KENANSVILLE FL 34739",34739,27.87169086872073,-81.04531371485696,https://permits.osceola.org/CitizenAccess/Cap/CapDetail.aspx?Module=Building&TabName=Building&capID1=REC26&capID2=00000&capID3=00PBK&agencyCode=OSCEOLA&IsToShowInspection=
A26-005465,18262926530001060H,osceola_accela,Osceola County,open,,41,WINDMAR HOME FL INC,,CCC1334496,A+,"2767 PATRICIAN CIR, KISSIMMEE FL 34746",34746,28.219440778608757,-81.45550271318692,https://permits.osceola.org/CitizenAccess/Cap/CapDetail.aspx?Module=Building&TabName=Building&capID1=REC26&capID2=00000&capID3=00PBX&agencyCode=OSCEOLA&IsToShowInspection=
A26-005472,112531572000010L20,osceola_accela,Osceola County,open,,40,COLLIS ROOFING INC,4078309575,CCC058022,,"2600 EVEN DEL WEBB BLVD, SAINT CLOUD FL 34771",34771,28.3238712755523,-81.18814190694188,https://permits.osceola.org/CitizenAccess/Cap/CapDetail.aspx?Module=Building&TabName=Building&capID1=REC26&capID2=00000&capID3=00PDB&agencyCode=OSCEOLA&IsToShowInspection=
A26-005477,0125295379000100B0,osceola_accela,Osceola County,open,,40,"MILLER ROOFING, LLC.",4077544353,CCC1334567,A+,"710 BUENAVENTURA BLVD, KISSIMMEE FL 34743",,28.340404481175558,-81.36291649162737,https://permits.osceola.org/CitizenAccess/Cap/CapDetail.aspx?Module=Building&TabName=Building&capID1=REC26&capID2=00000&capID3=00PDL&agencyCode=OSCEOLA&IsToShowInspection=
A26-005489,252628613820810040,osceola_accela,Osceola County,open,,40,BEST CHOICE ROOFING,,CCC1330211,,"307 CLERMONT DR, KISSIMMEE FL 34759",34759,28.127240188365228,-81.44693819690781,https://permits.osceola.org/CitizenAccess/Cap/CapDetail.aspx?Module=Building&TabName=Building&capID1=REC26&capID2=00000&capID3=00PFL&agencyCode=OSCEOLA&IsToShowInspection=
A26-005496,152527354000013430,osceola_accela,Osceola County,open,,40,SOUTHEAST ROOFING & CONTRACTING LLC,4072013419,CCC1334856,,"1546 INDIAN OAKS TRL, KISSIMMEE FL 34747",34747,28.306527180772786,-81.60011508277793,https://permits.osceola.org/CitizenAccess/Cap/CapDetail.aspx?Module=Building&TabName=Building&capID1=REC26&capID2=00000&capID3=00PH3&agencyCode=OSCEOLA&IsToShowInspection=
A26-005590,072530269901160410,osceola_accela,Osceola County,open,,35,M & K UNLIMITED INC DBA:RED RHINO ROOFING,,CCC1327051,A+,"324 GAIT CT, KISSIMMEE FL 34743",34743,28.3289259769412,-81.35406102962651,https://permits.osceola.org/CitizenAccess/Cap/CapDetail.aspx?Module=Building&TabName=Building&capID1=REC26&capID2=00000&capID3=00PX4&agencyCode=OSCEOLA&IsToShowInspection=
A26-005600,252628351800010280,osceola_accela,Osceola County,open,,35,"ROOFS FOR EVERYONE, LLC",3214603141,CCC1332602,,"4047 MARINA ISLE DR, KISSIMMEE FL 34746",34746,28.168266434779042,-81.44390137328146,https://permits.osceola.org/CitizenAccess/Cap/CapDetail.aspx?Module=Building&TabName=Building&capID1=REC26&capID2=00000&capID3=00PXX&agencyCode=OSCEOLA&IsToShowInspection=
A26-005609,032628524800010030,osceola_accela,Osceola County,open,,35,A BIRD'S EYE VIEW ROOFING INC,,CCC1331786,A+,"1844 AVENUE A, KISSIMMEE FL 34758",34758,28.25021349765864,-81.4945758832754,https://permits.osceola.org/CitizenAccess/Cap/CapDetail.aspx?Module=Building&TabName=Building&capID1=REC26&capID2=00000&capID3=00Q1Z&agencyCode=OSCEOLA&IsToShowInspection=
A26-005624,072528284700011380,osceola_accela,Osceola County,open,,34,PSG CONSTRUCTION INC.,,CGC058353,,"1424 STICKLEY AVE, KISSIMMEE FL 34747",34747,28.295709034700117,-81.55238798878185,https://permits.osceola.org/CitizenAccess/Cap/CapDetail.aspx?Module=Building&TabName=Building&capID1=REC26&capID2=00000&capID3=00Q4S&agencyCode=OSCEOLA&IsToShowInspection=
A26-005631,072530267701080080,osceola_accela,Osceola County,open,,34,SUNNY R&R LLC,,CCC1333142,A+,"595 FLORAL DR, KISSIMMEE FL 34743",34743,28.31974106144381,-81.36002223661283,https://permits.osceola.org/CitizenAccess/Cap/CapDetail.aspx?Module=Building&TabName=Building&capID1=REC26&capID2=00000&capID3=00Q5N&agencyCode=OSCEOLA&IsToShowInspection=
A26-005635,252628351800011890,osceola_accela,Osceola County,open,,34,"FLORIDA ROOF ADVISORS, LLC",4076875160,CCC1336244,A-,"3638 SAIL HARBOR DR, KISSIMMEE FL 34746",34746,28.168261130730514,-81.44520653571519,https://permits.osceola.org/CitizenAccess/Cap/CapDetail.aspx?Module=Building&TabName=Building&capID1=REC26&capID2=00000&capID3=00Q7C&agencyCode=OSCEOLA&IsToShowInspection=
A26-005663,052531332500010190,osceola_accela,Osceola County,open,,33,"3MG SOLUTIONS, LLC",,CCC1334689,A+,"5226 HAMMOCK CIR, SAINT CLOUD FL 34771",34771,28.33662541057676,-81.23199748766,https://permits.osceola.org/CitizenAccess/Cap/CapDetail.aspx?Module=Building&TabName=Building&capID1=REC26&capID2=00000&capID3=00QHX&agencyCode=OSCEOLA&IsToShowInspection=
A26-005666,30263226120001B019,osceola_accela,Osceola County,open,,33,SKY LIGHT ROOFING INC,3219460876,CCC1332541,A+,"7024 BUTTONBUSH LOOP, SAINT CLOUD FL 34773",34773,28.195595867686993,-81.15303650163068,https://permits.osceola.org/CitizenAccess/Cap/CapDetail.aspx?Module=Building&TabName=Building&capID1=REC26&capID2=00000&capID3=00QIM&agencyCode=OSCEOLA&IsToShowInspection=
A26-005670,252628351800011990,osceola_accela,Osceola County,open,,32,"ROOFS FOR EVERYONE, LLC",3214603141,CCC1332602,,"3635 SAIL HARBOR DR, KISSIMMEE FL 34746",34746,28.168192223557476,-81.44584869632737,https://permits.osceola.org/CitizenAccess/Cap/CapDetail.aspx?Module=Building&TabName=Building&capID1=REC26&capID2=00000&capID3=00QJY&agencyCode=OSCEOLA&IsToShowInspection=
A26-005672,1726295205000D0070,osceola_accela,Osceola County,open,,32,STORY ROOFING LLC,4073489342,CCC057111,A+,"3100 GRANADA BLVD, KISSIMMEE FL 34746",34746,28.225069504352877,-81.43526829161827,https://permits.osceola.org/CitizenAccess/Cap/CapDetail.aspx?Module=Building&TabName=Building&capID1=REC26&capID2=00000&capID3=00QKM&agencyCode=OSCEOLA&IsToShowInspection=
A26-005682,252628612818130040,osceola_accela,Osceola County,open,,32,SOLAR BEAR LLC,7274717442,CCC1334010,,"762 MADERIA CT, KISSIMMEE FL 34758",34758,28.15722087811338,-81.45540990797083,https://permits.osceola.org/CitizenAccess/Cap/CapDetail.aspx?Module=Building&TabName=Building&capID1=REC26&capID2=00000&capID3=00QLP&agencyCode=OSCEOLA&IsToShowInspection=
A26-005690,202629288200011110,osceola_accela,Osceola County,open,,32,FLORIDA EXTERIOR- INTERIOR CONTRACTING GROUP LLC,3526139616,CCC1336275,A,"3090 GRASMERE VIEW PKWY, KISSIMMEE FL 34746",34746,28.205735400103027,-81.43776212441523,https://permits.osceola.org/CitizenAccess/Cap/CapDetail.aspx?Module=Building&TabName=Building&capID1=REC26&capID2=00000&capID3=00QN8&agencyCode=OSCEOLA&IsToShowInspection=
A26-005696,202530481800010560,osceola_accela,Osceola County,open,,32,PRO ROOFING & ASSOCIATE INC,4075425903,CCC1328416,,"2703 WORTHAM LN, KISSIMMEE FL 34744",34744,28.290007016541146,-81.33109842438901,https://permits.osceola.org/CitizenAccess/Cap/CapDetail.aspx?Module=Building&TabName=Building&capID1=REC26&capID2=00000&capID3=00QOF&agencyCode=OSCEOLA&IsToShowInspection=
A26-005709,202629477700011090,osceola_accela,Osceola County,open,,31,TOP ROOFERS,3215259571,CCC1332236,A,"2399 N STEWART ST, KISSIMMEE FL 34746",34746,28.212812275289423,-81.42766605466453,https://permits.osceola.org/CitizenAccess/Cap/CapDetail.aspx?Module=Building&TabName=Building&capID1=REC26&capID2=00000&capID3=00QQ2&agencyCode=OSCEOLA&IsToShowInspection=
A26-005719,072528278100010020,osceola_accela,Osceola County,open,,31,TECTA AMERICA SOUTHEAST LLC,4073309303,CCC1333144,,"400 CELEBRATION PL, CELEBRATION FL 34747",34747,28.328298665353213,-81.54172303945641,https://permits.osceola.org/CitizenAccess/Cap/CapDetail.aspx?Module=Building&TabName=Building&capID1=REC26&capID2=00000&capID3=00QRD&agencyCode=OSCEOLA&IsToShowInspection=
A26-005741,062530291203080130,osceola_accela,Osceola County,open,,29,ARTRAVIA JOHNSON,7869301235,CCC1332091,,"224 OLD BAY LN, KISSIMMEE FL 34743",34743,28.338119093665604,-81.3500232932784,https://permits.osceola.org/CitizenAccess/Cap/CapDetail.aspx?Module=Building&TabName=Building&capID1=REC26&capID2=00000&capID3=00QW9&agencyCode=OSCEOLA&IsToShowInspection=
A26-005754,022629330500010130,osceola_accela,Osceola County,open,,28,BEAVER HOME SERVICES INC,9048677554,CCC1333559,,"1730 WOODSIDE CT, KISSIMMEE FL 34744",34744,28.255902485840647,-81.37926245445564,https://permits.osceola.org/CitizenAccess/Cap/CapDetail.aspx?Module=Building&TabName=Building&capID1=REC26&capID2=00000&capID3=00QXP&agencyCode=OSCEOLA&IsToShowInspection=
A26-005758,252628610006450010,osceola_accela,Osceola County,open,,28,SOLAR ROOFING & CONSTRUCTION SPECIALIST CORP,8636400977,CCC1335469,A+,"202 BANBURY PL, KISSIMMEE FL 34758",34758,28.19182009298731,-81.49723880284824,https://permits.osceola.org/CitizenAccess/Cap/CapDetail.aspx?Module=Building&TabName=Building&capID1=REC26&capID2=00000&capID3=00QYZ&agencyCode=OSCEOLA&IsToShowInspection=
A26-005777,1226282635000E0260,osceola_accela,Osceola County,open,,28,"STGO PRO4MANCE, LLC",4074108610,CCC1332982,A+,"2714 CRANMOOR DR, KISSIMMEE FL 34758",34758,28.244442241875564,-81.47458923361121,https://permits.osceola.org/CitizenAccess/Cap/CapDetail.aspx?Module=Building&TabName=Building&capID1=REC26&capID2=00000&capID3=00R2A&agencyCode=OSCEOLA&IsToShowInspection=
A26-005778,252529427300011430,osceola_accela,Osceola County,open,,28,"WOODSTONE, LLC DBA WOODSTONE ROOFING",,CCC1332004,A+,"2012 BEARING LN, KISSIMMEE FL 34744",34744,28.280556321319303,-81.36180662726805,https://permits.osceola.org/CitizenAccess/Cap/CapDetail.aspx?Module=Building&TabName=Building&capID1=REC26&capID2=00000&capID3=00R2D&agencyCode=OSCEOLA&IsToShowInspection=
A26-005790,212629477800010070,osceola_accela,Osceola County,open,,27,EUSTIS ROOFING COMPANY LLC,3523434240,CCC1336488,A+,"2869 LAKE TOHOPEKALIGA BLVD, KISSIMMEE FL 34746",34746,28.21468622427119,-81.41974313789686,https://permits.osceola.org/CitizenAccess/Cap/CapDetail.aspx?Module=Building&TabName=Building&capID1=REC26&capID2=00000&capID3=00R3Z&agencyCode=OSCEOLA&IsToShowInspection=
A26-005793,252630508000010955,osceola_accela,Osceola County,open,,27,"3VD CONSTRUCTIONS LLC VASQUEZ MATA, JUAN A",4072198252,CCC1330853,,"3475 KAISER AVE, SAINT CLOUD FL 34772",34772,28.191649100578424,-81.26307224117046,https://permits.osceola.org/CitizenAccess/Cap/CapDetail.aspx?Module=Building&TabName=Building&capID1=REC26&capID2=00000&capID3=00R4A&agencyCode=OSCEOLA&IsToShowInspection=
A26-005798,242628294900010640,osceola_accela,Osceola County,open,,27,"3MG SOLUTIONS, LLC",,CCC1334689,A+,"2814 TOWER ROCK ST, KISSIMMEE FL 34758",34758,28.214575834277298,-81.46904945001293,https://permits.osceola.org/CitizenAccess/Cap/CapDetail.aspx?Module=Building&TabName=Building&capID1=REC26&capID2=00000&capID3=00R59&agencyCode=OSCEOLA&IsToShowInspection=
A26-005801,142628525300010960,osceola_accela,Osceola County,open,,27,"3MG SOLUTIONS, LLC",,CCC1334689,A+,"4956 PALL MALL ST, KISSIMMEE FL 34758",34758,28.22375629981821,-81.47940707942853,https://permits.osceola.org/CitizenAccess/Cap/CapDetail.aspx?Module=Building&TabName=Building&capID1=REC26&capID2=00000&capID3=00R5H&agencyCode=OSCEOLA&IsToShowInspection=
A26-005806,292629266600010880,osceola_accela,Osceola County,open,,27,"3MG SOLUTIONS, LLC",,CCC1334689,A+,"2391 EAGLE TALON CT, KISSIMMEE FL 34746",34746,28.18011454685685,-81.42697937056509,https://permits.osceola.org/CitizenAccess/Cap/CapDetail.aspx?Module=Building&TabName=Building&capID1=REC26&capID2=00000&capID3=00R5Z&agencyCode=OSCEOLA&IsToShowInspection=
A26-005823,0226285555000100B0,osceola_accela,Osceola County,open,,27,STANLEY'S ROOFING INC,4077148623,CCC1332931,,"4920 DREAMWEAVER RD, KISSIMMEE FL 34758",34758,28.25314899165568,-81.479457437557,https://permits.osceola.org/CitizenAccess/Cap/CapDetail.aspx?Module=Building&TabName=Building&capID1=REC26&capID2=00000&capID3=00R7Q&agencyCode=OSCEOLA&IsToShowInspection=
A26-005835,042530309100010290,osceola_accela,Osceola County,open,,26,HCH CONSTRUCTION INC,4077145279,CCC1326680,,"3136 RIACHUELO LN, KISSIMMEE FL 34744",34744,28.342253816384776,-81.32226342556415,https://permits.osceola.org/CitizenAccess/Cap/CapDetail.aspx?Module=Building&TabName=Building&capID1=REC26&capID2=00000&capID3=00R9I&agencyCode=OSCEOLA&IsToShowInspection=
A26-005844,042530309100010320,osceola_accela,Osceola County,open,,26,HCH CONSTRUCTION INC,4077145279,CCC1326680,,"3142 RIACHUELO LN, GARAGE, KISSIMMEE FL 34744",34744,28.342417576507184,-81.32241510467493,https://permits.osceola.org/CitizenAccess/Cap/CapDetail.aspx?Module=Building&TabName=Building&capID1=REC26&capID2=00000&capID3=00RB3&agencyCode=OSCEOLA&IsToShowInspection=
A26-005849,112528280200012210,osceola_accela,Osceola County,open,,26,SOUTHERN STATES ROOFING INC,8633706835,CCC1333924,,"2573 CHATHAM CIR, KISSIMMEE FL 34746",34746,28.323366914672924,-81.478753413825,https://permits.osceola.org/CitizenAccess/Cap/CapDetail.aspx?Module=Building&TabName=Building&capID1=REC26&capID2=00000&capID3=00RC2&agencyCode=OSCEOLA&IsToShowInspection=
A26-005855,17262930810001071E,osceola_accela,Osceola County,open,,25,"PRICELESS HOME IMPROVEMENTS, INC",,CCC1327534,,"2716 KINSEY DR, KISSIMMEE FL 34746",34746,28.21842490822384,-81.42871014013295,https://permits.osceola.org/CitizenAccess/Cap/CapDetail.aspx?Module=Building&TabName=Building&capID1=REC26&capID2=00000&capID3=00REB&agencyCode=OSCEOLA&IsToShowInspection=
A26-005856,0925295310000U0090,osceola_accela,Osceola County,open,,25,ALPHA ROOFING AND SHEET METAL LLC,4079630470,CCC1329348,,"2710 N ORANGE BLOSSOM TRL, KISSIMMEE FL 34741",34741,28.32656413968492,-81.40448470024468,https://permits.osceola.org/CitizenAccess/Cap/CapDetail.aspx?Module=Building&TabName=Building&capID1=REC26&capID2=00000&capID3=00REF&agencyCode=OSCEOLA&IsToShowInspection=
A26-005864,122528509400010050,osceola_accela,Osceola County,open,,25,CORE ROOFING SYSTEMS,4704767128,CCC1334039,,"4801 W IRLO BRONSON MEM HWY, KISSIMMEE FL 34746",34746,28.332440236516884,-81.4736678495353,https://permits.osceola.org/CitizenAccess/Cap/CapDetail.aspx?Module=Building&TabName=Building&capID1=REC26&capID2=00000&capID3=00RGB&agencyCode=OSCEOLA&IsToShowInspection=
A26-005885,182629263700010010,osceola_accela,Osceola County,open,,24,"ROOFS FOR EVERYONE, LLC",3214603141,CCC1332602,,"2580 VOLTA CIR, KISSIMMEE FL 34746",34746,28.225975344962976,-81.44257042855999,https://permits.osceola.org/CitizenAccess/Cap/CapDetail.aspx?Module=Building&TabName=Building&capID1=REC26&capID2=00000&capID3=00RKH&agencyCode=OSCEOLA&IsToShowInspection=
A26-005886,072531388500010570,osceola_accela,Osceola County,open,,24,WINDMAR HOME FL INC,,CCC1334496,A+,"5005 COVEVIEW DR, SAINT CLOUD FL 34771",34771,28.32259636281921,-81.2452947845126,https://permits.osceola.org/CitizenAccess/Cap/CapDetail.aspx?Module=Building&TabName=Building&capID1=REC26&capID2=00000&capID3=00RKK&agencyCode=OSCEOLA&IsToShowInspection=
A26-005890,252528354900014080,osceola_accela,Osceola County,open,,24,AXTION GENERAL CONTRACTOR,3059242633,CCC1333104,F,"4658 PRAIRIE POINT BLVD, KISSIMMEE FL 34746",34746,28.288360877376412,-81.46345566772925,https://permits.osceola.org/CitizenAccess/Cap/CapDetail.aspx?Module=Building&TabName=Building&capID1=REC26&capID2=00000&capID3=00RL8&agencyCode=OSCEOLA&IsToShowInspection=
A26-005925,062632259800011050,osceola_accela,Osceola County,open,,21,ABARCA INC,,CCC1327272,,"1780 SUNDANCE DR, SAINT CLOUD FL 34771",34771,28.253138493849175,-81.15428405776775,https://permits.osceola.org/CitizenAccess/Cap/CapDetail.aspx?Module=Building&TabName=Building&capID1=REC26&capID2=00000&capID3=00RSQ&agencyCode=OSCEOLA&IsToShowInspection=
A26-005929,032530420600010610,osceola_accela,Osceola County,open,,21,ALLSTAR HOMES SERVICES LLC DBA GALLOWAY ROOFING,,CCC1335750,,"3531 MOONBEAM CT, KISSIMMEE FL 34744",34744,28.340810679215295,-81.29943550926613,https://permits.osceola.org/CitizenAccess/Cap/CapDetail.aspx?Module=Building&TabName=Building&capID1=REC26&capID2=00000&capID3=00RT3&agencyCode=OSCEOLA&IsToShowInspection=
A26-005930,122531000000170000,osceola_accela,Osceola County,open,,21,COLLIS ROOFING INC,4078309575,CCC058022,,"6550 CYPRESS HOLLOW DR, ST CLOUD FL 34771 United States",,28.326919035020342,-81.17559514303306,https://permits.osceola.org/CitizenAccess/Cap/CapDetail.aspx?Module=Building&TabName=Building&capID1=REC26&capID2=00000&capID3=00RT4&agencyCode=OSCEOLA&IsToShowInspection=
A26-005932,072530407400010580,osceola_accela,Osceola County,open,,21,ALL START DEVELOPMENTS,6892131591,CCC1337251,A-,"58 SOUTH MARBRISA WY, KISSIMMEE FL 34743",34743,28.3195986115554,-81.34371468627509,https://permits.osceola.org/CitizenAccess/Cap/CapDetail.aspx?Module=Building&TabName=Building&capID1=REC26&capID2=00000&capID3=00RT9&agencyCode=OSCEOLA&IsToShowInspection=
A26-005934,3225294995000C0014,osceola_accela,Osceola County,open,,21,"TEAMCRAFT ROOFING, INC.",3526010432,CCC1332269,,"3185 S JOHN YOUNG PKWY, KISSIMMEE FL 34746",34746,28.263740678448233,-81.43266656655811,https://permits.osceola.org/CitizenAccess/Cap/CapDetail.aspx?Module=Building&TabName=Building&capID1=REC26&capID2=00000&capID3=00RU3&agencyCode=OSCEOLA&IsToShowInspection=
A26-005954,062530419900010580,osceola_accela,Osceola County,open,,21,NOBILITY INSPECTIONS LLC,,BOX1571,,"207 LINDO CT, KISSIMMEE FL 34743",34743,28.336519472459514,-81.34528726832063,https://permits.osceola.org/CitizenAccess/Cap/CapDetail.aspx?Module=Building&TabName=Building&capID1=REC26&capID2=00000&capID3=00RWZ&agencyCode=OSCEOLA&IsToShowInspection=
A26-005961,252628612416620140,osceola_accela,Osceola County,open,,20,PROTEAM P&D LLC,3212956572,CCC1332519,,"815 E FLAG LN, KISSIMMEE FL 34759",34759,28.141967219866807,-81.45227789464637,https://permits.osceola.org/CitizenAccess/Cap/CapDetail.aspx?Module=Building&TabName=Building&capID1=REC26&capID2=00000&capID3=00RY8&agencyCode=OSCEOLA&IsToShowInspection=
A26-005962,112528280200012400,osceola_accela,Osceola County,open,,20,DAVIS ROOFING AND RESTORATION INC,4074364587,CCC1332682,,"2604 CHATHAM CIR, KISSIMMEE FL 34746",34746,28.32405771925446,-81.48094572415333,https://permits.osceola.org/CitizenAccess/Cap/CapDetail.aspx?Module=Building&TabName=Building&capID1=REC26&capID2=00000&capID3=00RYA&agencyCode=OSCEOLA&IsToShowInspection=
A26-005972,252528353300011970,osceola_accela,Osceola County,open,,20,GUIMOLY ROOFING& CONTRACTING LLC,4076949836,CCC1328256,,"236 INDIAN POINT CIR, KISSIMMEE FL 34746",34746,28.287063317966002,-81.46847717204523,https://permits.osceola.org/CitizenAccess/Cap/CapDetail.aspx?Module=Building&TabName=Building&capID1=REC26&capID2=00000&capID3=00RZD&agencyCode=OSCEOLA&IsToShowInspection=
