request_identifier,address_street,address_city,address_zip,latitude,longitude,built_year,roof_age_basis,roof_age_years,open_roof_permit_count,oldest_open_roof_permit_days,owner_name,owner_mail_state,last_sale_date,source_urls
012630000101040190,809 NEW YORK AVE,SAINT CLOUD,34769,28.250204047599773,-81.28322678766652,1914,built_year,112,0,,,,2017-07-28,https://www.property-appraiser.org/data/ | https://services6.arcgis.com/9zKHLCgIwu2HFA5O/arcgis/rest/services/Parcels/FeatureServer/0 | https://www.property-appraiser.org/data/
012630000101850050,1112 OHIO AVE,SAINT CLOUD,34769,28.247519665785287,-81.28042263306344,1915,built_year,111,0,,PURTELL FLORENCE A,FL,1984-08-01,https://www.property-appraiser.org/data/ | https://services6.arcgis.com/9zKHLCgIwu2HFA5O/arcgis/rest/services/Parcels/FeatureServer/0 | https://www.property-appraiser.org/data/
2125291920000C0010,116 N BEAUMONT AVE,KISSIMMEE,34741,28.293372993268257,-81.410259583446,1915,built_year,111,0,,WYLAND LUCAS,FL,2023-04-19,https://www.property-appraiser.org/data/ | https://services6.arcgis.com/9zKHLCgIwu2HFA5O/arcgis/rest/services/Parcels/FeatureServer/0
012630000100150230,501 KENTUCKY AVE,SAINT CLOUD,34769,28.253371543460904,-81.2854552202382,1920,built_year,106,0,,RUFFING RACHEL,FL,2020-11-21,https://www.property-appraiser.org/data/ | https://services6.arcgis.com/9zKHLCgIwu2HFA5O/arcgis/rest/services/Parcels/FeatureServer/0 | https://www.property-appraiser.org/data/
012630000101040230,801 NEW YORK AVE,SAINT CLOUD,34769,28.25047909333236,-81.28322608611167,1920,built_year,106,0,,LAFFEY JUDITH T,FL,2020-08-18,https://www.property-appraiser.org/data/ | https://services6.arcgis.com/9zKHLCgIwu2HFA5O/arcgis/rest/services/Parcels/FeatureServer/0 | https://www.property-appraiser.org/data/
1525294560000A0090,1137 SHAWNEE DR,KISSIMMEE,34744,28.315152095905223,-81.39309171013134,1920,built_year,106,0,,JJ CAPITAL INVESTMENTS GROUP INC,FL,2023-05-18,https://www.property-appraiser.org/data/ | https://services6.arcgis.com/9zKHLCgIwu2HFA5O/arcgis/rest/services/Parcels/FeatureServer/0
212529223300010010,22 S CLYDE AVE,KISSIMMEE,34741,28.291019083032648,-81.41348190497081,1920,built_year,106,0,,HOBBS ROY G,GA,,https://www.property-appraiser.org/data/ | https://services6.arcgis.com/9zKHLCgIwu2HFA5O/arcgis/rest/services/Parcels/FeatureServer/0
222529105000030040,1306 ROYAL ST,KISSIMMEE,34744,28.30381928032369,-81.40088237062305,1920,built_year,106,0,,QUEZADA FRANKLYN M,FL,2015-05-04,https://www.property-appraiser.org/data/ | https://services6.arcgis.com/9zKHLCgIwu2HFA5O/arcgis/rest/services/Parcels/FeatureServer/0 | https://www.property-appraiser.org/data/
2225291190000A0160,1225 CARSON AVE,KISSIMMEE,34744,28.303476184464227,-81.39681277330958,1920,built_year,106,0,,YANA MARY L,FL,2020-10-23,https://www.property-appraiser.org/data/ | https://services6.arcgis.com/9zKHLCgIwu2HFA5O/arcgis/rest/services/Parcels/FeatureServer/0 | https://www.property-appraiser.org/data/
282530000001200000,2905 HONEYDEW RD,KISSIMMEE,34744,28.276115630293038,-81.3252583367105,1920,built_year,106,0,,TOLEDO ACOSTA MARANGELI,FL,2022-10-31,https://www.property-appraiser.org/data/ | https://services6.arcgis.com/9zKHLCgIwu2HFA5O/arcgis/rest/services/Parcels/FeatureServer/0 | https://www.property-appraiser.org/data/
292529197000010339,718 S THACKER AVE,KISSIMMEE,34741,28.284528721503435,-81.42445552136017,1922,built_year,104,0,,PERALTA WAGNER,FL,2025-06-13,https://www.property-appraiser.org/data/ | https://services6.arcgis.com/9zKHLCgIwu2HFA5O/arcgis/rest/services/Parcels/FeatureServer/0 | https://www.property-appraiser.org/data/
012630000100590040,704 MISSISSIPPI AVE,SAINT CLOUD,34769,28.251175049222347,-81.26924666214437,1925,built_year,101,0,,PEASE JAMES W,FL,2014-06-26,https://www.property-appraiser.org/data/ | https://services6.arcgis.com/9zKHLCgIwu2HFA5O/arcgis/rest/services/Parcels/FeatureServer/0
2225291050000I0010,214 E BASS ST,KISSIMMEE,34744,28.29860645440805,-81.40160544378844,1925,built_year,101,0,,GREENE OVELL R JR,FL,2024-03-22,https://www.property-appraiser.org/data/ | https://services6.arcgis.com/9zKHLCgIwu2HFA5O/arcgis/rest/services/Parcels/FeatureServer/0 | https://www.property-appraiser.org/data/
012630000104230060,224 OREGON AVE,SAINT CLOUD,34769,28.257122511525953,-81.27034906820218,1926,built_year,100,0,,BAKER MICHAEL LEE,FL,2021-07-29,https://www.property-appraiser.org/data/ | https://services6.arcgis.com/9zKHLCgIwu2HFA5O/arcgis/rest/services/Parcels/FeatureServer/0 | https://www.property-appraiser.org/data/
022631472000011120,6285 BASS HWY,SAINT CLOUD,34771,28.25846769709897,-81.18672535017508,1926,built_year,100,0,,JOHN J WEST III TRUST,FL,2022-06-29,https://www.property-appraiser.org/data/ | https://services6.arcgis.com/9zKHLCgIwu2HFA5O/arcgis/rest/services/Parcels/FeatureServer/0
102529310000010010,2690 SAMPLE ST,KISSIMMEE,34744,28.325989408932124,-81.40194062156918,1926,built_year,100,0,,TYRELL ENTERPRISES LLC,FL,2024-01-24,https://www.property-appraiser.org/data/ | https://services6.arcgis.com/9zKHLCgIwu2HFA5O/arcgis/rest/services/Parcels/FeatureServer/0
2125291880000D0010,419 SUMNER ST,KISSIMMEE,34741,28.294795296383636,-81.40849431430655,1926,built_year,100,0,,VIRKLER STEVEN ALAN,FL,2017-12-18,https://www.property-appraiser.org/data/ | https://services6.arcgis.com/9zKHLCgIwu2HFA5O/arcgis/rest/services/Parcels/FeatureServer/0 | https://www.property-appraiser.org/data/
232529000000900000,1360 NEPTUNE RD,KISSIMMEE,34744,28.28899916096989,-81.38943249965621,1926,built_year,100,0,,WHALEY LAWRENCE EDWARD EST,FL,2023-02-21,https://www.property-appraiser.org/data/ | https://services6.arcgis.com/9zKHLCgIwu2HFA5O/arcgis/rest/services/Parcels/FeatureServer/0
252529371000130360,1037 ARRAGON AVE,KISSIMMEE,34744,28.281601788585444,-81.37351016186913,1928,built_year,98,0,,TOLER TROY L,FL,2023-11-16,https://www.property-appraiser.org/data/ | https://services6.arcgis.com/9zKHLCgIwu2HFA5O/arcgis/rest/services/Parcels/FeatureServer/0 | https://www.property-appraiser.org/data/
012630000100430100,1510 7TH ST,SAINT CLOUD,34769,28.25182543221057,-81.28597163324015,1929,built_year,97,0,,TERRELL BRENDA,FL,2022-04-11,https://www.property-appraiser.org/data/ | https://services6.arcgis.com/9zKHLCgIwu2HFA5O/arcgis/rest/services/Parcels/FeatureServer/0 | https://www.property-appraiser.org/data/
012630000100480210,601 FLORIDA AVE,SAINT CLOUD,34769,28.252330950636544,-81.28089175581282,1930,built_year,96,0,,GRANEC JACQUELYN A EST,FL,2018-06-25,https://www.property-appraiser.org/data/ | https://services6.arcgis.com/9zKHLCgIwu2HFA5O/arcgis/rest/services/Parcels/FeatureServer/0
012630000100730070,714 MASSACHUSETTS AVE,SAINT CLOUD,34769,28.251032728974053,-81.28499518693359,1930,built_year,96,0,,HILFERS EDWARD,FL,2016-06-14,https://www.property-appraiser.org/data/ | https://services6.arcgis.com/9zKHLCgIwu2HFA5O/arcgis/rest/services/Parcels/FeatureServer/0 | https://www.property-appraiser.org/data/
012630000101840130,1121 OHIO AVE,SAINT CLOUD,34769,28.24710583522853,-81.27980248936632,1930,built_year,96,0,,MERCADO ISRAEL FELIX,FL,2020-02-11,https://www.property-appraiser.org/data/ | https://services6.arcgis.com/9zKHLCgIwu2HFA5O/arcgis/rest/services/Parcels/FeatureServer/0
012630000102050010,1200 LOUISIANA AVE,SAINT CLOUD,34769,28.24686951186086,-81.29954183451268,1930,built_year,96,0,,OTERO OLIVIA N,FL,2022-01-26,https://www.property-appraiser.org/data/ | https://services6.arcgis.com/9zKHLCgIwu2HFA5O/arcgis/rest/services/Parcels/FeatureServer/0 | https://www.property-appraiser.org/data/
032630495000012140,412 ROBINSON AVE,SAINT CLOUD,34769,28.254540072197926,-81.30357583677967,1933,built_year,93,0,,FRALEY MORGAN,FL,2022-04-08,https://www.property-appraiser.org/data/ | https://services6.arcgis.com/9zKHLCgIwu2HFA5O/arcgis/rest/services/Parcels/FeatureServer/0 | https://www.property-appraiser.org/data/
212529156000010350,707 N JOHN YOUNG PKWY,KISSIMMEE,34741,28.29815027788264,-81.41569826864045,1935,built_year,91,0,,BREWTON SOPHRONIA,FL,2019-12-02,https://www.property-appraiser.org/data/ | https://services6.arcgis.com/9zKHLCgIwu2HFA5O/arcgis/rest/services/Parcels/FeatureServer/0 | https://www.property-appraiser.org/data/
212529156000010370,705 N JOHN YOUNG PKWY,KISSIMMEE,34741,28.298046807531275,-81.41569751312576,1935,built_year,91,0,,BRINSON JACQUELINE EST,FL,2022-12-12,https://www.property-appraiser.org/data/ | https://services6.arcgis.com/9zKHLCgIwu2HFA5O/arcgis/rest/services/Parcels/FeatureServer/0 | https://www.property-appraiser.org/data/
102529310000010240,2684 SAMPLE ST,KISSIMMEE,34744,28.325735909161217,-81.40204727859611,1937,built_year,89,0,,TYRELL ENTERPRISES LLC,FL,2024-01-24,https://www.property-appraiser.org/data/ | https://services6.arcgis.com/9zKHLCgIwu2HFA5O/arcgis/rest/services/Parcels/FeatureServer/0
102529310000010050,110 E CARROLL ST,KISSIMMEE,34744,28.325980652126116,-81.40238059926524,1939,built_year,87,0,,TYRELL ENTERPRISES LLC,FL,2024-01-24,https://www.property-appraiser.org/data/ | https://services6.arcgis.com/9zKHLCgIwu2HFA5O/arcgis/rest/services/Parcels/FeatureServer/0
102529310000010250,2678 SAMPLE ST,KISSIMMEE,34744,28.325541985491622,-81.40192609217111,1939,built_year,87,0,,TYRELL ENTERPRISES LLC,FL,2024-01-24,https://www.property-appraiser.org/data/ | https://services6.arcgis.com/9zKHLCgIwu2HFA5O/arcgis/rest/services/Parcels/FeatureServer/0
102529310000010300,2652 SAMPLE ST,KISSIMMEE,34744,28.324691615353053,-81.40196050563016,1939,built_year,87,0,,CHE FAMILY TRUST,FL,2017-02-23,https://www.property-appraiser.org/data/ | https://services6.arcgis.com/9zKHLCgIwu2HFA5O/arcgis/rest/services/Parcels/FeatureServer/0 | https://www.property-appraiser.org/data/
012630000100460190,611 NEW YORK AVE,SAINT CLOUD,34769,28.25212936565428,-81.28322190378658,1940,built_year,86,0,,MISKOVSKY CHRISTOPHER MICHAEL,FL,2025-05-14,https://www.property-appraiser.org/data/ | https://services6.arcgis.com/9zKHLCgIwu2HFA5O/arcgis/rest/services/Parcels/FeatureServer/0 | https://www.property-appraiser.org/data/
212529156000010090,719 HENRIETTA ST,KISSIMMEE,34741,28.298716828606214,-81.41520622304304,1940,built_year,86,0,,MCCRIMON GLORIA,FL,2023-03-01,https://www.property-appraiser.org/data/ | https://services6.arcgis.com/9zKHLCgIwu2HFA5O/arcgis/rest/services/Parcels/FeatureServer/0
212529156000010170,717 HENRIETTA ST,KISSIMMEE,34741,28.298562247166785,-81.41520555246053,1940,built_year,86,0,,MCCRIMON ULYSSES,FL,2002-05-14,https://www.property-appraiser.org/data/ | https://services6.arcgis.com/9zKHLCgIwu2HFA5O/arcgis/rest/services/Parcels/FeatureServer/0
242629367000270112,3120 TOHOPEKALIGA DR,SAINT CLOUD,34772,28.20557447149302,-81.37491548434036,1940,built_year,86,0,,PETERSON GARY L,FL,2014-02-01,https://www.property-appraiser.org/data/ | https://services6.arcgis.com/9zKHLCgIwu2HFA5O/arcgis/rest/services/Parcels/FeatureServer/0
012630000102270210,1205 VIRGINIA AVE,SAINT CLOUD,34769,28.246684065094737,-81.27531536956515,1945,built_year,81,0,,RASMUSSEN TAYLOR G,FL,2023-05-08,https://www.property-appraiser.org/data/ | https://services6.arcgis.com/9zKHLCgIwu2HFA5O/arcgis/rest/services/Parcels/FeatureServer/0 | https://www.property-appraiser.org/data/
212529156000010240,708 PERSON ST,KISSIMMEE,34741,28.298304042233607,-81.41510468496969,1945,built_year,81,0,,ANDREWS FIDELIS E,NY,2007-09-05,https://www.property-appraiser.org/data/ | https://services6.arcgis.com/9zKHLCgIwu2HFA5O/arcgis/rest/services/Parcels/FeatureServer/0
332528350000240115,1563 TALLAHASSEE BLVD,INTERCESSION CITY,33848,28.26121514212871,-81.508380369553,1945,built_year,81,0,,VANLANINGHAM SHARON J,FL,1988-02-01,https://www.property-appraiser.org/data/ | https://services6.arcgis.com/9zKHLCgIwu2HFA5O/arcgis/rest/services/Parcels/FeatureServer/0
222529105000150060,1104 BAY ST,KISSIMMEE,34744,28.301866250671665,-81.4016314706096,1947,built_year,79,0,,SCROGGINS JAMES W,IN,2021-11-24,https://www.property-appraiser.org/data/ | https://services6.arcgis.com/9zKHLCgIwu2HFA5O/arcgis/rest/services/Parcels/FeatureServer/0 | https://www.property-appraiser.org/data/
282529164000040050,322 LILLY ST,KISSIMMEE,34741,28.288142421481293,-81.41745487497069,1948,built_year,78,0,,MARTINEZ HERNANDEZ BERNARDINO,FL,2020-08-28,https://www.property-appraiser.org/data/ | https://services6.arcgis.com/9zKHLCgIwu2HFA5O/arcgis/rest/services/Parcels/FeatureServer/0 | https://www.property-appraiser.org/data/
012630000100720110,1310 8TH ST,SAINT CLOUD,34769,28.250755774817424,-81.28404074310534,1949,built_year,77,0,,DOWNS MARY M,FL,2019-05-23,https://www.property-appraiser.org/data/ | https://services6.arcgis.com/9zKHLCgIwu2HFA5O/arcgis/rest/services/Parcels/FeatureServer/0 | https://www.property-appraiser.org/data/
222529179000010050,406 E DRURY AVE,KISSIMMEE,34744,28.292643148605084,-81.40097004562269,1949,built_year,77,0,,GARDNER THOMAS A,FL,2015-12-29,https://www.property-appraiser.org/data/ | https://services6.arcgis.com/9zKHLCgIwu2HFA5O/arcgis/rest/services/Parcels/FeatureServer/0
012630000100180040,510 CONNECTICUT AVE,SAINT CLOUD,34769,28.25313660302915,-81.28834458091214,1950,built_year,76,0,,FKH SFR PROPCO B-HLD LP,GA,2020-10-20,https://www.property-appraiser.org/data/ | https://services6.arcgis.com/9zKHLCgIwu2HFA5O/arcgis/rest/services/Parcels/FeatureServer/0 | https://www.property-appraiser.org/data/
012630000101100010,800 VIRGINIA AVE,SAINT CLOUD,34769,28.25046430148172,-81.27595778950018,1950,built_year,76,0,,MELLE MICHELLE JEAN,FL,2021-09-29,https://www.property-appraiser.org/data/ | https://services6.arcgis.com/9zKHLCgIwu2HFA5O/arcgis/rest/services/Parcels/FeatureServer/0 | https://www.property-appraiser.org/data/
012630000104100015,308 INDIANA AVE,SAINT CLOUD,34769,28.25612335812992,-81.279297843233,1950,built_year,76,0,,GREGORY BEVERLY I,FL,1998-07-28,https://www.property-appraiser.org/data/ | https://services6.arcgis.com/9zKHLCgIwu2HFA5O/arcgis/rest/services/Parcels/FeatureServer/0 | https://www.property-appraiser.org/data/
012630000104220110,233 OREGON AVE,SAINT CLOUD,34769,28.256674189960123,-81.26969793808819,1950,built_year,76,0,,BOWMAN CHRISTINE A,FL,2018-08-08,https://www.property-appraiser.org/data/ | https://services6.arcgis.com/9zKHLCgIwu2HFA5O/arcgis/rest/services/Parcels/FeatureServer/0 | https://www.property-appraiser.org/data/
022529408000580150,2900 TAMPA AVE,KISSIMMEE,34744,28.33347038589643,-81.39567174798786,1950,built_year,76,0,,TANG RICKY,ON,2024-12-08,https://www.property-appraiser.org/data/ | https://services6.arcgis.com/9zKHLCgIwu2HFA5O/arcgis/rest/services/Parcels/FeatureServer/0 | https://www.property-appraiser.org/data/
012630000102720060,1414 MISSOURI AVE,SAINT CLOUD,34769,28.24454662084504,-81.28948408693361,1951,built_year,75,0,,SIMON ANTON NICOLAI,FL,2022-06-03,https://www.property-appraiser.org/data/ | https://services6.arcgis.com/9zKHLCgIwu2HFA5O/arcgis/rest/services/Parcels/FeatureServer/0
2225292230000B0020,303 E MONUMENT AVE,KISSIMMEE,34741,28.291469634677156,-81.40354335143198,1952,built_year,74,0,,BUEHLER JOHN,FL,2002-04-19,https://www.property-appraiser.org/data/ | https://services6.arcgis.com/9zKHLCgIwu2HFA5O/arcgis/rest/services/Parcels/FeatureServer/0 | https://www.property-appraiser.org/data/
012630000101580225,1625 10TH ST,SAINT CLOUD,34769,28.248714205069543,-81.28782755065998,1953,built_year,73,0,,SANTIAGO JEREMIAS,FL,2017-10-26,https://www.property-appraiser.org/data/ | https://services6.arcgis.com/9zKHLCgIwu2HFA5O/arcgis/rest/services/Parcels/FeatureServer/0 | https://www.property-appraiser.org/data/
102529310000010360,102 E KEEN ST,KISSIMMEE,34744,28.325078135634463,-81.40268394027757,1953,built_year,73,0,,RIVERA LISANDRO,FL,2018-01-04,https://www.property-appraiser.org/data/ | https://services6.arcgis.com/9zKHLCgIwu2HFA5O/arcgis/rest/services/Parcels/FeatureServer/0 | https://www.property-appraiser.org/data/
012630000103730095,409 PENNSYLVANIA AVE,SAINT CLOUD,34769,28.254602523808472,-81.28209736418236,1954,built_year,72,0,,MARTIN ISAAC,FL,2022-09-15,https://www.property-appraiser.org/data/ | https://services6.arcgis.com/9zKHLCgIwu2HFA5O/arcgis/rest/services/Parcels/FeatureServer/0 | https://www.property-appraiser.org/data/
012630000103780055,438 MINNESOTA AVE,SAINT CLOUD,34769,28.253650104350264,-81.28722506236119,1954,built_year,72,0,,DOWNS MARY M,FL,2016-01-18,https://www.property-appraiser.org/data/ | https://services6.arcgis.com/9zKHLCgIwu2HFA5O/arcgis/rest/services/Parcels/FeatureServer/0 | https://www.property-appraiser.org/data/
112528372000010070,4851 LAKE CECILE DR,KISSIMMEE,34746,28.325664750772408,-81.4766620727084,1954,built_year,72,0,,MOLEDA VERA,FL,2020-01-20,https://www.property-appraiser.org/data/ | https://services6.arcgis.com/9zKHLCgIwu2HFA5O/arcgis/rest/services/Parcels/FeatureServer/0 | https://www.property-appraiser.org/data/
1525294560000D0070,1115 CHEROKEE DR,KISSIMMEE,34744,28.31331604964384,-81.39411489426044,1954,built_year,72,0,,BARAJAS ALFONSO,FL,2022-02-24,https://www.property-appraiser.org/data/ | https://services6.arcgis.com/9zKHLCgIwu2HFA5O/arcgis/rest/services/Parcels/FeatureServer/0
012630000100450230,601 MASSACHUSETTS AVE,SAINT CLOUD,34769,28.252406652519298,-81.28433942207396,1955,built_year,71,0,,DOWNS MARY M,FL,2021-04-12,https://www.property-appraiser.org/data/ | https://services6.arcgis.com/9zKHLCgIwu2HFA5O/arcgis/rest/services/Parcels/FeatureServer/0 | https://www.property-appraiser.org/data/
012630000103800010,400 MISSOURI AVE,SAINT CLOUD,34769,28.25489221540159,-81.28945845991596,1955,built_year,71,0,,CRUMPLER HUGHETTE I,FL,2021-01-31,https://www.property-appraiser.org/data/ | https://services6.arcgis.com/9zKHLCgIwu2HFA5O/arcgis/rest/services/Parcels/FeatureServer/0 | https://www.property-appraiser.org/data/
012630000104340010,216 PENNSYLVANIA AVE,SAINT CLOUD,34769,28.257157758349223,-81.28274278678047,1955,built_year,71,0,,MILLS SUZANNE,FL,2014-06-12,https://www.property-appraiser.org/data/ | https://services6.arcgis.com/9zKHLCgIwu2HFA5O/arcgis/rest/services/Parcels/FeatureServer/0 | https://www.property-appraiser.org/data/
062629000004100000,1813 DANIELS ST,KISSIMMEE,34746,28.25210879405786,-81.45316763210398,1955,built_year,71,0,,HORN KEITH E EST,FL,2025-05-13,https://www.property-appraiser.org/data/ | https://services6.arcgis.com/9zKHLCgIwu2HFA5O/arcgis/rest/services/Parcels/FeatureServer/0
222529179000010420,522 TOHOPEKALIGA AVE,KISSIMMEE,34744,28.294401188367722,-81.40049452208062,1955,built_year,71,0,,LEONARDO ALEX,FL,2019-04-30,https://www.property-appraiser.org/data/ | https://services6.arcgis.com/9zKHLCgIwu2HFA5O/arcgis/rest/services/Parcels/FeatureServer/0 | https://www.property-appraiser.org/data/
282529192000120023,920 PATRICK ST,KISSIMMEE,34741,28.28967041246081,-81.41393926415785,1955,built_year,71,0,,BALTHIS JEREMY,FL,2015-07-02,https://www.property-appraiser.org/data/ | https://services6.arcgis.com/9zKHLCgIwu2HFA5O/arcgis/rest/services/Parcels/FeatureServer/0 | https://www.property-appraiser.org/data/
012630000103740095,411 NEW YORK AVE,SAINT CLOUD,34769,28.254604773665893,-81.28321562576058,1956,built_year,70,0,,BURCHFIELD STEPHEN C,FL,2015-08-13,https://www.property-appraiser.org/data/ | https://services6.arcgis.com/9zKHLCgIwu2HFA5O/arcgis/rest/services/Parcels/FeatureServer/0 | https://www.property-appraiser.org/data/
2025291830000D0180,2331 W OAK ST,KISSIMMEE,34741,28.30137733391239,-81.42775865284014,1956,built_year,70,0,,PLACENSIA ENRIQUE,FL,2018-11-21,https://www.property-appraiser.org/data/ | https://services6.arcgis.com/9zKHLCgIwu2HFA5O/arcgis/rest/services/Parcels/FeatureServer/0 | https://www.property-appraiser.org/data/
012630000100100150,521 OHIO AVE,SAINT CLOUD,34769,28.252810011092397,-81.27977230308295,1957,built_year,69,0,,LAFFEY JUDITH T,FL,2020-09-23,https://www.property-appraiser.org/data/ | https://services6.arcgis.com/9zKHLCgIwu2HFA5O/arcgis/rest/services/Parcels/FeatureServer/0 | https://www.property-appraiser.org/data/
1025292920000C0100,2560 SAMPLE ST,KISSIMMEE,34744,28.321223024563746,-81.40197995394622,1957,built_year,69,0,,ENNIS JASON,FL,2017-09-01,https://www.property-appraiser.org/data/ | https://services6.arcgis.com/9zKHLCgIwu2HFA5O/arcgis/rest/services/Parcels/FeatureServer/0 | https://www.property-appraiser.org/data/
112630495000010425,1726 MISSOURI AVE,SAINT CLOUD,34769,28.240928732361457,-81.2893026531232,1957,built_year,69,0,,DILULLO JONATHAN,FL,2022-10-14,https://www.property-appraiser.org/data/ | https://services6.arcgis.com/9zKHLCgIwu2HFA5O/arcgis/rest/services/Parcels/FeatureServer/0 | https://www.property-appraiser.org/data/
2025291830000B0050,2224 CATHERINE ST,KISSIMMEE,34741,28.303359085255348,-81.42732419238256,1957,built_year,69,0,,VALLES OLIVARES MARIA,FL,2020-08-12,https://www.property-appraiser.org/data/ | https://services6.arcgis.com/9zKHLCgIwu2HFA5O/arcgis/rest/services/Parcels/FeatureServer/0 | https://www.property-appraiser.org/data/
012630000103700080,419 INDIANA AVE,SAINT CLOUD,34769,28.254169206304752,-81.27865055483909,1958,built_year,68,0,,ARMSTRONG SARAH K,FL,2022-10-13,https://www.property-appraiser.org/data/ | https://services6.arcgis.com/9zKHLCgIwu2HFA5O/arcgis/rest/services/Parcels/FeatureServer/0 | https://www.property-appraiser.org/data/
0126300001038400M0,415 CALIFORNIA AVE,SAINT CLOUD,34769,28.25436895769712,-81.29441886514279,1958,built_year,68,0,,BISMUTH PROPCO SERIES LLC,AZ,2025-02-21,https://www.property-appraiser.org/data/ | https://services6.arcgis.com/9zKHLCgIwu2HFA5O/arcgis/rest/services/Parcels/FeatureServer/0 | https://www.property-appraiser.org/data/
2025291840000H0090,2815 W ORANGE BLVD,KISSIMMEE,34741,28.302975134118842,-81.43271203419813,1958,built_year,68,0,,,,2021-08-18,https://www.property-appraiser.org/data/ | https://services6.arcgis.com/9zKHLCgIwu2HFA5O/arcgis/rest/services/Parcels/FeatureServer/0 | https://www.property-appraiser.org/data/
2025291850000P0030,2332 W OAK ST,KISSIMMEE,34741,28.300895944698386,-81.42777781077008,1958,built_year,68,0,,LOGAN MICHAEL W,FL,1997-09-30,https://www.property-appraiser.org/data/ | https://services6.arcgis.com/9zKHLCgIwu2HFA5O/arcgis/rest/services/Parcels/FeatureServer/0 | https://www.property-appraiser.org/data/
262529291000010240,930 SHORE DR,KISSIMMEE,34744,28.283225046037447,-81.38050442560011,1958,built_year,68,0,,BANDY LARRY L,FL,2001-12-08,https://www.property-appraiser.org/data/ | https://services6.arcgis.com/9zKHLCgIwu2HFA5O/arcgis/rest/services/Parcels/FeatureServer/0
262529291000010300,740 SHORE DR,KISSIMMEE,34744,28.28509302431412,-81.38061486737048,1958,built_year,68,0,,KELLY JOHN THOMAS RLE,FL,2025-08-21,https://www.property-appraiser.org/data/ | https://services6.arcgis.com/9zKHLCgIwu2HFA5O/arcgis/rest/services/Parcels/FeatureServer/0
2825291080000B0040,1820 ERNEST ST,KISSIMMEE,34741,28.286041463255714,-81.4230316218905,1958,built_year,68,0,,HAYDEN DANIELLE MICHELE,FL,2003-06-30,https://www.property-appraiser.org/data/ | https://services6.arcgis.com/9zKHLCgIwu2HFA5O/arcgis/rest/services/Parcels/FeatureServer/0 | https://www.property-appraiser.org/data/
292529470000010637,2028 SUNNY ST,KISSIMMEE,34741,28.284096081876754,-81.42542810586257,1958,built_year,68,0,,LEE PATRICIA A,FL,2025-09-02,https://www.property-appraiser.org/data/ | https://services6.arcgis.com/9zKHLCgIwu2HFA5O/arcgis/rest/services/Parcels/FeatureServer/0 | https://www.property-appraiser.org/data/
092529365100010320,2531 HIGHLAND AVE,KISSIMMEE,34741,28.322305116580484,-81.40863592952236,1959,built_year,67,0,,DI PIETRO JANETT Z CHAPARRO,FL,2008-08-28,https://www.property-appraiser.org/data/ | https://services6.arcgis.com/9zKHLCgIwu2HFA5O/arcgis/rest/services/Parcels/FeatureServer/0 | https://www.property-appraiser.org/data/
2025291830000B0100,2114 CATHERINE ST,KISSIMMEE,34741,28.30338308229858,-81.42624419444383,1959,built_year,67,0,,MCINTEE ANDREW,FL,2025-08-22,https://www.property-appraiser.org/data/ | https://services6.arcgis.com/9zKHLCgIwu2HFA5O/arcgis/rest/services/Parcels/FeatureServer/0
2025291870000O0310,2403 JANET ST,KISSIMMEE,34741,28.300589293192427,-81.42901365558559,1959,built_year,67,0,,KOONCE PHILLIP A,FL,2021-05-03,https://www.property-appraiser.org/data/ | https://services6.arcgis.com/9zKHLCgIwu2HFA5O/arcgis/rest/services/Parcels/FeatureServer/0
212529196000010230,1805 VERONA ST,KISSIMMEE,34741,28.29288903380102,-81.42230801068166,1959,built_year,67,0,,CODY DEBORAH J RLE,FL,2022-08-17,https://www.property-appraiser.org/data/ | https://services6.arcgis.com/9zKHLCgIwu2HFA5O/arcgis/rest/services/Parcels/FeatureServer/0
012630000104340040,227 NEW YORK AVE,SAINT CLOUD,34769,28.256702012724148,-81.28321961945859,1960,built_year,66,0,,DALTON JACQUELINE RYAN,FL,2012-02-03,https://www.property-appraiser.org/data/ | https://services6.arcgis.com/9zKHLCgIwu2HFA5O/arcgis/rest/services/Parcels/FeatureServer/0 | https://www.property-appraiser.org/data/
102529310000010060,106 E CARROLL ST,KISSIMMEE,34744,28.325980324863288,-81.40253681485818,1960,built_year,66,0,,TYRELL ENTERPRISES LLC,FL,2024-01-24,https://www.property-appraiser.org/data/ | https://services6.arcgis.com/9zKHLCgIwu2HFA5O/arcgis/rest/services/Parcels/FeatureServer/0
163033000001100000,1475 GRANT BASS RD,KENANSVILLE,34739,27.869829610051127,-81.01904155484387,1960,built_year,66,0,,DENNIS FRANK,FL,2006-05-12,https://www.property-appraiser.org/data/ | https://services6.arcgis.com/9zKHLCgIwu2HFA5O/arcgis/rest/services/Parcels/FeatureServer/0
2025291840000M0050,2510 W DORIS ST,KISSIMMEE,34741,28.302526029079154,-81.42971035497551,1960,built_year,66,0,,ROYES TERRY ANNE MARIE,FL,2023-02-22,https://www.property-appraiser.org/data/ | https://services6.arcgis.com/9zKHLCgIwu2HFA5O/arcgis/rest/services/Parcels/FeatureServer/0
012630000103650130,425 CAROLINA AVE,SAINT CLOUD,34769,28.254042157971757,-81.27305968228131,1961,built_year,65,0,,MIDDLETON HERMAN,FL,2025-02-26,https://www.property-appraiser.org/data/ | https://services6.arcgis.com/9zKHLCgIwu2HFA5O/arcgis/rest/services/Parcels/FeatureServer/0 | https://www.property-appraiser.org/data/
092529365400010250,2618 N BEAUMONT AVE,KISSIMMEE,34741,28.324477088849623,-81.41049492745589,1961,built_year,65,0,,FAWCETT RUENELL R,FL,1994-10-20,https://www.property-appraiser.org/data/ | https://services6.arcgis.com/9zKHLCgIwu2HFA5O/arcgis/rest/services/Parcels/FeatureServer/0 | https://www.property-appraiser.org/data/
0925295280000E0170,525 W TROPICANA CT,KISSIMMEE,34741,28.333240360553354,-81.4092206662018,1961,built_year,65,0,,MCFARLAND PHYLLIS,FL,2000-03-26,https://www.property-appraiser.org/data/ | https://services6.arcgis.com/9zKHLCgIwu2HFA5O/arcgis/rest/services/Parcels/FeatureServer/0
012630000103020010,1500 FLORIDA AVE,SAINT CLOUD,34769,28.243912145999992,-81.28164318346418,1962,built_year,64,0,,ROESWANA YULIE,FL,2018-11-19,https://www.property-appraiser.org/data/ | https://services6.arcgis.com/9zKHLCgIwu2HFA5O/arcgis/rest/services/Parcels/FeatureServer/0 | https://www.property-appraiser.org/data/
062531426000010240,3195 TINDALL ACRES RD,KISSIMMEE,34744,28.343925340094653,-81.25959560271308,1963,built_year,63,0,,IRON GATE INVESTMENT LLC,FL,2024-08-16,https://www.property-appraiser.org/data/ | https://services6.arcgis.com/9zKHLCgIwu2HFA5O/arcgis/rest/services/Parcels/FeatureServer/0 | https://www.property-appraiser.org/data/
1525294560000E0110,2351 APACHE AVE,KISSIMMEE,34744,28.313730220403045,-81.39338259752328,1964,built_year,62,0,,GARCIA RIAL IDANIA,FL,2016-08-26,https://www.property-appraiser.org/data/ | https://services6.arcgis.com/9zKHLCgIwu2HFA5O/arcgis/rest/services/Parcels/FeatureServer/0 | https://www.property-appraiser.org/data/
03253045500001010A,3313 LUKE RD,KISSIMMEE,34744,28.345025839584967,-81.30715220499049,1965,built_year,61,0,,EDMOND WILLIAM O,FL,2012-07-19,https://www.property-appraiser.org/data/ | https://services6.arcgis.com/9zKHLCgIwu2HFA5O/arcgis/rest/services/Parcels/FeatureServer/0
042530000003200000,3120 BOGGY TERRACE DR,KISSIMMEE,34744,28.341038664649997,-81.31826455360742,1965,built_year,61,0,,NAVARRO GLORIA JAKELYN,FL,2025-05-12,https://www.property-appraiser.org/data/ | https://services6.arcgis.com/9zKHLCgIwu2HFA5O/arcgis/rest/services/Parcels/FeatureServer/0
0926315330000A0070,5555 E IRLO BRONSON MEMORIAL HWY,SAINT CLOUD,34771,28.243971914804774,-81.21580827338946,1965,built_year,61,0,,RADABAUGH FAMILY TRUST II LLC,FL,2021-08-31,https://www.property-appraiser.org/data/ | https://services6.arcgis.com/9zKHLCgIwu2HFA5O/arcgis/rest/services/Parcels/FeatureServer/0 | https://www.property-appraiser.org/data/
212529167000470010,1802 W OAK ST,KISSIMMEE,34741,28.30071385116474,-81.42245259471693,1965,built_year,61,0,,ZAFAR MIAN & MUNIRA ZAFAR REVOCABLE TRUST,FL,2024-04-13,https://www.property-appraiser.org/data/ | https://services6.arcgis.com/9zKHLCgIwu2HFA5O/arcgis/rest/services/Parcels/FeatureServer/0 | https://www.property-appraiser.org/data/
022529408000640010,2917 OLD DIXIE HWY,KISSIMMEE,34744,28.333989602453837,-81.39806780696783,1966,built_year,60,0,,JONES CHRISTOPHER BERNARD,FL,2022-02-21,https://www.property-appraiser.org/data/ | https://services6.arcgis.com/9zKHLCgIwu2HFA5O/arcgis/rest/services/Parcels/FeatureServer/0 | https://www.property-appraiser.org/data/
0526294480000E0165,1730 MAGNOLIA LN,KISSIMMEE,34746,28.255144873904314,-81.43780750361405,1966,built_year,60,0,,PRESCOTT LEMUEL R,FL,2014-09-25,https://www.property-appraiser.org/data/ | https://services6.arcgis.com/9zKHLCgIwu2HFA5O/arcgis/rest/services/Parcels/FeatureServer/0
062629276000090010,4374 HELEN AVE,KISSIMMEE,34746,28.25947860705926,-81.45627751824915,1966,built_year,60,0,,LANIER LORENE BRYANT,FL,1998-12-07,https://www.property-appraiser.org/data/ | https://services6.arcgis.com/9zKHLCgIwu2HFA5O/arcgis/rest/services/Parcels/FeatureServer/0 | https://www.property-appraiser.org/data/
0925295310000P0130,2818 TEXAS AVE,KISSIMMEE,34741,28.331142548516667,-81.40736337500127,1966,built_year,60,0,,FIGUEROA MIGNA,FL,2021-01-28,https://www.property-appraiser.org/data/ | https://services6.arcgis.com/9zKHLCgIwu2HFA5O/arcgis/rest/services/Parcels/FeatureServer/0 | https://www.property-appraiser.org/data/
122630495000010450,1801 EASTERN AVE,SAINT CLOUD,34769,28.240777669581725,-81.26734166666775,1966,built_year,60,0,,COLAHAN CHRISTOPHER,FL,2024-09-06,https://www.property-appraiser.org/data/ | https://services6.arcgis.com/9zKHLCgIwu2HFA5O/arcgis/rest/services/Parcels/FeatureServer/0
212630495000010450,2961 KISSIMMEE PARK RD,SAINT CLOUD,34772,28.211744500638815,-81.31649970388445,1966,built_year,60,0,,RIGETTA-ACREE CHRISTINA L,FL,2017-08-09,https://www.property-appraiser.org/data/ | https://services6.arcgis.com/9zKHLCgIwu2HFA5O/arcgis/rest/services/Parcels/FeatureServer/0 | https://www.property-appraiser.org/data/
252529429000010420,1740 NEPTUNE RD,KISSIMMEE,34744,28.282838311342505,-81.3735471271758,1966,built_year,60,0,,SATTERLEE RANDALL S,FL,2015-10-22,https://www.property-appraiser.org/data/ | https://services6.arcgis.com/9zKHLCgIwu2HFA5O/arcgis/rest/services/Parcels/FeatureServer/0 | https://www.property-appraiser.org/data/
012630000100690225,1023 7TH ST,SAINT CLOUD,34769,28.251402925517862,-81.2810183751813,1967,built_year,59,0,,DINGUS TIMOTHY W RLE,FL,2025-05-12,https://www.property-appraiser.org/data/ | https://services6.arcgis.com/9zKHLCgIwu2HFA5O/arcgis/rest/services/Parcels/FeatureServer/0 | https://www.property-appraiser.org/data/
012630000104090065,325 FLORIDA AVE,SAINT CLOUD,34769,28.255335840289636,-81.2808933784439,1967,built_year,59,0,,GRAY JOHN W,FL,2003-04-20,https://www.property-appraiser.org/data/ | https://services6.arcgis.com/9zKHLCgIwu2HFA5O/arcgis/rest/services/Parcels/FeatureServer/0
062629000001200000,4250 LAKE AVE,KISSIMMEE,34746,28.25659889325186,-81.45277894556172,1967,built_year,59,0,,E & R FLORIDA SERVICES LLC,FL,2025-08-29,https://www.property-appraiser.org/data/ | https://services6.arcgis.com/9zKHLCgIwu2HFA5O/arcgis/rest/services/Parcels/FeatureServer/0
2025291870000T0190,2827 CECILE ST,KISSIMMEE,34741,28.299837788663577,-81.43167848440466,1967,built_year,59,0,,HEAMON TERESA CHARLENE,FL,1993-10-24,https://www.property-appraiser.org/data/ | https://services6.arcgis.com/9zKHLCgIwu2HFA5O/arcgis/rest/services/Parcels/FeatureServer/0
262531437000011220,6340 JUDITH CT,SAINT CLOUD,34771,28.27695530762357,-81.18373315493062,1967,built_year,59,0,,MADISON KELLY,FL,2025-01-23,https://www.property-appraiser.org/data/ | https://services6.arcgis.com/9zKHLCgIwu2HFA5O/arcgis/rest/services/Parcels/FeatureServer/0
332528350000190130,5631 MYAKKA AVE,INTERCESSION CITY,33848,28.26208074607811,-81.50910518297779,1967,built_year,59,0,,MANGINI SHAWN MICHAEL,FL,2021-07-27,https://www.property-appraiser.org/data/ | https://services6.arcgis.com/9zKHLCgIwu2HFA5O/arcgis/rest/services/Parcels/FeatureServer/0
012630000103650110,437 CAROLINA AVE,SAINT CLOUD,34769,28.25364884279117,-81.27306071127276,1968,built_year,58,0,,BOHON SANDRA,FL,2001-11-30,https://www.property-appraiser.org/data/ | https://services6.arcgis.com/9zKHLCgIwu2HFA5O/arcgis/rest/services/Parcels/FeatureServer/0 | https://www.property-appraiser.org/data/
012630000104290040,230 MICHIGAN AVE,SAINT CLOUD,34769,28.256689501348053,-81.27705984991906,1968,built_year,58,0,,BOOTH EDWIN E,FL,2024-05-28,https://www.property-appraiser.org/data/ | https://services6.arcgis.com/9zKHLCgIwu2HFA5O/arcgis/rest/services/Parcels/FeatureServer/0 | https://www.property-appraiser.org/data/
032630495000013939,902 COLUMBIA AVE,SAINT CLOUD,34769,28.249299677965087,-81.30149978499469,1968,built_year,58,0,,RIVERA EFRAIN,FL,2024-12-04,https://www.property-appraiser.org/data/ | https://services6.arcgis.com/9zKHLCgIwu2HFA5O/arcgis/rest/services/Parcels/FeatureServer/0 | https://www.property-appraiser.org/data/
102529310000010200,103 E KEEN ST,KISSIMMEE,34744,28.325604277475684,-81.40268845895115,1968,built_year,58,0,,TYRELL ENTERPRISES LLC,FL,2024-01-24,https://www.property-appraiser.org/data/ | https://services6.arcgis.com/9zKHLCgIwu2HFA5O/arcgis/rest/services/Parcels/FeatureServer/0
2025291870000Z0150,702 CATHERINE ST,KISSIMMEE,34741,28.298040464171574,-81.43274902785414,1968,built_year,58,0,,SEAWELL BARBARA W,FL,1995-08-17,https://www.property-appraiser.org/data/ | https://services6.arcgis.com/9zKHLCgIwu2HFA5O/arcgis/rest/services/Parcels/FeatureServer/0 | https://www.property-appraiser.org/data/
012630000101490150,1019 GEORGIA AVE,SAINT CLOUD,34769,28.24825857140456,-81.29776806731572,1969,built_year,57,0,,RIZO DORIS,TN,2017-01-24,https://www.property-appraiser.org/data/ | https://services6.arcgis.com/9zKHLCgIwu2HFA5O/arcgis/rest/services/Parcels/FeatureServer/0 | https://www.property-appraiser.org/data/
0126300001038400H0,438 DAKOTA AVE,SAINT CLOUD,34769,28.25369773430144,-81.2940058142423,1969,built_year,57,0,,DOMINGUEZ MICHAEL,FL,2006-09-13,https://www.property-appraiser.org/data/ | https://services6.arcgis.com/9zKHLCgIwu2HFA5O/arcgis/rest/services/Parcels/FeatureServer/0 | https://www.property-appraiser.org/data/
022529408000640060,2927 OLD DIXIE HWY,KISSIMMEE,34744,28.33449636594405,-81.3977559377895,1969,built_year,57,0,,,,2005-04-07,https://www.property-appraiser.org/data/ | https://services6.arcgis.com/9zKHLCgIwu2HFA5O/arcgis/rest/services/Parcels/FeatureServer/0
022529408000650050,2893 OLD DIXIE HWY,KISSIMMEE,34744,28.333221345229262,-81.3983513362081,1969,built_year,57,0,,MARC 1 LLC,FL,2017-07-28,https://www.property-appraiser.org/data/ | https://services6.arcgis.com/9zKHLCgIwu2HFA5O/arcgis/rest/services/Parcels/FeatureServer/0 | https://www.property-appraiser.org/data/
0825313110000A0080,5099 N KALIGA DR,SAINT CLOUD,34771,28.325311285240105,-81.23572506607536,1969,built_year,57,0,,COLLIER DAVID L RLE,FL,2004-04-27,https://www.property-appraiser.org/data/ | https://services6.arcgis.com/9zKHLCgIwu2HFA5O/arcgis/rest/services/Parcels/FeatureServer/0
092629000000800000,1960 HARBOR RD,KISSIMMEE,34746,28.234637883069635,-81.42339974302602,1969,built_year,57,0,,ORTIZ RAMIREZ SERAFIN,FL,2021-04-07,https://www.property-appraiser.org/data/ | https://services6.arcgis.com/9zKHLCgIwu2HFA5O/arcgis/rest/services/Parcels/FeatureServer/0 | https://www.property-appraiser.org/data/
352733000014800000,6120 HARRIS RD,SAINT CLOUD,34773,28.096752481043872,-80.99290738391166,1969,built_year,57,0,,PEJAKOVICH JOYCE L,FL,2025-03-03,https://www.property-appraiser.org/data/ | https://services6.arcgis.com/9zKHLCgIwu2HFA5O/arcgis/rest/services/Parcels/FeatureServer/0
092529365500010180,2613 CORAL AVE,KISSIMMEE,34741,28.323913836033913,-81.41086371409651,1970,built_year,56,0,,RIVERA CARMEN,FL,2022-01-12,https://www.property-appraiser.org/data/ | https://services6.arcgis.com/9zKHLCgIwu2HFA5O/arcgis/rest/services/Parcels/FeatureServer/0
102529310000010230,113 E KEEN ST,KISSIMMEE,34744,28.32554124464684,-81.40217942592645,1970,built_year,56,0,,TYRELL ENTERPRISES LLC,FL,2024-01-24,https://www.property-appraiser.org/data/ | https://services6.arcgis.com/9zKHLCgIwu2HFA5O/arcgis/rest/services/Parcels/FeatureServer/0
2025292250000B0140,"1026 PLANTATION DR #B14",KISSIMMEE,34741,28.302227158670494,-81.43513750456964,1970,built_year,56,0,,CARPENTER ROSEMARY EST,NY,2023-05-22,https://www.property-appraiser.org/data/ | https://services6.arcgis.com/9zKHLCgIwu2HFA5O/arcgis/rest/services/Parcels/FeatureServer/0
2025292250000D0070,"1036 PLANTATION DR #D7",KISSIMMEE,34741,28.301544238717064,-81.43529315663204,1970,built_year,56,0,,HDIJA ABDESSAMAD,FL,2012-07-13,https://www.property-appraiser.org/data/ | https://services6.arcgis.com/9zKHLCgIwu2HFA5O/arcgis/rest/services/Parcels/FeatureServer/0
2025292250000E0010,"1044 PLANTATION DR #E1",KISSIMMEE,34741,28.301308380920375,-81.43475248242675,1970,built_year,56,0,,AGUIAR ANDREA,FL,2020-03-11,https://www.property-appraiser.org/data/ | https://services6.arcgis.com/9zKHLCgIwu2HFA5O/arcgis/rest/services/Parcels/FeatureServer/0 | https://www.property-appraiser.org/data/
222529140000010735,802 HASTINGS DR,KISSIMMEE,34744,28.292542165135096,-81.39173549774273,1970,built_year,56,0,,CHRISTIAN NATASHA,FL,2022-08-12,https://www.property-appraiser.org/data/ | https://services6.arcgis.com/9zKHLCgIwu2HFA5O/arcgis/rest/services/Parcels/FeatureServer/0 | https://www.property-appraiser.org/data/
332530449000010150,1262 EAST LAKE SHORE BLVD,KISSIMMEE,34744,28.273098473839756,-81.3145289648533,1970,built_year,56,0,,PEPPER LORENA CORRALES,FL,2016-09-29,https://www.property-appraiser.org/data/ | https://services6.arcgis.com/9zKHLCgIwu2HFA5O/arcgis/rest/services/Parcels/FeatureServer/0 | https://www.property-appraiser.org/data/
012630000102590130,1321 LOUISIANA AVE,SAINT CLOUD,34769,28.24525238655152,-81.29889343377853,1971,built_year,55,0,,STEVENSON CANDACE L,FL,2023-10-31,https://www.property-appraiser.org/data/ | https://services6.arcgis.com/9zKHLCgIwu2HFA5O/arcgis/rest/services/Parcels/FeatureServer/0 | https://www.property-appraiser.org/data/
012630000103950070,331 TENNESSEE AVE,SAINT CLOUD,34769,28.255542152485322,-81.29663232064924,1971,built_year,55,0,,FKH SFR PROPCO I LP,GA,2021-11-17,https://www.property-appraiser.org/data/ | https://services6.arcgis.com/9zKHLCgIwu2HFA5O/arcgis/rest/services/Parcels/FeatureServer/0
022529408000580090,2920 TAMPA AVE,KISSIMMEE,34744,28.334310487136168,-81.39546651752818,1971,built_year,55,0,,COLEMAN VERA MAE,FL,2016-09-21,https://www.property-appraiser.org/data/ | https://services6.arcgis.com/9zKHLCgIwu2HFA5O/arcgis/rest/services/Parcels/FeatureServer/0
0925295310000S0090,200 EAST MIAMI TER,KISSIMMEE,34741,28.32937849629149,-81.40651641740634,1971,built_year,55,0,,FORTIN CLEMENT RLE,FL,2024-08-16,https://www.property-appraiser.org/data/ | https://services6.arcgis.com/9zKHLCgIwu2HFA5O/arcgis/rest/services/Parcels/FeatureServer/0
2025291870000X0080,708 FRANCIS ST,KISSIMMEE,34741,28.29870340297199,-81.42956760953108,1971,built_year,55,0,,CORNETT BARBARA,FL,2012-03-28,https://www.property-appraiser.org/data/ | https://services6.arcgis.com/9zKHLCgIwu2HFA5O/arcgis/rest/services/Parcels/FeatureServer/0 | https://www.property-appraiser.org/data/
212529167000170300,1009 N THACKER AVE,KISSIMMEE,34741,28.30130743119098,-81.4239456010764,1971,built_year,55,0,,DEGANTE IRMA,FL,2003-06-16,https://www.property-appraiser.org/data/ | https://services6.arcgis.com/9zKHLCgIwu2HFA5O/arcgis/rest/services/Parcels/FeatureServer/0
302631507000010085,3235 LA SALLE AVE,SAINT CLOUD,34772,28.201635907822737,-81.25911028866815,1971,built_year,55,0,,PARKER BRADLEY JAMES,FL,2022-12-15,https://www.property-appraiser.org/data/ | https://services6.arcgis.com/9zKHLCgIwu2HFA5O/arcgis/rest/services/Parcels/FeatureServer/0 | https://www.property-appraiser.org/data/
012630000104460065,235 TENNESSEE AVE,SAINT CLOUD,34769,28.25688298949032,-81.2966252125396,1972,built_year,54,0,,DOWNS MARY M,FL,2020-09-23,https://www.property-appraiser.org/data/ | https://services6.arcgis.com/9zKHLCgIwu2HFA5O/arcgis/rest/services/Parcels/FeatureServer/0 | https://www.property-appraiser.org/data/
022529408000540015,1009 BARN ST,KISSIMMEE,34744,28.334527516097673,-81.39487284268816,1972,built_year,54,0,,EADY IRENE DELORES,FL,1996-09-26,https://www.property-appraiser.org/data/ | https://services6.arcgis.com/9zKHLCgIwu2HFA5O/arcgis/rest/services/Parcels/FeatureServer/0 | https://www.property-appraiser.org/data/
112630060907070020,"707 MICHIGAN CT #2",SAINT CLOUD,34769,28.240424954635877,-81.27740601163072,1972,built_year,54,0,,CASA DEL REY PROPERTIES CORPORATION,NY,2025-07-11,https://www.property-appraiser.org/data/ | https://services6.arcgis.com/9zKHLCgIwu2HFA5O/arcgis/rest/services/Parcels/FeatureServer/0
112630060907170020,"717 MICHIGAN CT #2",SAINT CLOUD,34769,28.24038214242299,-81.27816766789327,1972,built_year,54,0,,CASA DEL REY PROPERTIES CORPORATION,NY,2025-07-07,https://www.property-appraiser.org/data/ | https://services6.arcgis.com/9zKHLCgIwu2HFA5O/arcgis/rest/services/Parcels/FeatureServer/0
112630060907190030,"719 MICHIGAN CT #3",SAINT CLOUD,34769,28.240381555432716,-81.2783376596682,1972,built_year,54,0,,DE LA LUZ JEANNETTE M SANTIAGO,FL,1996-05-06,https://www.property-appraiser.org/data/ | https://services6.arcgis.com/9zKHLCgIwu2HFA5O/arcgis/rest/services/Parcels/FeatureServer/0
112630060907420020,"742 MICHIGAN CT #2",SAINT CLOUD,34769,28.238947997672714,-81.27723117176025,1972,built_year,54,0,,SANTOS MANUEL CALDERO,PR,2012-10-30,https://www.property-appraiser.org/data/ | https://services6.arcgis.com/9zKHLCgIwu2HFA5O/arcgis/rest/services/Parcels/FeatureServer/0
1625294831000D0160,1695 SOUTH LYNDELL DR,KISSIMMEE,34741,28.31460959622865,-81.4207915128067,1972,built_year,54,0,,BARLAAN BOBBY P,FL,2022-02-04,https://www.property-appraiser.org/data/ | https://services6.arcgis.com/9zKHLCgIwu2HFA5O/arcgis/rest/services/Parcels/FeatureServer/0 | https://www.property-appraiser.org/data/
212529167000190050,1110 N PALM AVE,KISSIMMEE,34741,28.302085285219214,-81.42146613045487,1972,built_year,54,0,,FKH SFR PROPCO K LP,GA,2022-06-22,https://www.property-appraiser.org/data/ | https://services6.arcgis.com/9zKHLCgIwu2HFA5O/arcgis/rest/services/Parcels/FeatureServer/0
2426282650000A0080,4480 FREEDOM RD,KISSIMMEE,34746,28.212059978059763,-81.4613708847024,1972,built_year,54,0,,NCR SOLUTIONS LLC,FL,2021-07-16,https://www.property-appraiser.org/data/ | https://services6.arcgis.com/9zKHLCgIwu2HFA5O/arcgis/rest/services/Parcels/FeatureServer/0 | https://www.property-appraiser.org/data/
2825291130000A0170,1723 HUGHEY ST,KISSIMMEE,34741,28.289294020758078,-81.42216691758779,1972,built_year,54,0,,HORTON CYNTHIA L,FL,2016-11-08,https://www.property-appraiser.org/data/ | https://services6.arcgis.com/9zKHLCgIwu2HFA5O/arcgis/rest/services/Parcels/FeatureServer/0 | https://www.property-appraiser.org/data/
3126315140000C0350,3930 RAMBLER AVE,SAINT CLOUD,34772,28.176851413969228,-81.25256789601563,1972,built_year,54,0,,MILLIGAN BARBARA C,FL,2011-05-16,https://www.property-appraiser.org/data/ | https://services6.arcgis.com/9zKHLCgIwu2HFA5O/arcgis/rest/services/Parcels/FeatureServer/0 | https://www.property-appraiser.org/data/
322530306000030020,2680 ROBIN AVE,KISSIMMEE,34744,28.263514452698566,-81.3350489249985,1972,built_year,54,0,,BAUTISTA NATASHA G,FL,2021-09-13,https://www.property-appraiser.org/data/ | https://services6.arcgis.com/9zKHLCgIwu2HFA5O/arcgis/rest/services/Parcels/FeatureServer/0
012630000100600030,706 OREGON AVE,SAINT CLOUD,34769,28.251277796705256,-81.2703646011041,1973,built_year,53,0,,HENGELS PETER A,FL,2004-02-27,https://www.property-appraiser.org/data/ | https://services6.arcgis.com/9zKHLCgIwu2HFA5O/arcgis/rest/services/Parcels/FeatureServer/0
012630000100930090,820 CALIFORNIA AVE,SAINT CLOUD,34769,28.249883499852153,-81.29506185748305,1973,built_year,53,0,,LOKHNATH DAYA CHANDRA,FL,2021-04-20,https://www.property-appraiser.org/data/ | https://services6.arcgis.com/9zKHLCgIwu2HFA5O/arcgis/rest/services/Parcels/FeatureServer/0
012630065000010645,1412 CYPRESS AVE,SAINT CLOUD,34769,28.257662327010205,-81.2852114866144,1973,built_year,53,0,,BARRY DUSTIN,FL,2016-01-22,https://www.property-appraiser.org/data/ | https://services6.arcgis.com/9zKHLCgIwu2HFA5O/arcgis/rest/services/Parcels/FeatureServer/0 | https://www.property-appraiser.org/data/
0126314460000C3120,6735 MIDLAND DR,SAINT CLOUD,34771,28.25067259472446,-81.16782984362517,1973,built_year,53,0,,JOHNSON GEORGE,FL,2001-09-14,https://www.property-appraiser.org/data/ | https://services6.arcgis.com/9zKHLCgIwu2HFA5O/arcgis/rest/services/Parcels/FeatureServer/0 | https://www.property-appraiser.org/data/
022529408000650070,2897 OLD DIXIE HWY,KISSIMMEE,34744,28.333506335122337,-81.39830420594069,1973,built_year,53,0,,EMANUEL GLORIA R,FL,2020-11-24,https://www.property-appraiser.org/data/ | https://services6.arcgis.com/9zKHLCgIwu2HFA5O/arcgis/rest/services/Parcels/FeatureServer/0 | https://www.property-appraiser.org/data/
022629330500010460,1536 SKYLINE DR,KISSIMMEE,34744,28.25530020202745,-81.38133943722421,1973,built_year,53,0,,HENNING-PROW MELANIE A,FL,2005-05-27,https://www.property-appraiser.org/data/ | https://services6.arcgis.com/9zKHLCgIwu2HFA5O/arcgis/rest/services/Parcels/FeatureServer/0 | https://www.property-appraiser.org/data/
022631474000012690,1629 MARLIN ST,SAINT CLOUD,34771,28.259303085613855,-81.1848425199495,1973,built_year,53,0,,JACKSON PAUL,FL,2024-08-23,https://www.property-appraiser.org/data/ | https://services6.arcgis.com/9zKHLCgIwu2HFA5O/arcgis/rest/services/Parcels/FeatureServer/0
042630023000010660,4718 KILT CT,SAINT CLOUD,34769,28.245618639257167,-81.31680575496104,1973,built_year,53,0,,CANESTRINI TRUST NO 2023,IL,2023-03-07,https://www.property-appraiser.org/data/ | https://services6.arcgis.com/9zKHLCgIwu2HFA5O/arcgis/rest/services/Parcels/FeatureServer/0
142529223400010580,2370 VALLEY AVE,KISSIMMEE,34744,28.314085970475503,-81.38940711168144,1973,built_year,53,0,,SANTIAGO JESUS,FL,2011-03-07,https://www.property-appraiser.org/data/ | https://services6.arcgis.com/9zKHLCgIwu2HFA5O/arcgis/rest/services/Parcels/FeatureServer/0
222529136500010060,706 E MAGNOLIA ST,KISSIMMEE,34744,28.30149849595788,-81.39807557986704,1973,built_year,53,0,,LAPOINTE FRANCYS L,FL,2022-04-22,https://www.property-appraiser.org/data/ | https://services6.arcgis.com/9zKHLCgIwu2HFA5O/arcgis/rest/services/Parcels/FeatureServer/0 | https://www.property-appraiser.org/data/
232529270000010040,1360 ROSALIE CT,KISSIMMEE,34744,28.292742345290822,-81.38896464665123,1973,built_year,53,0,,POLLIO RICHARD E,FL,2018-08-31,https://www.property-appraiser.org/data/ | https://services6.arcgis.com/9zKHLCgIwu2HFA5O/arcgis/rest/services/Parcels/FeatureServer/0
252628612416630120,814 E FLAG LN,KISSIMMEE,34759,28.142096846166286,-81.45274419142156,1973,built_year,53,0,,GONZALEZ TORRES JAVIER,FL,2022-08-29,https://www.property-appraiser.org/data/ | https://services6.arcgis.com/9zKHLCgIwu2HFA5O/arcgis/rest/services/Parcels/FeatureServer/0 | https://www.property-appraiser.org/data/
252628612416630150,820 E FLAG LN,KISSIMMEE,34759,28.14166231291207,-81.45299416032134,1973,built_year,53,0,,SRAM PACK I-B LLC,TX,2021-11-03,https://www.property-appraiser.org/data/ | https://services6.arcgis.com/9zKHLCgIwu2HFA5O/arcgis/rest/services/Parcels/FeatureServer/0
252628612416650210,34 CHIP CT,KISSIMMEE,34759,28.14216801863203,-81.45463672229197,1973,built_year,53,0,,PUJOIS GRACE,FL,2015-05-27,https://www.property-appraiser.org/data/ | https://services6.arcgis.com/9zKHLCgIwu2HFA5O/arcgis/rest/services/Parcels/FeatureServer/0
252628612416660010,51 CHIP CT,KISSIMMEE,34759,28.144033642342087,-81.45499661327626,1973,built_year,53,0,,RUIZ HECTOR R,FL,2002-04-11,https://www.property-appraiser.org/data/ | https://services6.arcgis.com/9zKHLCgIwu2HFA5O/arcgis/rest/services/Parcels/FeatureServer/0
252628612416660200,3 CHIP CT,KISSIMMEE,34759,28.143991051050687,-81.455396925169,1973,built_year,53,0,,VELAZQUEZ LUZ MARIA EST,FL,2025-02-25,https://www.property-appraiser.org/data/ | https://services6.arcgis.com/9zKHLCgIwu2HFA5O/arcgis/rest/services/Parcels/FeatureServer/0 | https://www.property-appraiser.org/data/
252628612516680090,2 CHIP CT,KISSIMMEE,34759,28.144292090746017,-81.45585306773566,1973,built_year,53,0,,AO PROPCO 1 LLC,NY,2022-10-21,https://www.property-appraiser.org/data/ | https://services6.arcgis.com/9zKHLCgIwu2HFA5O/arcgis/rest/services/Parcels/FeatureServer/0
252629000000800000,4505 KISSIMMEE PARK RD,SAINT CLOUD,34772,28.20154412526805,-81.36703395057519,1973,built_year,53,0,,PICHARDO MARIA,FL,2020-02-24,https://www.property-appraiser.org/data/ | https://services6.arcgis.com/9zKHLCgIwu2HFA5O/arcgis/rest/services/Parcels/FeatureServer/0 | https://www.property-appraiser.org/data/
022529408000630070,2967 OLD DIXIE HWY,KISSIMMEE,34744,28.33574200679671,-81.39698190745507,1974,built_year,52,0,,PERALTA MARIA,FL,2015-10-27,https://www.property-appraiser.org/data/ | https://services6.arcgis.com/9zKHLCgIwu2HFA5O/arcgis/rest/services/Parcels/FeatureServer/0 | https://www.property-appraiser.org/data/
022631523500010520,6410 TOPSY TRL,SAINT CLOUD,34771,28.25488990545134,-81.18186559187485,1974,built_year,52,0,,STANLEY JESSE HUGENE II,FL,2023-01-23,https://www.property-appraiser.org/data/ | https://services6.arcgis.com/9zKHLCgIwu2HFA5O/arcgis/rest/services/Parcels/FeatureServer/0
042630090200010320,631 AVOCADO ST,SAINT CLOUD,34769,28.24399425317437,-81.31211037135262,1974,built_year,52,0,,JAWAD TALAT,FL,2022-01-28,https://www.property-appraiser.org/data/ | https://services6.arcgis.com/9zKHLCgIwu2HFA5O/arcgis/rest/services/Parcels/FeatureServer/0 | https://www.property-appraiser.org/data/
252628612416620100,829 E FLAG LN,KISSIMMEE,34759,28.141091849573808,-81.45225199300404,1974,built_year,52,0,,AMNL ASSET COMPANY 1 LLC,TX,2020-05-28,https://www.property-appraiser.org/data/ | https://services6.arcgis.com/9zKHLCgIwu2HFA5O/arcgis/rest/services/Parcels/FeatureServer/0 | https://www.property-appraiser.org/data/
252628612416620140,815 E FLAG LN,KISSIMMEE,34759,28.141967219866807,-81.45227789464637,1974,built_year,52,0,,NEW RESIDENTIAL BORROWER 2022-SFR2 LLC,IN,2022-08-03,https://www.property-appraiser.org/data/ | https://services6.arcgis.com/9zKHLCgIwu2HFA5O/arcgis/rest/services/Parcels/FeatureServer/0
292531491000090040,320 KETCH RD,SAINT CLOUD,34771,28.288840825749077,-81.24890673450992,1974,built_year,52,0,,WILSON CHARLES K,NC,2018-03-27,https://www.property-appraiser.org/data/ | https://services6.arcgis.com/9zKHLCgIwu2HFA5O/arcgis/rest/services/Parcels/FeatureServer/0 | https://www.property-appraiser.org/data/
312631495000011270,4805 HUNTING LODGE DR,SAINT CLOUD,34772,28.1741566060279,-81.24628539983125,1974,built_year,52,0,,MALDONADO JOSE,FL,2022-03-02,https://www.property-appraiser.org/data/ | https://services6.arcgis.com/9zKHLCgIwu2HFA5O/arcgis/rest/services/Parcels/FeatureServer/0
322530306000020120,2685 ROBIN AVE,KISSIMMEE,34744,28.263974848628937,-81.33485680140575,1974,built_year,52,0,,HASKETT DONALD T,FL,1986-08-07,https://www.property-appraiser.org/data/ | https://services6.arcgis.com/9zKHLCgIwu2HFA5O/arcgis/rest/services/Parcels/FeatureServer/0 | https://www.property-appraiser.org/data/
022529408000590080,918 GARDEN ST,KISSIMMEE,34744,28.335444265682412,-81.39550719842461,1975,built_year,51,0,,BROWN DESHANNA,FL,2001-09-21,https://www.property-appraiser.org/data/ | https://services6.arcgis.com/9zKHLCgIwu2HFA5O/arcgis/rest/services/Parcels/FeatureServer/0 | https://www.property-appraiser.org/data/
032630546000010280,2916 6TH ST,SAINT CLOUD,34769,28.252669027045272,-81.30203645296085,1975,built_year,51,0,,CALDWELL ALBA,FL,2020-03-27,https://www.property-appraiser.org/data/ | https://services6.arcgis.com/9zKHLCgIwu2HFA5O/arcgis/rest/services/Parcels/FeatureServer/0 | https://www.property-appraiser.org/data/
112528370000080170,5045 SANTOS RD,KISSIMMEE,34746,28.32444239991573,-81.48485023498112,1975,built_year,51,0,,WADDLE JACQUELINE G,FL,1998-07-27,https://www.property-appraiser.org/data/ | https://services6.arcgis.com/9zKHLCgIwu2HFA5O/arcgis/rest/services/Parcels/FeatureServer/0
232529148400010160,1314 HIGHLAND CIR,KISSIMMEE,34744,28.29427231919238,-81.39096683471212,1975,built_year,51,0,,FRANK JACQUELINE D,FL,2002-03-08,https://www.property-appraiser.org/data/ | https://services6.arcgis.com/9zKHLCgIwu2HFA5O/arcgis/rest/services/Parcels/FeatureServer/0 | https://www.property-appraiser.org/data/
312529000000500000,4318 OLD TAMPA HWY,KISSIMMEE,34746,28.26337889567716,-81.45367688000948,1975,built_year,51,0,,VELEZ JESSIE,FL,2024-01-30,https://www.property-appraiser.org/data/ | https://services6.arcgis.com/9zKHLCgIwu2HFA5O/arcgis/rest/services/Parcels/FeatureServer/0 | https://www.property-appraiser.org/data/
012630000103240150,1607 TENNESSEE AVE,SAINT CLOUD,34769,28.24286431344337,-81.29666289680726,1976,built_year,50,0,,RODRIGUEZ GEORGE M,FL,1987-07-01,https://www.property-appraiser.org/data/ | https://services6.arcgis.com/9zKHLCgIwu2HFA5O/arcgis/rest/services/Parcels/FeatureServer/0 | https://www.property-appraiser.org/data/
012630000104130020,306 VIRGINIA AVE,SAINT CLOUD,34769,28.256033971370464,-81.2759432901649,1976,built_year,50,0,,HEABERLIN JAMES W,FL,1999-04-15,https://www.property-appraiser.org/data/ | https://services6.arcgis.com/9zKHLCgIwu2HFA5O/arcgis/rest/services/Parcels/FeatureServer/0 | https://www.property-appraiser.org/data/
0126304920000A0120,105 ORANGE AVE,SAINT CLOUD,34769,28.260277171476734,-81.2639866161898,1976,built_year,50,0,,RODRIGUEZ GIOVANNI E,FL,2021-01-15,https://www.property-appraiser.org/data/ | https://services6.arcgis.com/9zKHLCgIwu2HFA5O/arcgis/rest/services/Parcels/FeatureServer/0 | https://www.property-appraiser.org/data/
022529408000630050,2959 OLD DIXIE HWY,KISSIMMEE,34744,28.335399374825382,-81.39721755385044,1976,built_year,50,0,,AFIWI LLC,FL,2025-06-13,https://www.property-appraiser.org/data/ | https://services6.arcgis.com/9zKHLCgIwu2HFA5O/arcgis/rest/services/Parcels/FeatureServer/0
022529408000630060,2963 OLD DIXIE HWY,KISSIMMEE,34744,28.335581825420938,-81.3971087737504,1976,built_year,50,0,,COLEGROVE MICHELE MCDUFFIE,FL,1980-02-01,https://www.property-appraiser.org/data/ | https://services6.arcgis.com/9zKHLCgIwu2HFA5O/arcgis/rest/services/Parcels/FeatureServer/0
022529408000640070,2943 OLD DIXIE HWY,KISSIMMEE,34744,28.334742625887348,-81.3977591605199,1976,built_year,50,0,,CAMACHO MARCELA,FL,2006-03-05,https://www.property-appraiser.org/data/ | https://services6.arcgis.com/9zKHLCgIwu2HFA5O/arcgis/rest/services/Parcels/FeatureServer/0
0226315335000100F0,6137 BASS HWY,SAINT CLOUD,34771,28.258644300410257,-81.19270904087091,1976,built_year,50,0,,FISHER AUSTIN E,FL,2017-08-18,https://www.property-appraiser.org/data/ | https://services6.arcgis.com/9zKHLCgIwu2HFA5O/arcgis/rest/services/Parcels/FeatureServer/0
142529148200011570,1580 HEATHER WAY,KISSIMMEE,34744,28.313159285261264,-81.37966918523227,1976,built_year,50,0,,DARSCH ANDREA ALISE RLE,FL,2025-05-15,https://www.property-appraiser.org/data/ | https://services6.arcgis.com/9zKHLCgIwu2HFA5O/arcgis/rest/services/Parcels/FeatureServer/0 | https://www.property-appraiser.org/data/
012629361500011080,1748 KINGS POINT BLVD,KISSIMMEE,34744,28.252687695602994,-81.3730189514035,1977,built_year,49,0,,KALAPP MARK S,FL,2018-12-17,https://www.property-appraiser.org/data/ | https://services6.arcgis.com/9zKHLCgIwu2HFA5O/arcgis/rest/services/Parcels/FeatureServer/0
012630000100860090,732 LOUISIANA AVE,SAINT CLOUD,34769,28.250854463185977,-81.29941585219478,1977,built_year,49,0,,DALTON JACQUELINE,FL,2003-07-25,https://www.property-appraiser.org/data/ | https://services6.arcgis.com/9zKHLCgIwu2HFA5O/arcgis/rest/services/Parcels/FeatureServer/0 | https://www.property-appraiser.org/data/
142529148200010540,1519 HEATHER WAY,KISSIMMEE,34744,28.31367997695001,-81.38234437777159,1977,built_year,49,0,,BOUROUAIL ABDELHADI,FL,2016-02-24,https://www.property-appraiser.org/data/ | https://services6.arcgis.com/9zKHLCgIwu2HFA5O/arcgis/rest/services/Parcels/FeatureServer/0 | https://www.property-appraiser.org/data/
142529149800010500,2331 VALLEY AVE,KISSIMMEE,34744,28.312835839679117,-81.38972706641248,1977,built_year,49,0,,BURRIS DORA A,FL,2025-02-24,https://www.property-appraiser.org/data/ | https://services6.arcgis.com/9zKHLCgIwu2HFA5O/arcgis/rest/services/Parcels/FeatureServer/0 | https://www.property-appraiser.org/data/
0126304920000B0080,110 EDGEWATER DR,SAINT CLOUD,34769,28.25955634671502,-81.26346139083425,1978,built_year,48,0,,WILLIAMS TIMOTHY HOWARD,CA,2023-08-14,https://www.property-appraiser.org/data/ | https://services6.arcgis.com/9zKHLCgIwu2HFA5O/arcgis/rest/services/Parcels/FeatureServer/0 | https://www.property-appraiser.org/data/
0226282810000E0040,4910 ALBERT DR,KISSIMMEE,34758,28.256243854885685,-81.47967712615872,1978,built_year,48,0,,TROKE-LOWE SIMON J,FL,2018-01-22,https://www.property-appraiser.org/data/ | https://services6.arcgis.com/9zKHLCgIwu2HFA5O/arcgis/rest/services/Parcels/FeatureServer/0 | https://www.property-appraiser.org/data/
022629479800010310,1630 GRANDVIEW BLVD,KISSIMMEE,34744,28.249131837026926,-81.37819509925389,1978,built_year,48,0,,LIMA MANUEL A,FL,2021-10-29,https://www.property-appraiser.org/data/ | https://services6.arcgis.com/9zKHLCgIwu2HFA5O/arcgis/rest/services/Parcels/FeatureServer/0 | https://www.property-appraiser.org/data/
0825313110000A0110,5115 NORTH KALIGA DR,SAINT CLOUD,34771,28.324794733618848,-81.23488164079151,1978,built_year,48,0,,GRADY REBECCA,FL,2009-03-09,https://www.property-appraiser.org/data/ | https://services6.arcgis.com/9zKHLCgIwu2HFA5O/arcgis/rest/services/Parcels/FeatureServer/0
162529107600010390,2502 MAUI CIR,KISSIMMEE,34741,28.3201892444491,-81.42414464773817,1978,built_year,48,0,,RICHARDS JUNE MARSHALL,FL,2002-11-28,https://www.property-appraiser.org/data/ | https://services6.arcgis.com/9zKHLCgIwu2HFA5O/arcgis/rest/services/Parcels/FeatureServer/0 | https://www.property-appraiser.org/data/
262529314000110041,1135 PARTIN DR,KISSIMMEE,34744,28.27868837301067,-81.37025190696312,1978,built_year,48,0,,CORNELL VERNA S,FL,1980-07-31,https://www.property-appraiser.org/data/ | https://services6.arcgis.com/9zKHLCgIwu2HFA5O/arcgis/rest/services/Parcels/FeatureServer/0
012630000104010020,306 MISSOURI AVE,SAINT CLOUD,34769,28.25606115715409,-81.2894555596089,1979,built_year,47,0,,COUTURE RENE III,FL,2013-03-14,https://www.property-appraiser.org/data/ | https://services6.arcgis.com/9zKHLCgIwu2HFA5O/arcgis/rest/services/Parcels/FeatureServer/0 | https://www.property-appraiser.org/data/
012630000104180170,307 WYOMING AVE,SAINT CLOUD,34769,28.256023309268347,-81.27081794058202,1979,built_year,47,0,,VELAZQUEZ BRITTANY LYNN,FL,2012-12-28,https://www.property-appraiser.org/data/ | https://services6.arcgis.com/9zKHLCgIwu2HFA5O/arcgis/rest/services/Parcels/FeatureServer/0 | https://www.property-appraiser.org/data/
0126314460000D4160,1839 BURTON DR,SAINT CLOUD,34771,28.250720254849192,-81.16721273615144,1979,built_year,47,0,,LOGES WILLIAM G III RLE,FL,2024-12-17,https://www.property-appraiser.org/data/ | https://services6.arcgis.com/9zKHLCgIwu2HFA5O/arcgis/rest/services/Parcels/FeatureServer/0 | https://www.property-appraiser.org/data/
022629330500010700,1504 REGAL CT,KISSIMMEE,34744,28.254241575367605,-81.38255893870954,1979,built_year,47,0,,CARREIRO ANTONIO M SR,FL,2021-04-15,https://www.property-appraiser.org/data/ | https://services6.arcgis.com/9zKHLCgIwu2HFA5O/arcgis/rest/services/Parcels/FeatureServer/0 | https://www.property-appraiser.org/data/
022629330500010790,1825 ADMIRAL CT,KISSIMMEE,34744,28.25251097500057,-81.38389185140302,1979,built_year,47,0,,CHASHIN KATARINA,FL,2022-01-20,https://www.property-appraiser.org/data/ | https://services6.arcgis.com/9zKHLCgIwu2HFA5O/arcgis/rest/services/Parcels/FeatureServer/0 | https://www.property-appraiser.org/data/
042630090600010360,4400 LAKE TRUDY DR,SAINT CLOUD,34769,28.242108664617003,-81.31128190030795,1979,built_year,47,0,,COOPER FAMILY REV TRUST,PA,2015-09-18,https://www.property-appraiser.org/data/ | https://services6.arcgis.com/9zKHLCgIwu2HFA5O/arcgis/rest/services/Parcels/FeatureServer/0 | https://www.property-appraiser.org/data/
042630091000010190,4306 OAK CT,SAINT CLOUD,34769,28.24498784325711,-81.3102149874652,1979,built_year,47,0,,MATHENY LINETTE,FL,2021-09-30,https://www.property-appraiser.org/data/ | https://services6.arcgis.com/9zKHLCgIwu2HFA5O/arcgis/rest/services/Parcels/FeatureServer/0 | https://www.property-appraiser.org/data/
052531402500010130,5374 MAJESTIC OAK CIR,SAINT CLOUD,34771,28.341231751350666,-81.2294218258536,1979,built_year,47,0,,IVEY TESSAH M,FL,2003-10-27,https://www.property-appraiser.org/data/ | https://services6.arcgis.com/9zKHLCgIwu2HFA5O/arcgis/rest/services/Parcels/FeatureServer/0
072530267600090150,199 LARKSPUR CT,KISSIMMEE,34743,28.32983903552593,-81.34458037989853,1979,built_year,47,0,,ALBARRAN CARMEN,FL,2013-01-26,https://www.property-appraiser.org/data/ | https://services6.arcgis.com/9zKHLCgIwu2HFA5O/arcgis/rest/services/Parcels/FeatureServer/0
072530267600150460,265 CITRUS DR,KISSIMMEE,34743,28.33575651244166,-81.34700360145953,1979,built_year,47,0,,ADORNO PEDRO,FL,2020-05-15,https://www.property-appraiser.org/data/ | https://services6.arcgis.com/9zKHLCgIwu2HFA5O/arcgis/rest/services/Parcels/FeatureServer/0
072530267600150480,269 CITRUS DR,KISSIMMEE,34743,28.335343951779326,-81.34700322289308,1979,built_year,47,0,,SHAW VICTOR WILLIAM,FL,1978-12-13,https://www.property-appraiser.org/data/ | https://services6.arcgis.com/9zKHLCgIwu2HFA5O/arcgis/rest/services/Parcels/FeatureServer/0 | https://www.property-appraiser.org/data/
072530267600160130,238 CITRUS DR,KISSIMMEE,34743,28.33737865886326,-81.34752642331969,1979,built_year,47,0,,GUERRERO RAFAEL E,FL,2019-02-23,https://www.property-appraiser.org/data/ | https://services6.arcgis.com/9zKHLCgIwu2HFA5O/arcgis/rest/services/Parcels/FeatureServer/0 | https://www.property-appraiser.org/data/
072530267600270060,108 GARDENIA RD,KISSIMMEE,34743,28.33597110902568,-81.3541001710601,1979,built_year,47,0,,ROSS TONI DEWON,FL,2018-06-06,https://www.property-appraiser.org/data/ | https://services6.arcgis.com/9zKHLCgIwu2HFA5O/arcgis/rest/services/Parcels/FeatureServer/0
072530267600290110,267 KUMQUAT RD,KISSIMMEE,34743,28.334083632732707,-81.35006797976054,1979,built_year,47,0,,OJEDA JUAN M,FL,2012-11-08,https://www.property-appraiser.org/data/ | https://services6.arcgis.com/9zKHLCgIwu2HFA5O/arcgis/rest/services/Parcels/FeatureServer/0
132528321500010250,4774 SOUTH WIND BLVD,KISSIMMEE,34746,28.30430059813026,-81.47335667063538,1979,built_year,47,0,,CRUDELE ANTOINETTE M,FL,2012-09-10,https://www.property-appraiser.org/data/ | https://services6.arcgis.com/9zKHLCgIwu2HFA5O/arcgis/rest/services/Parcels/FeatureServer/0 | https://www.property-appraiser.org/data/
132631259500010410,2440 CRANE CT,SAINT CLOUD,34771,28.23068219118875,-81.17195389685989,1979,built_year,47,0,,HANDRICK CYNTHIA JEAN,FL,2021-09-29,https://www.property-appraiser.org/data/ | https://services6.arcgis.com/9zKHLCgIwu2HFA5O/arcgis/rest/services/Parcels/FeatureServer/0
142529148700010060,1449 ACORN CT,KISSIMMEE,34744,28.315012367736728,-81.38507725659451,1979,built_year,47,0,,TAVAREZ POLANCO MARIA RAMONA,FL,2020-10-27,https://www.property-appraiser.org/data/ | https://services6.arcgis.com/9zKHLCgIwu2HFA5O/arcgis/rest/services/Parcels/FeatureServer/0 | https://www.property-appraiser.org/data/
182631000000130000,2445 OLD HICKORY TREE RD,SAINT CLOUD,34772,28.23094157355885,-81.25495151700561,1979,built_year,47,0,,CIBIRAS JOHN,FL,2016-07-25,https://www.property-appraiser.org/data/ | https://services6.arcgis.com/9zKHLCgIwu2HFA5O/arcgis/rest/services/Parcels/FeatureServer/0 | https://www.property-appraiser.org/data/
252628612416530080,24 S FLAG DR,KISSIMMEE,34759,28.14559375019918,-81.45314048121388,1979,built_year,47,0,,MUJICA HECTOR,FL,2020-11-20,https://www.property-appraiser.org/data/ | https://services6.arcgis.com/9zKHLCgIwu2HFA5O/arcgis/rest/services/Parcels/FeatureServer/0
282529189200010480,1401 HIAWATHA DR,KISSIMMEE,34741,28.279015122342518,-81.42072263872662,1979,built_year,47,0,,BROWN ANEDDA B RLE,FL,2025-01-23,https://www.property-appraiser.org/data/ | https://services6.arcgis.com/9zKHLCgIwu2HFA5O/arcgis/rest/services/Parcels/FeatureServer/0
302629504700010030,3385 WOODBERRY CT,KISSIMMEE,34746,28.19625809439014,-81.44190679883387,1979,built_year,47,0,,RUDY REVOCABLE TRUST,FL,2020-08-18,https://www.property-appraiser.org/data/ | https://services6.arcgis.com/9zKHLCgIwu2HFA5O/arcgis/rest/services/Parcels/FeatureServer/0
312631495000011252,4735 HUNTING LODGE DR,SAINT CLOUD,34772,28.17419475364725,-81.2500132578554,1979,built_year,47,0,,CRESPO CARLOS,FL,2018-05-21,https://www.property-appraiser.org/data/ | https://services6.arcgis.com/9zKHLCgIwu2HFA5O/arcgis/rest/services/Parcels/FeatureServer/0
012630000102950190,1513 MARYLAND AVE,SAINT CLOUD,34769,28.243690627947462,-81.27420504798073,1980,built_year,46,0,,STOLK DANIELLE R,FL,2017-12-15,https://www.property-appraiser.org/data/ | https://services6.arcgis.com/9zKHLCgIwu2HFA5O/arcgis/rest/services/Parcels/FeatureServer/0 | https://www.property-appraiser.org/data/
022629330500010100,1710 WOODSIDE CT,KISSIMMEE,34744,28.256703098333908,-81.37985485209819,1980,built_year,46,0,,REI GUYS LLC,FL,2025-09-02,https://www.property-appraiser.org/data/ | https://services6.arcgis.com/9zKHLCgIwu2HFA5O/arcgis/rest/services/Parcels/FeatureServer/0
022629479200010160,1608 REGAL OAK DR,KISSIMMEE,34744,28.25140229511929,-81.37843631036681,1980,built_year,46,0,,GOODWIN ANDERSON E III,FL,2018-10-17,https://www.property-appraiser.org/data/ | https://services6.arcgis.com/9zKHLCgIwu2HFA5O/arcgis/rest/services/Parcels/FeatureServer/0 | https://www.property-appraiser.org/data/
042531251200010380,3181 WHISPER WIND DR,SAINT CLOUD,34771,28.346559869856318,-81.22472020262488,1980,built_year,46,0,,YOUNG ENGLISH,FL,2024-02-28,https://www.property-appraiser.org/data/ | https://services6.arcgis.com/9zKHLCgIwu2HFA5O/arcgis/rest/services/Parcels/FeatureServer/0 | https://www.property-appraiser.org/data/
042630090400010560,1719 JUNIPER CIR,SAINT CLOUD,34769,28.24197059069048,-81.31413429174853,1980,built_year,46,0,,EMERSON MARK D,FL,1998-11-30,https://www.property-appraiser.org/data/ | https://services6.arcgis.com/9zKHLCgIwu2HFA5O/arcgis/rest/services/Parcels/FeatureServer/0 | https://www.property-appraiser.org/data/
062628514700010120,6598 OLD TAMPA HWY,DAVENPORT,33896,28.257302631159924,-81.54946185634174,1980,built_year,46,0,,PARENT LETICIA Z,FL,2025-04-11,https://www.property-appraiser.org/data/ | https://services6.arcgis.com/9zKHLCgIwu2HFA5O/arcgis/rest/services/Parcels/FeatureServer/0
07253026760030A180,248 KUMQUAT RD,KISSIMMEE,34743,28.334963540206882,-81.35098154023153,1980,built_year,46,0,,JAMES CLAUDE,FL,2024-10-16,https://www.property-appraiser.org/data/ | https://services6.arcgis.com/9zKHLCgIwu2HFA5O/arcgis/rest/services/Parcels/FeatureServer/0 | https://www.property-appraiser.org/data/
072530267700820150,140 JUAREZ DR,KISSIMMEE,34743,28.329013020093115,-81.36002810207135,1980,built_year,46,0,,DRINCON ASSETS LLC,FL,2023-03-27,https://www.property-appraiser.org/data/ | https://services6.arcgis.com/9zKHLCgIwu2HFA5O/arcgis/rest/services/Parcels/FeatureServer/0
072530267700880180,108 SAN BLAS CT,KISSIMMEE,34743,28.32672988525794,-81.3590216416152,1980,built_year,46,0,,PAREDES CORALES MISAEL LEONARDO,FL,2020-05-27,https://www.property-appraiser.org/data/ | https://services6.arcgis.com/9zKHLCgIwu2HFA5O/arcgis/rest/services/Parcels/FeatureServer/0
072530267700950010,763 ROYAL PALM DR,KISSIMMEE,34743,28.32530881674014,-81.36593080595043,1980,built_year,46,0,,PAREDES CORALES MISAEL LEONARDO,FL,2025-07-10,https://www.property-appraiser.org/data/ | https://services6.arcgis.com/9zKHLCgIwu2HFA5O/arcgis/rest/services/Parcels/FeatureServer/0
072530267700950050,747 ROYAL PALM DR,KISSIMMEE,34743,28.32461185390506,-81.36645230905175,1980,built_year,46,0,,LAZO SILVIA,FL,2024-12-27,https://www.property-appraiser.org/data/ | https://services6.arcgis.com/9zKHLCgIwu2HFA5O/arcgis/rest/services/Parcels/FeatureServer/0
072530267700960170,124 MEXICALI AVE,KISSIMMEE,34743,28.32484970496182,-81.36399476484598,1980,built_year,46,0,,ROTH RICHARD J,FL,1980-06-01,https://www.property-appraiser.org/data/ | https://services6.arcgis.com/9zKHLCgIwu2HFA5O/arcgis/rest/services/Parcels/FeatureServer/0
072530267700970040,151 TULPAN DR,KISSIMMEE,34743,28.324071571096326,-81.36501558435909,1980,built_year,46,0,,GRAHAM ALFRED A,FL,2005-04-25,https://www.property-appraiser.org/data/ | https://services6.arcgis.com/9zKHLCgIwu2HFA5O/arcgis/rest/services/Parcels/FeatureServer/0 | https://www.property-appraiser.org/data/
072530267700970170,146 MEXICALI AVE,KISSIMMEE,34743,28.323389568629203,-81.3640557741276,1980,built_year,46,0,,RIVERA JOHN,FL,1989-10-01,https://www.property-appraiser.org/data/ | https://services6.arcgis.com/9zKHLCgIwu2HFA5O/arcgis/rest/services/Parcels/FeatureServer/0
0925295310000P0030,2825 CALIFORNIA BLVD,KISSIMMEE,34741,28.33171193065669,-81.40771621026333,1980,built_year,46,0,,HERNANDEZ ALEJANDRA,FL,2018-10-15,https://www.property-appraiser.org/data/ | https://services6.arcgis.com/9zKHLCgIwu2HFA5O/arcgis/rest/services/Parcels/FeatureServer/0
202629477500010110,2976 LUCKY CIR,KISSIMMEE,34746,28.210565506220398,-81.43616564120192,1980,built_year,46,0,,DOMINGUEZ JORDAN,FL,2023-06-20,https://www.property-appraiser.org/data/ | https://services6.arcgis.com/9zKHLCgIwu2HFA5O/arcgis/rest/services/Parcels/FeatureServer/0
2526283275000H500D,56 ST ANDREWS CT,KISSIMMEE,34759,28.143837727435493,-81.4593992445101,1980,built_year,46,0,,LASCAVELLA DELANEY JANE,FL,2023-10-17,https://www.property-appraiser.org/data/ | https://services6.arcgis.com/9zKHLCgIwu2HFA5O/arcgis/rest/services/Parcels/FeatureServer/0
342531498700010783,6162 PARKWAY EAST,SAINT CLOUD,34771,28.27327855290523,-81.19374779387802,1980,built_year,46,0,,KINARD KATHY LYNN,FL,2025-01-16,https://www.property-appraiser.org/data/ | https://services6.arcgis.com/9zKHLCgIwu2HFA5O/arcgis/rest/services/Parcels/FeatureServer/0
362733000028000000,11460 LIL BURT RD,SAINT CLOUD,34773,28.09344871166785,-80.97181174920377,1980,built_year,46,0,,CARTER WILLIAM M,FL,2017-02-27,https://www.property-appraiser.org/data/ | https://services6.arcgis.com/9zKHLCgIwu2HFA5O/arcgis/rest/services/Parcels/FeatureServer/0
012629361500010550,1809 KING EDWARD DR,KISSIMMEE,34744,28.253026859761285,-81.3710042814087,1981,built_year,45,0,,GEORGE K & DONNA R MAHONY FAMILY TRUST,FL,2019-11-18,https://www.property-appraiser.org/data/ | https://services6.arcgis.com/9zKHLCgIwu2HFA5O/arcgis/rest/services/Parcels/FeatureServer/0
022629479800010200,1540 GRANDVIEW BLVD,KISSIMMEE,34744,28.25087395199426,-81.38096022400451,1981,built_year,45,0,,ROSE TRUST,FL,2025-09-12,https://www.property-appraiser.org/data/ | https://services6.arcgis.com/9zKHLCgIwu2HFA5O/arcgis/rest/services/Parcels/FeatureServer/0
0725302675000R0630,25 LAKE VILLA WAY,KISSIMMEE,34743,28.32500085855743,-81.34428658839172,1981,built_year,45,0,,MORALES LUZ S,FL,2021-10-15,https://www.property-appraiser.org/data/ | https://services6.arcgis.com/9zKHLCgIwu2HFA5O/arcgis/rest/services/Parcels/FeatureServer/0
072530267700440960,368 LA PAZ DR,KISSIMMEE,34743,28.319001632162973,-81.36403295019957,1981,built_year,45,0,,VAZQUEZ ORTIZ HERMINIO,FL,2016-09-23,https://www.property-appraiser.org/data/ | https://services6.arcgis.com/9zKHLCgIwu2HFA5O/arcgis/rest/services/Parcels/FeatureServer/0 | https://www.property-appraiser.org/data/
072530267700470030,112 HERMOSILLO DR,KISSIMMEE,34743,28.319841269846485,-81.35066261105203,1981,built_year,45,0,,GRATEROL MEUDY C,FL,2025-08-05,https://www.property-appraiser.org/data/ | https://services6.arcgis.com/9zKHLCgIwu2HFA5O/arcgis/rest/services/Parcels/FeatureServer/0 | https://www.property-appraiser.org/data/
072530267700480230,221 LA PAZ DR,KISSIMMEE,34743,28.319457926237636,-81.35242094941918,1981,built_year,45,0,,RIVERA SAMUEL DAVID,FL,2023-12-24,https://www.property-appraiser.org/data/ | https://services6.arcgis.com/9zKHLCgIwu2HFA5O/arcgis/rest/services/Parcels/FeatureServer/0
072530267700610200,108 OAXACA LN,KISSIMMEE,34743,28.322718580033015,-81.35759714505794,1981,built_year,45,0,,DELEON OSCAR,FL,2024-09-20,https://www.property-appraiser.org/data/ | https://services6.arcgis.com/9zKHLCgIwu2HFA5O/arcgis/rest/services/Parcels/FeatureServer/0 | https://www.property-appraiser.org/data/
072530267700960160,128 MEXICALI AVE,KISSIMMEE,34743,28.32465474508914,-81.36411611617721,1981,built_year,45,0,,BRATCHER ELOISE J,FL,2010-05-24,https://www.property-appraiser.org/data/ | https://services6.arcgis.com/9zKHLCgIwu2HFA5O/arcgis/rest/services/Parcels/FeatureServer/0 | https://www.property-appraiser.org/data/
072530267701080290,271 LA PAZ DR,KISSIMMEE,34743,28.31946784202639,-81.35863715137364,1981,built_year,45,0,,MONTONE THOMAS,FL,1988-05-01,https://www.property-appraiser.org/data/ | https://services6.arcgis.com/9zKHLCgIwu2HFA5O/arcgis/rest/services/Parcels/FeatureServer/0
072530268300010030,804 ROYAL PALM DR,KISSIMMEE,34743,28.327325061416282,-81.36490201343652,1981,built_year,45,0,,SOLORZANO SOLIS ROXANNA ANTONIETA,FL,2024-07-08,https://www.property-appraiser.org/data/ | https://services6.arcgis.com/9zKHLCgIwu2HFA5O/arcgis/rest/services/Parcels/FeatureServer/0 | https://www.property-appraiser.org/data/
072530268300010240,722 ROYAL PALM DR,KISSIMMEE,34743,28.32316139671932,-81.36714328413848,1981,built_year,45,0,,NICHOL CYNTHIA A RLE,FL,2024-07-29,https://www.property-appraiser.org/data/ | https://services6.arcgis.com/9zKHLCgIwu2HFA5O/arcgis/rest/services/Parcels/FeatureServer/0
072530268401190080,143 ALDERWOOD DR,KISSIMMEE,34743,28.326730911570202,-81.36609602883519,1981,built_year,45,0,,MEJIA MESA JOSE R,FL,2021-06-01,https://www.property-appraiser.org/data/ | https://services6.arcgis.com/9zKHLCgIwu2HFA5O/arcgis/rest/services/Parcels/FeatureServer/0 | https://www.property-appraiser.org/data/
1025293470000C0010,2709 SAMPLE ST,KISSIMMEE,34744,28.326659784601976,-81.4013932097658,1981,built_year,45,0,,ALEXANDER SHIRLEY V,FL,2002-11-25,https://www.property-appraiser.org/data/ | https://services6.arcgis.com/9zKHLCgIwu2HFA5O/arcgis/rest/services/Parcels/FeatureServer/0 | https://www.property-appraiser.org/data/
112530344000010080,2745 HOLIDAY WOODS DR,KISSIMMEE,34744,28.33022195130521,-81.28613145235363,1981,built_year,45,0,,PETER & CLAUDIA TANNER REVOCABLE TRUST,FL,2024-05-31,https://www.property-appraiser.org/data/ | https://services6.arcgis.com/9zKHLCgIwu2HFA5O/arcgis/rest/services/Parcels/FeatureServer/0 | https://www.property-appraiser.org/data/
132732271000012480,5101 HOLOPAW RD,SAINT CLOUD,34773,28.13372917993873,-81.07539243332867,1981,built_year,45,0,,DENISE ANTIONETTE BILLEAUD LIVING TRUST,FL,2023-03-23,https://www.property-appraiser.org/data/ | https://services6.arcgis.com/9zKHLCgIwu2HFA5O/arcgis/rest/services/Parcels/FeatureServer/0
192630495000010980,3970 KISSIMMEE PARK RD,SAINT CLOUD,34772,28.20421696386763,-81.34443743033091,1981,built_year,45,0,,KING CAROL,FL,2020-01-14,https://www.property-appraiser.org/data/ | https://services6.arcgis.com/9zKHLCgIwu2HFA5O/arcgis/rest/services/Parcels/FeatureServer/0 | https://www.property-appraiser.org/data/
3126315140000A0060,4641 A ST,SAINT CLOUD,34772,28.179583567443174,-81.25377189204897,1981,built_year,45,0,,KOSTIUK PAUL W,FL,2013-07-08,https://www.property-appraiser.org/data/ | https://services6.arcgis.com/9zKHLCgIwu2HFA5O/arcgis/rest/services/Parcels/FeatureServer/0 | https://www.property-appraiser.org/data/
322531491500010100,5280 HAYWOOD RUFFIN RD,SAINT CLOUD,34771,28.26188897972059,-81.22887358383902,1981,built_year,45,0,,ELSEBOUGH BYRON D JR,FL,1992-06-13,https://www.property-appraiser.org/data/ | https://services6.arcgis.com/9zKHLCgIwu2HFA5O/arcgis/rest/services/Parcels/FeatureServer/0 | https://www.property-appraiser.org/data/
342528000002000000,5513 OKALOOSA AVE,INTERCESSION CITY,33848,28.265211696271862,-81.50427805103806,1981,built_year,45,0,,ARTHUR G NAMEE & HELEN J NAMEE TRUST,FL,1995-04-05,https://www.property-appraiser.org/data/ | https://services6.arcgis.com/9zKHLCgIwu2HFA5O/arcgis/rest/services/Parcels/FeatureServer/0
012630000104000105,307 JERSEY AVE,SAINT CLOUD,34769,28.2561990572167,-81.29105340766695,1982,built_year,44,0,,RAMA ROBERT CHARLES,FL,2023-07-14,https://www.property-appraiser.org/data/ | https://services6.arcgis.com/9zKHLCgIwu2HFA5O/arcgis/rest/services/Parcels/FeatureServer/0 | https://www.property-appraiser.org/data/
062629276000140090,4325 LAKE AVE,KISSIMMEE,34746,28.257046229876202,-81.45420869625623,1982,built_year,44,0,,CARRASQUILLO YERELYS,FL,2018-11-01,https://www.property-appraiser.org/data/ | https://services6.arcgis.com/9zKHLCgIwu2HFA5O/arcgis/rest/services/Parcels/FeatureServer/0
0725302675000Q0940,94 LAKE VILLA WAY,KISSIMMEE,34743,28.324919232132924,-81.34257687542465,1982,built_year,44,0,,PEREZ REGGIE DAVID SR,FL,2025-07-16,https://www.property-appraiser.org/data/ | https://services6.arcgis.com/9zKHLCgIwu2HFA5O/arcgis/rest/services/Parcels/FeatureServer/0 | https://www.property-appraiser.org/data/
072530267701020220,124 MILTA LN,KISSIMMEE,34743,28.32255455052383,-81.36016753612955,1982,built_year,44,0,,ESPINAL GUTIERREZ VICTOR M,FL,2019-05-14,https://www.property-appraiser.org/data/ | https://services6.arcgis.com/9zKHLCgIwu2HFA5O/arcgis/rest/services/Parcels/FeatureServer/0 | https://www.property-appraiser.org/data/
072530268601290020,452 BOXWOOD CT,KISSIMMEE,34743,28.330523212992535,-81.36591339662905,1982,built_year,44,0,,RUSSELL FAMILY TRUST,FL,2010-04-28,https://www.property-appraiser.org/data/ | https://services6.arcgis.com/9zKHLCgIwu2HFA5O/arcgis/rest/services/Parcels/FeatureServer/0 | https://www.property-appraiser.org/data/
072530268801340240,567 BITTERWOOD CT,KISSIMMEE,34743,28.332185328898955,-81.36089351067484,1982,built_year,44,0,,WISSART JOSEFA,FL,2021-02-04,https://www.property-appraiser.org/data/ | https://services6.arcgis.com/9zKHLCgIwu2HFA5O/arcgis/rest/services/Parcels/FeatureServer/0 | https://www.property-appraiser.org/data/
072530407400010130,13 WEST MARBRISA WAY,KISSIMMEE,34743,28.320408510278412,-81.34379866785085,1982,built_year,44,0,,ROSARIO EVARISTO,FL,2025-03-25,https://www.property-appraiser.org/data/ | https://services6.arcgis.com/9zKHLCgIwu2HFA5O/arcgis/rest/services/Parcels/FeatureServer/0
072530407400010610,61 SOUTH MARBRISA WAY,KISSIMMEE,34743,28.31980303760406,-81.34362775501786,1982,built_year,44,0,,OLIVO-VILLANUEVA MARIA M,FL,2015-08-26,https://www.property-appraiser.org/data/ | https://services6.arcgis.com/9zKHLCgIwu2HFA5O/arcgis/rest/services/Parcels/FeatureServer/0 | https://www.property-appraiser.org/data/
1226282635000D0110,2709 DOWNING DR,KISSIMMEE,34758,28.2424013831931,-81.47360337138988,1982,built_year,44,0,,GILES DOUGLAS KEITH EST,FL,2023-04-25,https://www.property-appraiser.org/data/ | https://services6.arcgis.com/9zKHLCgIwu2HFA5O/arcgis/rest/services/Parcels/FeatureServer/0
142529181400010640,1713 LES CT,KISSIMMEE,34744,28.318657869801864,-81.37636934535072,1982,built_year,44,0,,PROGRESS RESIDENTIAL BORROWER 7 LLC,AZ,2019-04-25,https://www.property-appraiser.org/data/ | https://services6.arcgis.com/9zKHLCgIwu2HFA5O/arcgis/rest/services/Parcels/FeatureServer/0
142529214600010610,1535 LAY CT,KISSIMMEE,34744,28.31838877775427,-81.38200064166692,1982,built_year,44,0,,VIERA ERNESTO,FL,1982-04-01,https://www.property-appraiser.org/data/ | https://services6.arcgis.com/9zKHLCgIwu2HFA5O/arcgis/rest/services/Parcels/FeatureServer/0 | https://www.property-appraiser.org/data/
1725291182000A0080,2031 CARIBBEAN DR N,KISSIMMEE,34741,28.311978117081452,-81.42515308570063,1982,built_year,44,0,,ZULAY-DI PIETRO JANETT,FL,2009-04-15,https://www.property-appraiser.org/data/ | https://services6.arcgis.com/9zKHLCgIwu2HFA5O/arcgis/rest/services/Parcels/FeatureServer/0
172531426002050060,1901 UNDERWOOD AVE,SAINT CLOUD,34771,28.30943161018033,-81.23790641489208,1982,built_year,44,0,,PECK EARL B JR,FL,2025-03-18,https://www.property-appraiser.org/data/ | https://services6.arcgis.com/9zKHLCgIwu2HFA5O/arcgis/rest/services/Parcels/FeatureServer/0 | https://www.property-appraiser.org/data/
332530000044400000,2994 BIG SKY BLVD,KISSIMMEE,34744,28.262390125259664,-81.31963527114021,1982,built_year,44,0,,LOPEZ JACQUELINE DENISE,FL,2016-07-27,https://www.property-appraiser.org/data/ | https://services6.arcgis.com/9zKHLCgIwu2HFA5O/arcgis/rest/services/Parcels/FeatureServer/0 | https://www.property-appraiser.org/data/
012530753000010090,4355 BOGGY CREEK RD,KISSIMMEE,34744,28.342416236757884,-81.2696036957794,1983,built_year,43,0,,JAWORSKI WALTER E,FL,2013-01-22,https://www.property-appraiser.org/data/ | https://services6.arcgis.com/9zKHLCgIwu2HFA5O/arcgis/rest/services/Parcels/FeatureServer/0 | https://www.property-appraiser.org/data/
012630000103630180,407 WYOMING AVE,SAINT CLOUD,34769,28.254544940241495,-81.27082186201558,1983,built_year,43,0,,WENDLING ALBERT JR EST,FL,2024-03-31,https://www.property-appraiser.org/data/ | https://services6.arcgis.com/9zKHLCgIwu2HFA5O/arcgis/rest/services/Parcels/FeatureServer/0
022629479100010200,1550 REGAL OAK DR,KISSIMMEE,34744,28.25217227472103,-81.38100921390745,1983,built_year,43,0,,CASAGNI SAMANTHA L,FL,2017-05-17,https://www.property-appraiser.org/data/ | https://services6.arcgis.com/9zKHLCgIwu2HFA5O/arcgis/rest/services/Parcels/FeatureServer/0 | https://www.property-appraiser.org/data/
062629000002900000,1684 EVERGREEN ST,KISSIMMEE,34746,28.256579132218068,-81.45622680012677,1983,built_year,43,0,,BILLER JEFFREY L,FL,2002-05-01,https://www.property-appraiser.org/data/ | https://services6.arcgis.com/9zKHLCgIwu2HFA5O/arcgis/rest/services/Parcels/FeatureServer/0 | https://www.property-appraiser.org/data/
072530267701060060,580 ROYAL PALM DR,KISSIMMEE,34743,28.32065059102154,-81.35982674970009,1983,built_year,43,0,,RIVERA RAMOS PEDRO,FL,2009-10-15,https://www.property-appraiser.org/data/ | https://services6.arcgis.com/9zKHLCgIwu2HFA5O/arcgis/rest/services/Parcels/FeatureServer/0 | https://www.property-appraiser.org/data/
072530268901360070,862 FLORIDA PKWY,KISSIMMEE,34743,28.329332003988707,-81.36778032125245,1983,built_year,43,0,,CRUZ LAURA,FL,2017-09-21,https://www.property-appraiser.org/data/ | https://services6.arcgis.com/9zKHLCgIwu2HFA5O/arcgis/rest/services/Parcels/FeatureServer/0 | https://www.property-appraiser.org/data/
072530269401600110,965 FLORIDA PKWY,KISSIMMEE,34743,28.335817768854827,-81.37433615329199,1983,built_year,43,0,,ROSADO JOSEFA,FL,1998-08-05,https://www.property-appraiser.org/data/ | https://services6.arcgis.com/9zKHLCgIwu2HFA5O/arcgis/rest/services/Parcels/FeatureServer/0
1226282635000K0120,2642 MCDANIEL DR,KISSIMMEE,34758,28.239677902991826,-81.47008855353245,1983,built_year,43,0,,MANGES AARON A,FL,2010-07-30,https://www.property-appraiser.org/data/ | https://services6.arcgis.com/9zKHLCgIwu2HFA5O/arcgis/rest/services/Parcels/FeatureServer/0 | https://www.property-appraiser.org/data/
142630085400010290,1901 WEST CLINTON DR,SAINT CLOUD,34769,28.229867308153867,-81.28975653285701,1983,built_year,43,0,,ARNOLD ERNEST E JR,FL,1983-09-01,https://www.property-appraiser.org/data/ | https://services6.arcgis.com/9zKHLCgIwu2HFA5O/arcgis/rest/services/Parcels/FeatureServer/0 | https://www.property-appraiser.org/data/
17252912010001001E,3132 WINDOVER AVE,KISSIMMEE,34741,28.308303862805822,-81.43479240153206,1983,built_year,43,0,,IGNACIO MOLINA LIVING TRUST,FL,2022-06-21,https://www.property-appraiser.org/data/ | https://services6.arcgis.com/9zKHLCgIwu2HFA5O/arcgis/rest/services/Parcels/FeatureServer/0 | https://www.property-appraiser.org/data/
212530516600010050,142 EAST LAKE SHORE BLVD,KISSIMMEE,34744,28.29525617129976,-81.32447245524997,1983,built_year,43,1,18,LE HARRY HIEU,FL,2024-04-29,https://www.property-appraiser.org/data/ | https://services6.arcgis.com/9zKHLCgIwu2HFA5O/arcgis/rest/services/Parcels/FeatureServer/0 | https://permits.osceola.org/CitizenAccess/Cap/CapDetail.aspx?Module=Building&TabName=Building&capID1=REC26&capID2=00000&capID3=00UL9&agencyCode=OSCEOLA&IsToShowInspection= | https://www.property-appraiser.org/data/
212631495000010414,2955 GODWIN RD,SAINT CLOUD,34772,28.211611134662267,-81.22670125605084,1983,built_year,43,0,,PARADIS MARCEL V,FL,1990-10-25,https://www.property-appraiser.org/data/ | https://services6.arcgis.com/9zKHLCgIwu2HFA5O/arcgis/rest/services/Parcels/FeatureServer/0 | https://www.property-appraiser.org/data/
2225291050000N0025,603 BRACK ST,KISSIMMEE,34741,28.29713508223545,-81.40184468420735,1983,built_year,43,0,,BARRY SARAH B,FL,2020-07-27,https://www.property-appraiser.org/data/ | https://services6.arcgis.com/9zKHLCgIwu2HFA5O/arcgis/rest/services/Parcels/FeatureServer/0 | https://www.property-appraiser.org/data/
252628612015890110,838 MENDOZA DR,KISSIMMEE,34758,28.154104273852816,-81.45181273518351,1983,built_year,43,0,,MUNIZ CARLOS A,FL,2023-03-14,https://www.property-appraiser.org/data/ | https://services6.arcgis.com/9zKHLCgIwu2HFA5O/arcgis/rest/services/Parcels/FeatureServer/0 | https://www.property-appraiser.org/data/
2625314410000H0100,6495 APPLE ST,SAINT CLOUD,34771,28.27691619187585,-81.1781011185751,1983,built_year,43,0,,GREER DEAN EDWARD,FL,2003-09-29,https://www.property-appraiser.org/data/ | https://services6.arcgis.com/9zKHLCgIwu2HFA5O/arcgis/rest/services/Parcels/FeatureServer/0 | https://www.property-appraiser.org/data/
282529235000080020,709 S DILLINGHAM AVE,KISSIMMEE,34741,28.284933260653425,-81.41393838423215,1983,built_year,43,0,,GIRON GRACE,FL,2023-05-31,https://www.property-appraiser.org/data/ | https://services6.arcgis.com/9zKHLCgIwu2HFA5O/arcgis/rest/services/Parcels/FeatureServer/0 | https://www.property-appraiser.org/data/
292531514400010520,900 MOONLIGHT CT,SAINT CLOUD,34771,28.284090801605693,-81.24055576648485,1983,built_year,43,0,,MLC900 HOLDINGS LLC,NY,2012-03-16,https://www.property-appraiser.org/data/ | https://services6.arcgis.com/9zKHLCgIwu2HFA5O/arcgis/rest/services/Parcels/FeatureServer/0
352630495000011020,3935 DOE DR,SAINT CLOUD,34772,28.17691247113035,-81.28751415571652,1983,built_year,43,0,,THOMAS SUNSET ROSE,FL,2025-04-21,https://www.property-appraiser.org/data/ | https://services6.arcgis.com/9zKHLCgIwu2HFA5O/arcgis/rest/services/Parcels/FeatureServer/0 | https://www.property-appraiser.org/data/
012630000101750230,1101 OREGON AVE,SAINT CLOUD,34769,28.24777257821498,-81.26972163868199,1984,built_year,42,0,,ROBLES JOSE,FL,2025-07-29,https://www.property-appraiser.org/data/ | https://services6.arcgis.com/9zKHLCgIwu2HFA5O/arcgis/rest/services/Parcels/FeatureServer/0 | https://www.property-appraiser.org/data/
042530370600010010,3071 SIMPSON RD,KISSIMMEE,34744,28.344900003397097,-81.32336244665,1984,built_year,42,0,,ALVAREZ PORTAL ANNALIE,FL,2022-08-10,https://www.property-appraiser.org/data/ | https://services6.arcgis.com/9zKHLCgIwu2HFA5O/arcgis/rest/services/Parcels/FeatureServer/0 | https://www.property-appraiser.org/data/
062531426000010236,3185 TINDALL ACRES RD,KISSIMMEE,34744,28.342240699375946,-81.25740544450177,1984,built_year,42,0,,DEMELO MANUEL,FL,1982-09-01,https://www.property-appraiser.org/data/ | https://services6.arcgis.com/9zKHLCgIwu2HFA5O/arcgis/rest/services/Parcels/FeatureServer/0 | https://www.property-appraiser.org/data/
072530268601300090,320 BUTTONWOOD DR,KISSIMMEE,34743,28.33180108081065,-81.36633735376525,1984,built_year,42,0,,ORTIZ BRYAN JACOBO,FL,2022-09-12,https://www.property-appraiser.org/data/ | https://services6.arcgis.com/9zKHLCgIwu2HFA5O/arcgis/rest/services/Parcels/FeatureServer/0 | https://www.property-appraiser.org/data/
072530269201550100,807 W BIRCHWOOD CIR,KISSIMMEE,34743,28.329666300600483,-81.37492328516956,1984,built_year,42,0,,NOEL JEAN JACQUES RLE,FL,2022-07-07,https://www.property-appraiser.org/data/ | https://services6.arcgis.com/9zKHLCgIwu2HFA5O/arcgis/rest/services/Parcels/FeatureServer/0 | https://www.property-appraiser.org/data/
072530269201550170,805 TAMARACK CT,KISSIMMEE,34743,28.33033544529117,-81.37500144870992,1984,built_year,42,0,,CARMONA GISELLE,FL,2014-08-08,https://www.property-appraiser.org/data/ | https://services6.arcgis.com/9zKHLCgIwu2HFA5O/arcgis/rest/services/Parcels/FeatureServer/0 | https://www.property-appraiser.org/data/
072530269701460070,524 ELMWOOD CT,KISSIMMEE,34743,28.334232414632663,-81.36050297135513,1984,built_year,42,0,,SFR JV-2 BORROWER LLC,AZ,2023-07-11,https://www.property-appraiser.org/data/ | https://services6.arcgis.com/9zKHLCgIwu2HFA5O/arcgis/rest/services/Parcels/FeatureServer/0 | https://www.property-appraiser.org/data/
072530269801620120,871 ASPENWOOD CIR,KISSIMMEE,34743,28.337311908075172,-81.3759916890373,1984,built_year,42,0,,ORSINO THOMAS J,FL,2014-04-25,https://www.property-appraiser.org/data/ | https://services6.arcgis.com/9zKHLCgIwu2HFA5O/arcgis/rest/services/Parcels/FeatureServer/0 | https://www.property-appraiser.org/data/
072530269801620130,869 ASPENWOOD CIR,KISSIMMEE,34743,28.33723641311316,-81.3762092800975,1984,built_year,42,0,,MCCLAIN EILEEN EST,FL,2025-05-05,https://www.property-appraiser.org/data/ | https://services6.arcgis.com/9zKHLCgIwu2HFA5O/arcgis/rest/services/Parcels/FeatureServer/0 | https://www.property-appraiser.org/data/
072530269901160310,329 GAIT CT,KISSIMMEE,34743,28.329445226708838,-81.35411404978667,1984,built_year,42,0,,DESAMOURS ROSE DENISE,FL,2025-05-22,https://www.property-appraiser.org/data/ | https://services6.arcgis.com/9zKHLCgIwu2HFA5O/arcgis/rest/services/Parcels/FeatureServer/0
072530269901160390,332 GAIT CT,KISSIMMEE,34743,28.3284801797379,-81.35426250982891,1984,built_year,42,0,,MONCADA GUERRERO WILMER ALEXANDER,FL,2018-08-25,https://www.property-appraiser.org/data/ | https://services6.arcgis.com/9zKHLCgIwu2HFA5O/arcgis/rest/services/Parcels/FeatureServer/0 | https://www.property-appraiser.org/data/
072530270101690070,833 ASPENWOOD CIR,KISSIMMEE,34743,28.33992857646771,-81.37837122228852,1984,built_year,42,0,,JOHN ROSALIA,FL,2008-03-24,https://www.property-appraiser.org/data/ | https://services6.arcgis.com/9zKHLCgIwu2HFA5O/arcgis/rest/services/Parcels/FeatureServer/0 | https://www.property-appraiser.org/data/
072530392200010470,47 W LAS PALMAS WAY,KISSIMMEE,34743,28.31924697187091,-81.3459313077249,1984,built_year,42,0,,ROBERT J GEORGE RLT,MI,1997-02-25,https://www.property-appraiser.org/data/ | https://services6.arcgis.com/9zKHLCgIwu2HFA5O/arcgis/rest/services/Parcels/FeatureServer/0 | https://www.property-appraiser.org/data/
0926300610000A0120,3608 BAY CT,SAINT CLOUD,34769,28.24590351319545,-81.31059669999381,1984,built_year,42,0,,MUNIZ JENNIFER ANN,FL,2016-02-16,https://www.property-appraiser.org/data/ | https://services6.arcgis.com/9zKHLCgIwu2HFA5O/arcgis/rest/services/Parcels/FeatureServer/0
102631000001420000,5700 LAKE LIZZIE DR,SAINT CLOUD,34771,28.246076340006596,-81.2103604551718,1984,built_year,42,0,,DIANE P WEITZEL REV TRUST,FL,1994-08-10,https://www.property-appraiser.org/data/ | https://services6.arcgis.com/9zKHLCgIwu2HFA5O/arcgis/rest/services/Parcels/FeatureServer/0
112529415500010340,2765 ORCHID LN,KISSIMMEE,34744,28.329033691585174,-81.38767838195258,1984,built_year,42,0,,DIGIACOMO JAMES J,FL,1991-11-21,https://www.property-appraiser.org/data/ | https://services6.arcgis.com/9zKHLCgIwu2HFA5O/arcgis/rest/services/Parcels/FeatureServer/0 | https://www.property-appraiser.org/data/
1226282635000B0010,2602 EINWOOD DR,KISSIMMEE,34758,28.239849992978353,-81.47287618078009,1984,built_year,42,0,,OCHOA DANIELA,FL,2022-06-09,https://www.property-appraiser.org/data/ | https://services6.arcgis.com/9zKHLCgIwu2HFA5O/arcgis/rest/services/Parcels/FeatureServer/0
1725291182000D0080,2231 MARGARITA CT,KISSIMMEE,34741,28.311044091126078,-81.42701595086956,1984,built_year,42,0,,DIPIETRO JANETT Z,FL,2009-10-23,https://www.property-appraiser.org/data/ | https://services6.arcgis.com/9zKHLCgIwu2HFA5O/arcgis/rest/services/Parcels/FeatureServer/0
1725291182000D0390,2321 MARGARITA CT,KISSIMMEE,34741,28.310547439085656,-81.4266753240652,1984,built_year,42,0,,BRAVO ADALBERTO JR,FL,2008-07-25,https://www.property-appraiser.org/data/ | https://services6.arcgis.com/9zKHLCgIwu2HFA5O/arcgis/rest/services/Parcels/FeatureServer/0
17252912030001020B,1736 AVON BLVD,KISSIMMEE,34741,28.308729691129287,-81.43627087690902,1984,built_year,42,0,,REYES RENE,FL,2024-07-26,https://www.property-appraiser.org/data/ | https://services6.arcgis.com/9zKHLCgIwu2HFA5O/arcgis/rest/services/Parcels/FeatureServer/0 | https://www.property-appraiser.org/data/
17252912030001021A,3248 WINDOVER AVE,KISSIMMEE,34741,28.308289550934294,-81.43631517393212,1984,built_year,42,0,,BARDINELLA JOSE,FL,2008-08-20,https://www.property-appraiser.org/data/ | https://services6.arcgis.com/9zKHLCgIwu2HFA5O/arcgis/rest/services/Parcels/FeatureServer/0 | https://www.property-appraiser.org/data/
172529213600010670,2411 WINDING RIDGE AVE S,KISSIMMEE,34741,28.312947659054064,-81.42928494366728,1984,built_year,42,0,,WONG LEO N,FL,1992-08-14,https://www.property-appraiser.org/data/ | https://services6.arcgis.com/9zKHLCgIwu2HFA5O/arcgis/rest/services/Parcels/FeatureServer/0 | https://www.property-appraiser.org/data/
173033000000400000,170 5TH AVE,KENANSVILLE,34739,27.8783011294627,-81.04310937292611,1984,built_year,42,0,,SMALT EUGENE E RLE,NY,2001-11-13,https://www.property-appraiser.org/data/ | https://services6.arcgis.com/9zKHLCgIwu2HFA5O/arcgis/rest/services/Parcels/FeatureServer/0
192629251300020190,4148 BIG VALLEY BLVD,KISSIMMEE,34746,28.218426483983922,-81.44554342782045,1984,built_year,42,0,,FRANKLIN DARRELL D,FL,2003-08-12,https://www.property-appraiser.org/data/ | https://services6.arcgis.com/9zKHLCgIwu2HFA5O/arcgis/rest/services/Parcels/FeatureServer/0 | https://www.property-appraiser.org/data/
262529291000010370,859 SHORE DR,KISSIMMEE,34744,28.284286980586472,-81.37948049658738,1984,built_year,42,0,,PETRELLIS FRANK,FL,1984-06-01,https://www.property-appraiser.org/data/ | https://services6.arcgis.com/9zKHLCgIwu2HFA5O/arcgis/rest/services/Parcels/FeatureServer/0 | https://www.property-appraiser.org/data/
312531800000010630,4870 CITRUS OAK LN,SAINT CLOUD,34771,28.2728155804927,-81.24524927954442,1984,built_year,42,0,,GATZ GEORGE R EST,FL,2025-05-19,https://www.property-appraiser.org/data/ | https://services6.arcgis.com/9zKHLCgIwu2HFA5O/arcgis/rest/services/Parcels/FeatureServer/0 | https://www.property-appraiser.org/data/
022629479400010260,1540 SHADY OAK DR,KISSIMMEE,34744,28.253150658071362,-81.38124380758329,1985,built_year,41,0,,RIMONDI FRANCES B,FL,2001-03-08,https://www.property-appraiser.org/data/ | https://services6.arcgis.com/9zKHLCgIwu2HFA5O/arcgis/rest/services/Parcels/FeatureServer/0
062629000000550000,4202 OBERRY RD,KISSIMMEE,34746,28.256606584698098,-81.44927095890286,1985,built_year,41,0,,FLORES-COTTO BRENDA,FL,2024-09-06,https://www.property-appraiser.org/data/ | https://services6.arcgis.com/9zKHLCgIwu2HFA5O/arcgis/rest/services/Parcels/FeatureServer/0 | https://www.property-appraiser.org/data/
072530267901810060,105 HARNESS LN,KISSIMMEE,34743,28.333524762592074,-81.35745334729747,1985,built_year,41,0,,FURTADO SOARES AGUINALDO,MA,2024-02-16,https://www.property-appraiser.org/data/ | https://services6.arcgis.com/9zKHLCgIwu2HFA5O/arcgis/rest/services/Parcels/FeatureServer/0 | https://www.property-appraiser.org/data/
072530267901810230,46 WAGON CIR,KISSIMMEE,34743,28.33466540514313,-81.35661803711514,1985,built_year,41,0,,HALL ANTHONY D,FL,2014-06-04,https://www.property-appraiser.org/data/ | https://services6.arcgis.com/9zKHLCgIwu2HFA5O/arcgis/rest/services/Parcels/FeatureServer/0 | https://www.property-appraiser.org/data/
072530268501250080,117 ZACALO WAY,KISSIMMEE,34743,28.324812944677113,-81.36834580625485,1985,built_year,41,0,,CHABROL VERNON I,FL,2023-03-20,https://www.property-appraiser.org/data/ | https://services6.arcgis.com/9zKHLCgIwu2HFA5O/arcgis/rest/services/Parcels/FeatureServer/0 | https://www.property-appraiser.org/data/
072530270101690130,821 ASPENWOOD CIR,KISSIMMEE,34743,28.34037526409238,-81.37699295189506,1985,built_year,41,0,,BROWN CYNTHIA O,FL,2011-10-08,https://www.property-appraiser.org/data/ | https://services6.arcgis.com/9zKHLCgIwu2HFA5O/arcgis/rest/services/Parcels/FeatureServer/0 | https://www.property-appraiser.org/data/
0925293430000F0140,951 W DONEGAN AVE,KISSIMMEE,34741,28.319199946437635,-81.41356919406513,1985,built_year,41,0,,EXPERT CONSTRUCTION SERVICES CORP,FL,2021-06-30,https://www.property-appraiser.org/data/ | https://services6.arcgis.com/9zKHLCgIwu2HFA5O/arcgis/rest/services/Parcels/FeatureServer/0 | https://www.property-appraiser.org/data/
0925295290000B0200,2647 N CENTRAL AVE,KISSIMMEE,34741,28.32538547616168,-81.40753274000441,1985,built_year,41,0,,BIDJA HENRAJ REVOCABLE TRUST,FL,2023-04-18,https://www.property-appraiser.org/data/ | https://services6.arcgis.com/9zKHLCgIwu2HFA5O/arcgis/rest/services/Parcels/FeatureServer/0 | https://www.property-appraiser.org/data/
0925295310000J0291,2705 TROPICAL LAKE DR,KISSIMMEE,34741,28.327209900778083,-81.40823457463038,1985,built_year,41,0,,CHAPMAN BRENDA JOANNE,FL,2021-02-03,https://www.property-appraiser.org/data/ | https://services6.arcgis.com/9zKHLCgIwu2HFA5O/arcgis/rest/services/Parcels/FeatureServer/0 | https://www.property-appraiser.org/data/
0925295310000K0230,2752 TROPICAL LAKE DR,KISSIMMEE,34741,28.329551856290465,-81.40970500648699,1985,built_year,41,0,,RAMOS IRMA,FL,2019-07-09,https://www.property-appraiser.org/data/ | https://services6.arcgis.com/9zKHLCgIwu2HFA5O/arcgis/rest/services/Parcels/FeatureServer/0
092629331100010620,2305 LEEWARD CV,KISSIMMEE,34746,28.234076173409015,-81.41619440627753,1985,built_year,41,0,,MOELLER RICHARD,FL,2025-07-02,https://www.property-appraiser.org/data/ | https://services6.arcgis.com/9zKHLCgIwu2HFA5O/arcgis/rest/services/Parcels/FeatureServer/0 | https://www.property-appraiser.org/data/
092630061200010130,3613 BAY CT,SAINT CLOUD,34769,28.245269570259005,-81.31067612956181,1985,built_year,41,0,,MCCRARY BRANDON D,FL,2022-07-13,https://www.property-appraiser.org/data/ | https://services6.arcgis.com/9zKHLCgIwu2HFA5O/arcgis/rest/services/Parcels/FeatureServer/0
112529171600010050,2618 DIXIE LN,KISSIMMEE,34744,28.323677965466544,-81.38681538019281,1985,built_year,41,0,,CUNDIFF HOWARD J,FL,1985-12-01,https://www.property-appraiser.org/data/ | https://services6.arcgis.com/9zKHLCgIwu2HFA5O/arcgis/rest/services/Parcels/FeatureServer/0 | https://www.property-appraiser.org/data/
112529182100011510,1546 COLONY AVE,KISSIMMEE,34744,28.321667536729727,-81.38053625313513,1985,built_year,41,0,,FERRER LUIS A,FL,2001-03-26,https://www.property-appraiser.org/data/ | https://services6.arcgis.com/9zKHLCgIwu2HFA5O/arcgis/rest/services/Parcels/FeatureServer/0 | https://www.property-appraiser.org/data/
112630061600010290,1855 BRAMBLEWOOD DR,SAINT CLOUD,34769,28.236426206157073,-81.2895515319889,1985,built_year,41,0,,CUREY ROGER D,FL,2019-09-20,https://www.property-appraiser.org/data/ | https://services6.arcgis.com/9zKHLCgIwu2HFA5O/arcgis/rest/services/Parcels/FeatureServer/0 | https://www.property-appraiser.org/data/
122630495000010455,1795 EASTERN AVE,SAINT CLOUD,34769,28.241229174674977,-81.2673427962159,1985,built_year,41,0,,YATES HENRY CLARK JR,FL,1985-03-01,https://www.property-appraiser.org/data/ | https://services6.arcgis.com/9zKHLCgIwu2HFA5O/arcgis/rest/services/Parcels/FeatureServer/0
142529100900010040,2417 SHENANDOAH LN,KISSIMMEE,34744,28.316303262361767,-81.38299163173042,1985,built_year,41,0,,HARDY WILLIE R JR,FL,1990-12-06,https://www.property-appraiser.org/data/ | https://services6.arcgis.com/9zKHLCgIwu2HFA5O/arcgis/rest/services/Parcels/FeatureServer/0 | https://www.property-appraiser.org/data/
172529213700010800,2008 HIDDEN DALE CT,KISSIMMEE,34741,28.31464530726538,-81.42470286521483,1985,built_year,41,0,,SWANSON ROBERT H JR,FL,2025-04-09,https://www.property-appraiser.org/data/ | https://services6.arcgis.com/9zKHLCgIwu2HFA5O/arcgis/rest/services/Parcels/FeatureServer/0 | https://www.property-appraiser.org/data/
182529143300011007,1819 FOXHALL CIR,KISSIMMEE,34741,28.308881667277422,-81.4467706462686,1985,built_year,41,0,,OYER GAIL,FL,2021-06-07,https://www.property-appraiser.org/data/ | https://services6.arcgis.com/9zKHLCgIwu2HFA5O/arcgis/rest/services/Parcels/FeatureServer/0 | https://www.property-appraiser.org/data/
252628611413910060,649 MCKINLEY CT,KISSIMMEE,34758,28.160893373861523,-81.46122871036397,1985,built_year,41,0,,WAGNER CARL JOHN,FL,2019-11-18,https://www.property-appraiser.org/data/ | https://services6.arcgis.com/9zKHLCgIwu2HFA5O/arcgis/rest/services/Parcels/FeatureServer/0 | https://www.property-appraiser.org/data/
252628611414030010,669 MESILLA DR,KISSIMMEE,34758,28.163497182177668,-81.46229287860064,1985,built_year,41,0,,GOULART MARIA F,FL,2007-07-25,https://www.property-appraiser.org/data/ | https://services6.arcgis.com/9zKHLCgIwu2HFA5O/arcgis/rest/services/Parcels/FeatureServer/0 | https://www.property-appraiser.org/data/
252628611614350090,303 CORTEZ CT,KISSIMMEE,34758,28.17401362541054,-81.47396700892982,1985,built_year,41,0,,JOSEPH TANIA,FL,2018-11-26,https://www.property-appraiser.org/data/ | https://services6.arcgis.com/9zKHLCgIwu2HFA5O/arcgis/rest/services/Parcels/FeatureServer/0 | https://www.property-appraiser.org/data/
252628611814700130,908 SAN PAULO WAY,KISSIMMEE,34758,28.175345054450904,-81.48434360913289,1985,built_year,41,0,,OTERO LYDIA,FL,2007-08-12,https://www.property-appraiser.org/data/ | https://services6.arcgis.com/9zKHLCgIwu2HFA5O/arcgis/rest/services/Parcels/FeatureServer/0 | https://www.property-appraiser.org/data/
312631513000AA0070,4849 MEADOW DR,SAINT CLOUD,34772,28.183918325177505,-81.24566287343887,1985,built_year,41,0,,COONRADT DWAYNE A,FL,2013-08-30,https://www.property-appraiser.org/data/ | https://services6.arcgis.com/9zKHLCgIwu2HFA5O/arcgis/rest/services/Parcels/FeatureServer/0 | https://www.property-appraiser.org/data/
362733000006500000,7113 CRABGRASS RD,SAINT CLOUD,34773,28.09958591108544,-80.96569882736908,1985,built_year,41,0,,HESSINGER GREGORY,FL,2023-12-05,https://www.property-appraiser.org/data/ | https://services6.arcgis.com/9zKHLCgIwu2HFA5O/arcgis/rest/services/Parcels/FeatureServer/0
022730495000010470,4145 LIPPMAN RD,SAINT CLOUD,34772,28.168314123796296,-81.27925121597306,1986,built_year,40,1,607,,,2005-09-16,https://www.property-appraiser.org/data/ | https://services6.arcgis.com/9zKHLCgIwu2HFA5O/arcgis/rest/services/Parcels/FeatureServer/0 | https://www.property-appraiser.org/data/
032528348200011020,3221 OWASSA CT,KISSIMMEE,34746,28.344429073534144,-81.49695213653915,1986,built_year,40,0,,MARTINEZ ALLEGUEZ RENE I,FL,2020-07-17,https://www.property-appraiser.org/data/ | https://services6.arcgis.com/9zKHLCgIwu2HFA5O/arcgis/rest/services/Parcels/FeatureServer/0 | https://www.property-appraiser.org/data/
032528348300012200,3233 OWASSA CT,KISSIMMEE,34746,28.34490281265643,-81.4969511900031,1986,built_year,40,0,,GARZON JOHN ALEXANDER,FL,2015-05-18,https://www.property-appraiser.org/data/ | https://services6.arcgis.com/9zKHLCgIwu2HFA5O/arcgis/rest/services/Parcels/FeatureServer/0 | https://www.property-appraiser.org/data/
032530420800010230,3198 SUNBEAM CT,KISSIMMEE,34744,28.343946687025042,-81.2956204880885,1986,built_year,40,0,,HALL RICHARD L,FL,1986-05-01,https://www.property-appraiser.org/data/ | https://services6.arcgis.com/9zKHLCgIwu2HFA5O/arcgis/rest/services/Parcels/FeatureServer/0 | https://www.property-appraiser.org/data/
052629319500010030,1756 TANGLEWOOD DR,KISSIMMEE,34746,28.254391479986214,-81.43578985394021,1986,built_year,40,0,,BENIGNA ROSA JOSE LUIS,FL,2025-07-16,https://www.property-appraiser.org/data/ | https://services6.arcgis.com/9zKHLCgIwu2HFA5O/arcgis/rest/services/Parcels/FeatureServer/0 | https://www.property-appraiser.org/data/
062628494900010050,1645 SANDY OAK DR,DAVENPORT,33896,28.258387264654598,-81.54968145161949,1986,built_year,40,0,,SAVAGE PATRICIA,GA,2025-08-04,https://www.property-appraiser.org/data/ | https://services6.arcgis.com/9zKHLCgIwu2HFA5O/arcgis/rest/services/Parcels/FeatureServer/0 | https://www.property-appraiser.org/data/
062629276000070090,1640 MARKS ST,KISSIMMEE,34746,28.258850393491358,-81.4538082765207,1986,built_year,40,0,,HEMLING JEANNE L,FL,2025-01-24,https://www.property-appraiser.org/data/ | https://services6.arcgis.com/9zKHLCgIwu2HFA5O/arcgis/rest/services/Parcels/FeatureServer/0
062631750000010041,1005 OLD HICKORY TREE RD,SAINT CLOUD,34771,28.248824006097507,-81.25555818758117,1986,built_year,40,0,,OSBORNE RUSSELL HOWARD JR,FL,2021-01-13,https://www.property-appraiser.org/data/ | https://services6.arcgis.com/9zKHLCgIwu2HFA5O/arcgis/rest/services/Parcels/FeatureServer/0 | https://www.property-appraiser.org/data/
072530267600050080,315 LARKSPUR CT,KISSIMMEE,34743,28.328448804658144,-81.34787977395769,1986,built_year,40,0,,ROMERO KALVIN,FL,2020-09-11,https://www.property-appraiser.org/data/ | https://services6.arcgis.com/9zKHLCgIwu2HFA5O/arcgis/rest/services/Parcels/FeatureServer/0
072530267700480070,519 FLORAL DR,KISSIMMEE,34743,28.319727616872246,-81.35217894942924,1986,built_year,40,0,,PRESCOTT GEORGE B,NY,2022-07-15,https://www.property-appraiser.org/data/ | https://services6.arcgis.com/9zKHLCgIwu2HFA5O/arcgis/rest/services/Parcels/FeatureServer/0 | https://www.property-appraiser.org/data/
072530268601290220,463 BOXWOOD CT,KISSIMMEE,34743,28.331244627458197,-81.36506950822789,1986,built_year,40,0,,STINSON JEANNETTE G,FL,2000-04-28,https://www.property-appraiser.org/data/ | https://services6.arcgis.com/9zKHLCgIwu2HFA5O/arcgis/rest/services/Parcels/FeatureServer/0 | https://www.property-appraiser.org/data/
072530269401580100,937 FLORIDA PKWY,KISSIMMEE,34743,28.332894406812127,-81.37492244259043,1986,built_year,40,0,,RODRIGUEZ YUSEP,FL,2006-07-27,https://www.property-appraiser.org/data/ | https://services6.arcgis.com/9zKHLCgIwu2HFA5O/arcgis/rest/services/Parcels/FeatureServer/0 | https://www.property-appraiser.org/data/
072530269701460030,259 EAST CEDARWOOD CIR,KISSIMMEE,34743,28.33509577190096,-81.36036709681032,1986,built_year,40,0,,COLON GERMAN R EST,FL,2024-07-17,https://www.property-appraiser.org/data/ | https://services6.arcgis.com/9zKHLCgIwu2HFA5O/arcgis/rest/services/Parcels/FeatureServer/0 | https://www.property-appraiser.org/data/
072530269701460090,520 ELMWOOD CT,KISSIMMEE,34743,28.33447635036576,-81.36095633420418,1986,built_year,40,0,,MILE HIGH BORROWER 1 (VALUE) LLC,AZ,2022-09-27,https://www.property-appraiser.org/data/ | https://services6.arcgis.com/9zKHLCgIwu2HFA5O/arcgis/rest/services/Parcels/FeatureServer/0 | https://www.property-appraiser.org/data/
072631337200010390,1325 JAN LAN BLVD,SAINT CLOUD,34772,28.236332662129655,-81.2545159154659,1986,built_year,40,0,,TURNER JESSE D,FL,2021-03-17,https://www.property-appraiser.org/data/ | https://services6.arcgis.com/9zKHLCgIwu2HFA5O/arcgis/rest/services/Parcels/FeatureServer/0 | https://www.property-appraiser.org/data/
092629331100010740,2311 INDIAN MOUND TRL,KISSIMMEE,34746,28.233758834950866,-81.41760078145899,1986,built_year,40,0,,WAGNER LORI A,FL,2018-09-18,https://www.property-appraiser.org/data/ | https://services6.arcgis.com/9zKHLCgIwu2HFA5O/arcgis/rest/services/Parcels/FeatureServer/0 | https://www.property-appraiser.org/data/
102529322000010210,2651 SAMPLE ST,KISSIMMEE,34744,28.324980608271886,-81.40141892985639,1986,built_year,40,0,,FIELDS WALTER,FL,1994-08-19,https://www.property-appraiser.org/data/ | https://services6.arcgis.com/9zKHLCgIwu2HFA5O/arcgis/rest/services/Parcels/FeatureServer/0 | https://www.property-appraiser.org/data/
112529171600012290,2609 DEBANY RD,KISSIMMEE,34744,28.323569204649573,-81.38466806752695,1986,built_year,40,0,,GUTIERREZ EFREN,FL,2001-01-31,https://www.property-appraiser.org/data/ | https://services6.arcgis.com/9zKHLCgIwu2HFA5O/arcgis/rest/services/Parcels/FeatureServer/0 | https://www.property-appraiser.org/data/
112529181100010220,2537 OAK RUN BLVD,KISSIMMEE,34744,28.32107849366023,-81.37682182450497,1986,built_year,40,0,,CABALLERO LUZ M,FL,2002-09-06,https://www.property-appraiser.org/data/ | https://services6.arcgis.com/9zKHLCgIwu2HFA5O/arcgis/rest/services/Parcels/FeatureServer/0 | https://www.property-appraiser.org/data/
122728285200012080,535 HUNTER CIR,KISSIMMEE,34758,28.15742814550138,-81.46219708512413,1986,built_year,40,0,,LAMMENS RAPHAEL,VA,1995-03-27,https://www.property-appraiser.org/data/ | https://services6.arcgis.com/9zKHLCgIwu2HFA5O/arcgis/rest/services/Parcels/FeatureServer/0 | https://www.property-appraiser.org/data/
142628513500020100,2573 ALBANY DR,KISSIMMEE,34758,28.228890192025112,-81.48542291613536,1986,built_year,40,0,,NEISIUS VIRGINIA,FL,2002-10-02,https://www.property-appraiser.org/data/ | https://services6.arcgis.com/9zKHLCgIwu2HFA5O/arcgis/rest/services/Parcels/FeatureServer/0
152529547100010080,1240 WINDWAY CIR,KISSIMMEE,34744,28.31546392819263,-81.3921230694507,1986,built_year,40,0,,LUNA KATHERINE MICHELLE,FL,2022-07-15,https://www.property-appraiser.org/data/ | https://services6.arcgis.com/9zKHLCgIwu2HFA5O/arcgis/rest/services/Parcels/FeatureServer/0 | https://www.property-appraiser.org/data/
152529547100010760,1011 LONGWIND WAY,KISSIMMEE,34744,28.316959915774962,-81.39503200225612,1986,built_year,40,0,,RINCON PERDOME LUIS ALEJANDRO,FL,2023-01-04,https://www.property-appraiser.org/data/ | https://services6.arcgis.com/9zKHLCgIwu2HFA5O/arcgis/rest/services/Parcels/FeatureServer/0 | https://www.property-appraiser.org/data/
16252920550001035B,2031 BALBOA WAY,KISSIMMEE,34741,28.30972832628779,-81.41332048060222,1986,built_year,40,0,,SIERRA DORA LUZ,FL,2022-01-25,https://www.property-appraiser.org/data/ | https://services6.arcgis.com/9zKHLCgIwu2HFA5O/arcgis/rest/services/Parcels/FeatureServer/0 | https://www.property-appraiser.org/data/
1726294788000A0090,3545 BRISTLECONE CT,KISSIMMEE,34746,28.227966946097062,-81.43895726740463,1986,built_year,40,0,,BRUMBAUGH JOYCE DAWNE,FL,2025-07-21,https://www.property-appraiser.org/data/ | https://services6.arcgis.com/9zKHLCgIwu2HFA5O/arcgis/rest/services/Parcels/FeatureServer/0 | https://www.property-appraiser.org/data/
182632259900013130,1985 MUSTANG CT,SAINT CLOUD,34771,28.246787534104552,-81.15400780061185,1986,built_year,40,0,,LAMOREAUX JACOB M,FL,2021-07-30,https://www.property-appraiser.org/data/ | https://services6.arcgis.com/9zKHLCgIwu2HFA5O/arcgis/rest/services/Parcels/FeatureServer/0 | https://www.property-appraiser.org/data/
252628611413840110,742 LUCAYA DR,KISSIMMEE,34758,28.158488898480424,-81.45894993199417,1986,built_year,40,0,,TURNER JESSE D,FL,2017-08-07,https://www.property-appraiser.org/data/ | https://services6.arcgis.com/9zKHLCgIwu2HFA5O/arcgis/rest/services/Parcels/FeatureServer/0 | https://www.property-appraiser.org/data/
252628611814710060,905 NAPLES WAY,KISSIMMEE,34758,28.174295937288033,-81.48484969976579,1986,built_year,40,0,,JONES SABRINA,FL,2018-07-07,https://www.property-appraiser.org/data/ | https://services6.arcgis.com/9zKHLCgIwu2HFA5O/arcgis/rest/services/Parcels/FeatureServer/0 | https://www.property-appraiser.org/data/
322631495000010395,3981 HICKORY TREE RD,SAINT CLOUD,34772,28.183900672380233,-81.24126311618944,1986,built_year,40,0,,OVERSTREET JESSICA,FL,2011-06-27,https://www.property-appraiser.org/data/ | https://services6.arcgis.com/9zKHLCgIwu2HFA5O/arcgis/rest/services/Parcels/FeatureServer/0 | https://www.property-appraiser.org/data/
012630000100810190,719 CALIFORNIA AVE,SAINT CLOUD,34769,28.251188708788668,-81.29440639708545,1987,built_year,39,0,,CSMA FT LLC,GA,2015-04-28,https://www.property-appraiser.org/data/ | https://services6.arcgis.com/9zKHLCgIwu2HFA5O/arcgis/rest/services/Parcels/FeatureServer/0 | https://www.property-appraiser.org/data/
012630000100890230,2751 8TH ST,SAINT CLOUD,34769,28.250511754804542,-81.29999906163614,1987,built_year,39,0,,PROGRESS RESIDENTIAL BORROWER 20 LLC,AZ,2022-06-23,https://www.property-appraiser.org/data/ | https://services6.arcgis.com/9zKHLCgIwu2HFA5O/arcgis/rest/services/Parcels/FeatureServer/0
012630000102030010,1100 MONTANA AVE,SAINT CLOUD,34769,28.247834240759364,-81.30063756378219,1987,built_year,39,0,,DOWNS MARY M,FL,2021-05-27,https://www.property-appraiser.org/data/ | https://services6.arcgis.com/9zKHLCgIwu2HFA5O/arcgis/rest/services/Parcels/FeatureServer/0 | https://www.property-appraiser.org/data/
012630000102630070,1414 LOUISIANA AVE,SAINT CLOUD,34769,28.244531627457967,-81.29954740125989,1987,built_year,39,0,,ALVIDIS PAUL JENNIFER,FL,2020-07-17,https://www.property-appraiser.org/data/ | https://services6.arcgis.com/9zKHLCgIwu2HFA5O/arcgis/rest/services/Parcels/FeatureServer/0 | https://www.property-appraiser.org/data/
022528310400011190,3154 WET N WILD CT,KISSIMMEE,34746,28.33637337931428,-81.48384183492615,1987,built_year,39,0,,CHALWELL BRYONY,FL,2025-02-14,https://www.property-appraiser.org/data/ | https://services6.arcgis.com/9zKHLCgIwu2HFA5O/arcgis/rest/services/Parcels/FeatureServer/0
032528348300011980,3221 BEARCLAW WAY,KISSIMMEE,34746,28.343979216458894,-81.49545838825131,1987,built_year,39,0,,CARDONA IRMA,FL,2023-01-30,https://www.property-appraiser.org/data/ | https://services6.arcgis.com/9zKHLCgIwu2HFA5O/arcgis/rest/services/Parcels/FeatureServer/0 | https://www.property-appraiser.org/data/
062531426000010235,3191 TINDALL ACRES RD,KISSIMMEE,34744,28.343933631029174,-81.25756378306104,1987,built_year,39,0,,IRON GATE INVESTMENT LLC,FL,2024-08-16,https://www.property-appraiser.org/data/ | https://services6.arcgis.com/9zKHLCgIwu2HFA5O/arcgis/rest/services/Parcels/FeatureServer/0 | https://www.property-appraiser.org/data/
072530267700640030,156 GUADALAJARA DR,KISSIMMEE,34743,28.32447116821226,-81.3521461009873,1987,built_year,39,0,,RIVERA HECTOR,FL,2003-12-24,https://www.property-appraiser.org/data/ | https://services6.arcgis.com/9zKHLCgIwu2HFA5O/arcgis/rest/services/Parcels/FeatureServer/0 | https://www.property-appraiser.org/data/
072530267700640150,145 ALAMEDA DR,KISSIMMEE,34743,28.32420374481222,-81.35325077007869,1987,built_year,39,0,,CANDELARIO ELIZABETH M RLE,FL,2018-10-24,https://www.property-appraiser.org/data/ | https://services6.arcgis.com/9zKHLCgIwu2HFA5O/arcgis/rest/services/Parcels/FeatureServer/0 | https://www.property-appraiser.org/data/
072530270401860080,103 LINDENWOOD LN,KISSIMMEE,34743,28.33803274007999,-81.35683529288974,1987,built_year,39,0,,GILLESPIE SHARON,FL,2023-03-28,https://www.property-appraiser.org/data/ | https://services6.arcgis.com/9zKHLCgIwu2HFA5O/arcgis/rest/services/Parcels/FeatureServer/0 | https://www.property-appraiser.org/data/
072530270401880220,110 ROSEWOOD CT,KISSIMMEE,34743,28.339636121204055,-81.3557553949135,1987,built_year,39,0,,LARIONE MARIE,FL,2001-06-06,https://www.property-appraiser.org/data/ | https://services6.arcgis.com/9zKHLCgIwu2HFA5O/arcgis/rest/services/Parcels/FeatureServer/0 | https://www.property-appraiser.org/data/
072530270502150120,124 SANDALWOOD DR,KISSIMMEE,34743,28.341289801698426,-81.35595709699965,1987,built_year,39,0,,WINTERS CHARLES,FL,2021-03-05,https://www.property-appraiser.org/data/ | https://services6.arcgis.com/9zKHLCgIwu2HFA5O/arcgis/rest/services/Parcels/FeatureServer/0 | https://www.property-appraiser.org/data/
072530270700030120,32 PINE ISLAND CIR,KISSIMMEE,34743,28.33884902162917,-81.35957476048986,1987,built_year,39,0,,CASTRO ENRIQUE,FL,2003-10-03,https://www.property-appraiser.org/data/ | https://services6.arcgis.com/9zKHLCgIwu2HFA5O/arcgis/rest/services/Parcels/FeatureServer/0 | https://www.property-appraiser.org/data/
072631337200010375,1375 JAN LAN BLVD,SAINT CLOUD,34772,28.236523957442486,-81.25377953710434,1987,built_year,39,0,,MEDINA ELEANOR S,FL,2010-05-10,https://www.property-appraiser.org/data/ | https://services6.arcgis.com/9zKHLCgIwu2HFA5O/arcgis/rest/services/Parcels/FeatureServer/0 | https://www.property-appraiser.org/data/
112528370000170230,5057 PALMETTO RD,KISSIMMEE,34746,28.323612531941365,-81.48510063859804,1987,built_year,39,0,,PALMETTO ROAD TRUST,FL,2024-11-09,https://www.property-appraiser.org/data/ | https://services6.arcgis.com/9zKHLCgIwu2HFA5O/arcgis/rest/services/Parcels/FeatureServer/0 | https://www.property-appraiser.org/data/
112529171700012040,2673 DEBANY RD,KISSIMMEE,34744,28.32632673495113,-81.38371982207083,1987,built_year,39,0,,FKH SFR PROPCO A LP,GA,2020-08-14,https://www.property-appraiser.org/data/ | https://services6.arcgis.com/9zKHLCgIwu2HFA5O/arcgis/rest/services/Parcels/FeatureServer/0 | https://www.property-appraiser.org/data/
112630061700010720,1990 CRYSTAL LN,SAINT CLOUD,34769,28.23848307153572,-81.29129294724677,1987,built_year,39,0,,DAMARIO DENISE L,FL,2018-08-03,https://www.property-appraiser.org/data/ | https://services6.arcgis.com/9zKHLCgIwu2HFA5O/arcgis/rest/services/Parcels/FeatureServer/0
112630061700010750,2030 CRYSTAL LN,SAINT CLOUD,34769,28.23861526107499,-81.29192769040003,1987,built_year,39,0,,GRANT TIFFANY NICOLE,FL,2020-07-09,https://www.property-appraiser.org/data/ | https://services6.arcgis.com/9zKHLCgIwu2HFA5O/arcgis/rest/services/Parcels/FeatureServer/0 | https://www.property-appraiser.org/data/
112630061700011140,1991 CRYSTAL LN,SAINT CLOUD,34769,28.238094007086627,-81.29147511667118,1987,built_year,39,0,,WALAS ELIZABETH,FL,2015-07-28,https://www.property-appraiser.org/data/ | https://services6.arcgis.com/9zKHLCgIwu2HFA5O/arcgis/rest/services/Parcels/FeatureServer/0
1226282635000J0140,2631 MCDANIEL DR,KISSIMMEE,34758,28.240000816727374,-81.47112100917967,1987,built_year,39,0,,SERRANO GARCIA HECTOR JAVIER,FL,2019-04-19,https://www.property-appraiser.org/data/ | https://services6.arcgis.com/9zKHLCgIwu2HFA5O/arcgis/rest/services/Parcels/FeatureServer/0 | https://www.property-appraiser.org/data/
172529106100053060,"2201 CASCADES BLVD #306",KISSIMMEE,34741,28.310694144146282,-81.43295984142095,1987,built_year,39,0,,OMEGA 97 LLC,FL,2021-12-07,https://www.property-appraiser.org/data/ | https://services6.arcgis.com/9zKHLCgIwu2HFA5O/arcgis/rest/services/Parcels/FeatureServer/0
172529106100133060,"2030 CASCADES BLVD #306",KISSIMMEE,34741,28.308795911681223,-81.4317738549663,1987,built_year,39,0,,LEBIHAN SEBASTIAN,FL,2011-01-21,https://www.property-appraiser.org/data/ | https://services6.arcgis.com/9zKHLCgIwu2HFA5O/arcgis/rest/services/Parcels/FeatureServer/0
1725291182000E0290,2119 CARIBBEAN DR S,KISSIMMEE,34741,28.31004674484192,-81.42573798659825,1987,built_year,39,0,,BRAVO ADALBERTO JR,FL,2002-02-08,https://www.property-appraiser.org/data/ | https://services6.arcgis.com/9zKHLCgIwu2HFA5O/arcgis/rest/services/Parcels/FeatureServer/0 | https://www.property-appraiser.org/data/
172529213700010740,2019 HIDDEN DALE CT,KISSIMMEE,34741,28.315214961895787,-81.42580725447779,1987,built_year,39,0,,ARONE IMMACOLATA M T,FL,2018-03-03,https://www.property-appraiser.org/data/ | https://services6.arcgis.com/9zKHLCgIwu2HFA5O/arcgis/rest/services/Parcels/FeatureServer/0 | https://www.property-appraiser.org/data/
172529213700010760,2011 HIDDEN DALE CT,KISSIMMEE,34741,28.31521720231522,-81.42532122648944,1987,built_year,39,0,,SEYAD MOHAMED M,FL,2004-03-18,https://www.property-appraiser.org/data/ | https://services6.arcgis.com/9zKHLCgIwu2HFA5O/arcgis/rest/services/Parcels/FeatureServer/0 | https://www.property-appraiser.org/data/
172530520400010230,2386 RUTH LN,KISSIMMEE,34744,28.314453211357094,-81.3339794074664,1987,built_year,39,0,,MARTINEZ RAYMOND,FL,2001-06-20,https://www.property-appraiser.org/data/ | https://services6.arcgis.com/9zKHLCgIwu2HFA5O/arcgis/rest/services/Parcels/FeatureServer/0 | https://www.property-appraiser.org/data/
192530000000230000,510 SIMPSON RD,KISSIMMEE,34744,28.297212935973604,-81.35120250373635,1987,built_year,39,0,,MACDONALD MICHAEL J,FL,2020-05-27,https://www.property-appraiser.org/data/ | https://services6.arcgis.com/9zKHLCgIwu2HFA5O/arcgis/rest/services/Parcels/FeatureServer/0 | https://www.property-appraiser.org/data/
192629251300020130,2820 BRONCO AVE,KISSIMMEE,34746,28.21615056717058,-81.44392609331567,1987,built_year,39,0,,GARCIA JUAN,FL,2015-05-29,https://www.property-appraiser.org/data/ | https://services6.arcgis.com/9zKHLCgIwu2HFA5O/arcgis/rest/services/Parcels/FeatureServer/0 | https://www.property-appraiser.org/data/
202629477900010270,2827 SHADOW WOOD CT,KISSIMMEE,34746,28.215888169977116,-81.43769580888637,1987,built_year,39,0,,MOLID MARYLOU A,FL,1995-09-29,https://www.property-appraiser.org/data/ | https://services6.arcgis.com/9zKHLCgIwu2HFA5O/arcgis/rest/services/Parcels/FeatureServer/0 | https://www.property-appraiser.org/data/
252628611413610050,776 DEL PRADO DR,KISSIMMEE,34758,28.17053380854259,-81.46690500768806,1987,built_year,39,0,,VOS BRIAN D,FL,2001-05-25,https://www.property-appraiser.org/data/ | https://services6.arcgis.com/9zKHLCgIwu2HFA5O/arcgis/rest/services/Parcels/FeatureServer/0 | https://www.property-appraiser.org/data/
252628611614230150,305 SHERBORNE LN,KISSIMMEE,34758,28.17951705869228,-81.48104674662667,1987,built_year,39,0,,TURNER JESSE,FL,2017-09-26,https://www.property-appraiser.org/data/ | https://services6.arcgis.com/9zKHLCgIwu2HFA5O/arcgis/rest/services/Parcels/FeatureServer/0
252628611814770120,909 SAN MARCO DR,KISSIMMEE,34758,28.17187316074302,-81.48759038661045,1987,built_year,39,0,,CONSULTANTS FIRST CREDIT MANAGEMENT SOLUTIONS LLC,FL,2022-10-28,https://www.property-appraiser.org/data/ | https://services6.arcgis.com/9zKHLCgIwu2HFA5O/arcgis/rest/services/Parcels/FeatureServer/0 | https://www.property-appraiser.org/data/
252628611815090050,720 TAHITI DR,KISSIMMEE,34758,28.16595268856345,-81.4768474427503,1987,built_year,39,0,,RILEY KOLE,FL,2018-05-10,https://www.property-appraiser.org/data/ | https://services6.arcgis.com/9zKHLCgIwu2HFA5O/arcgis/rest/services/Parcels/FeatureServer/0 | https://www.property-appraiser.org/data/
3225284520000A0050,6037 S ORANGE BLOSSOM TRL,DAVENPORT,33896,28.265214916025375,-81.52605932887518,1987,built_year,39,0,,GARMAN RONALD K,FL,2024-05-20,https://www.property-appraiser.org/data/ | https://services6.arcgis.com/9zKHLCgIwu2HFA5O/arcgis/rest/services/Parcels/FeatureServer/0 | https://www.property-appraiser.org/data/
322530538600012664,2664 EMERALD LAKE CT,KISSIMMEE,34744,28.26518625524887,-81.33732673464226,1987,built_year,39,0,,RIVERA ROSA M,FL,2020-12-03,https://www.property-appraiser.org/data/ | https://services6.arcgis.com/9zKHLCgIwu2HFA5O/arcgis/rest/services/Parcels/FeatureServer/0 | https://www.property-appraiser.org/data/
012630000102950100,400 16TH ST,SAINT CLOUD,34769,28.24327709138272,-81.2737402474567,1988,built_year,38,0,,WILSON SHAWN F,FL,2014-11-21,https://www.property-appraiser.org/data/ | https://services6.arcgis.com/9zKHLCgIwu2HFA5O/arcgis/rest/services/Parcels/FeatureServer/0 | https://www.property-appraiser.org/data/
012630304500010100,729 ORANGE AVE,SAINT CLOUD,34769,28.25126855654772,-81.26372164920107,1988,built_year,38,0,,MILLER RICHARD,FL,2003-08-29,https://www.property-appraiser.org/data/ | https://services6.arcgis.com/9zKHLCgIwu2HFA5O/arcgis/rest/services/Parcels/FeatureServer/0 | https://www.property-appraiser.org/data/
022529408000630140,851 BARN ST,KISSIMMEE,34744,28.33498007291984,-81.39650351570198,1988,built_year,38,0,,BROWN MARY L,FL,1991-08-12,https://www.property-appraiser.org/data/ | https://services6.arcgis.com/9zKHLCgIwu2HFA5O/arcgis/rest/services/Parcels/FeatureServer/0 | https://www.property-appraiser.org/data/
022629255500010270,1601 LISA LN,KISSIMMEE,34744,28.25788946887705,-81.37926415881351,1988,built_year,38,0,,ODONNELL TIMOTHY,FL,1992-11-30,https://www.property-appraiser.org/data/ | https://services6.arcgis.com/9zKHLCgIwu2HFA5O/arcgis/rest/services/Parcels/FeatureServer/0 | https://www.property-appraiser.org/data/
022629480300010320,1698 ANDREA CT,KISSIMMEE,34744,28.254478373910857,-81.37514513907698,1988,built_year,38,0,,CULLEN TIMOTHY G,FL,2009-08-05,https://www.property-appraiser.org/data/ | https://services6.arcgis.com/9zKHLCgIwu2HFA5O/arcgis/rest/services/Parcels/FeatureServer/0 | https://www.property-appraiser.org/data/
032528348400014140,5220 WARRIOR LN,KISSIMMEE,34746,28.346186617956025,-81.49405208811109,1988,built_year,38,0,,MOREL MARIA,FL,2022-09-07,https://www.property-appraiser.org/data/ | https://services6.arcgis.com/9zKHLCgIwu2HFA5O/arcgis/rest/services/Parcels/FeatureServer/0 | https://www.property-appraiser.org/data/
032528348400014180,5260 WARRIOR LN,KISSIMMEE,34746,28.346187737955525,-81.49473603219387,1988,built_year,38,0,,OSORIO MARIN JOSE ATALIVAR,FL,2025-08-28,https://www.property-appraiser.org/data/ | https://services6.arcgis.com/9zKHLCgIwu2HFA5O/arcgis/rest/services/Parcels/FeatureServer/0 | https://www.property-appraiser.org/data/
032630002700010020,3130 GARDEN CT,SAINT CLOUD,34769,28.25370002261411,-81.3052131888906,1988,built_year,38,0,,PENNEY ROBERT A,FL,1992-01-21,https://www.property-appraiser.org/data/ | https://services6.arcgis.com/9zKHLCgIwu2HFA5O/arcgis/rest/services/Parcels/FeatureServer/0 | https://www.property-appraiser.org/data/
052729549300010360,4138 BLACKPOWDER WAY,KISSIMMEE,34746,28.167741038162806,-81.43868465550388,1988,built_year,38,0,,BAF ASSETS 3 LLC,TX,2021-05-18,https://www.property-appraiser.org/data/ | https://services6.arcgis.com/9zKHLCgIwu2HFA5O/arcgis/rest/services/Parcels/FeatureServer/0 | https://www.property-appraiser.org/data/
052729549300010470,4257 FORT COURAGE CIR,KISSIMMEE,34746,28.164990678198002,-81.43865855480541,1988,built_year,38,0,,TUSKE JOHN J RLE,FL,2024-07-19,https://www.property-appraiser.org/data/ | https://services6.arcgis.com/9zKHLCgIwu2HFA5O/arcgis/rest/services/Parcels/FeatureServer/0 | https://www.property-appraiser.org/data/
062629454300010180,4155 BERGAMONT CT,KISSIMMEE,34746,28.256091136893456,-81.45032442502605,1988,built_year,38,0,,ADKINS MARYANN,FL,2023-12-23,https://www.property-appraiser.org/data/ | https://services6.arcgis.com/9zKHLCgIwu2HFA5O/arcgis/rest/services/Parcels/FeatureServer/0 | https://www.property-appraiser.org/data/
072530267700410130,508 FLORAL DR,KISSIMMEE,34743,28.321219131246966,-81.3509846541508,1988,built_year,38,0,,NEW RESIDENTIAL BORROWER 2022-SFR2 LLC,IN,2022-08-03,https://www.property-appraiser.org/data/ | https://services6.arcgis.com/9zKHLCgIwu2HFA5O/arcgis/rest/services/Parcels/FeatureServer/0 | https://www.property-appraiser.org/data/
072530267700530200,165 TOLUCA DR,KISSIMMEE,34743,28.323516646446116,-81.35356260766656,1988,built_year,38,0,,MONTONE THOMAS,FL,1987-10-01,https://www.property-appraiser.org/data/ | https://services6.arcgis.com/9zKHLCgIwu2HFA5O/arcgis/rest/services/Parcels/FeatureServer/0 | https://www.property-appraiser.org/data/
072530270700140670,144 PINE ISLAND CIR,KISSIMMEE,34743,28.339259080548114,-81.360852746956,1988,built_year,38,0,,NIEVES FREYTES LUIS MIGUEL,FL,2022-11-15,https://www.property-appraiser.org/data/ | https://services6.arcgis.com/9zKHLCgIwu2HFA5O/arcgis/rest/services/Parcels/FeatureServer/0
072530270802200310,156 SANDALWOOD DR,KISSIMMEE,34743,28.343562363385928,-81.35521349785995,1988,built_year,38,0,,NARVAEZ HIPOLITA RLE,FL,2017-04-26,https://www.property-appraiser.org/data/ | https://services6.arcgis.com/9zKHLCgIwu2HFA5O/arcgis/rest/services/Parcels/FeatureServer/0 | https://www.property-appraiser.org/data/
072530270902360240,157 PINEWOOD CIR,KISSIMMEE,34743,28.346834974150898,-81.35774836739583,1988,built_year,38,0,,CRUZ-CRUZ ANGEL,FL,2011-08-12,https://www.property-appraiser.org/data/ | https://services6.arcgis.com/9zKHLCgIwu2HFA5O/arcgis/rest/services/Parcels/FeatureServer/0 | https://www.property-appraiser.org/data/
072530271202100080,212 PALMWOOD CT,KISSIMMEE,34743,28.343022919185753,-81.37162941972036,1988,built_year,38,0,,MUNOZ DE RIVERA YOLANDA,FL,2020-09-22,https://www.property-appraiser.org/data/ | https://services6.arcgis.com/9zKHLCgIwu2HFA5O/arcgis/rest/services/Parcels/FeatureServer/0 | https://www.property-appraiser.org/data/
072530271502210320,308 PLUMWOOD CIR,KISSIMMEE,34743,28.3412580740936,-81.37671663492456,1988,built_year,38,0,,ARROYO MARIA E,FL,2010-10-14,https://www.property-appraiser.org/data/ | https://services6.arcgis.com/9zKHLCgIwu2HFA5O/arcgis/rest/services/Parcels/FeatureServer/0 | https://www.property-appraiser.org/data/
072530271602370260,62 LAKEPOINTE CIR,KISSIMMEE,34743,28.34200340544202,-81.35994974422458,1988,built_year,38,0,,RENARD EDNA L,FL,2021-07-15,https://www.property-appraiser.org/data/ | https://services6.arcgis.com/9zKHLCgIwu2HFA5O/arcgis/rest/services/Parcels/FeatureServer/0 | https://www.property-appraiser.org/data/
072729285400010120,"59 CORDONA DR #C",KISSIMMEE,34758,28.149740734569075,-81.44728458182496,1988,built_year,38,0,,SOTILLO FREDDY ALBERTO,FL,2016-06-10,https://www.property-appraiser.org/data/ | https://services6.arcgis.com/9zKHLCgIwu2HFA5O/arcgis/rest/services/Parcels/FeatureServer/0 | https://www.property-appraiser.org/data/
112528370000170270,5061 PALMETTO RD,KISSIMMEE,34746,28.32361086601842,-81.48541145621518,1988,built_year,38,0,,DAVID WALTER DENONCOUR REVOCABLE TRUST,FL,2025-02-17,https://www.property-appraiser.org/data/ | https://services6.arcgis.com/9zKHLCgIwu2HFA5O/arcgis/rest/services/Parcels/FeatureServer/0
112529171900011610,1457 VICKS DR,KISSIMMEE,34744,28.32741865254074,-81.38313571757057,1988,built_year,38,0,,RUIZ MORALES MELISSA,FL,2013-06-28,https://www.property-appraiser.org/data/ | https://services6.arcgis.com/9zKHLCgIwu2HFA5O/arcgis/rest/services/Parcels/FeatureServer/0 | https://www.property-appraiser.org/data/
112529182500010060,1530 WYMAN CIR,KISSIMMEE,34744,28.322970251516413,-81.38100888480115,1988,built_year,38,0,,WRIGHT DAVID,FL,2002-12-31,https://www.property-appraiser.org/data/ | https://services6.arcgis.com/9zKHLCgIwu2HFA5O/arcgis/rest/services/Parcels/FeatureServer/0 | https://www.property-appraiser.org/data/
142529194700010130,2123 SAND RUN RD,KISSIMMEE,34744,28.31143809087724,-81.38608110248177,1988,built_year,38,0,,LOGIACCO ANTONIO,FL,2023-03-04,https://www.property-appraiser.org/data/ | https://services6.arcgis.com/9zKHLCgIwu2HFA5O/arcgis/rest/services/Parcels/FeatureServer/0 | https://www.property-appraiser.org/data/
1425292179000A0080,1615 SUNBURST WAY,KISSIMMEE,34744,28.309532504161755,-81.37733237192997,1988,built_year,38,0,,BAF ASSETS 6 LLC,TX,2023-03-08,https://www.property-appraiser.org/data/ | https://services6.arcgis.com/9zKHLCgIwu2HFA5O/arcgis/rest/services/Parcels/FeatureServer/0 | https://www.property-appraiser.org/data/
1425292179000A0160,1631 SUNBURST WAY,KISSIMMEE,34744,28.30953314325224,-81.37576460198073,1988,built_year,38,0,,MORALES ALBERTO,FL,1999-11-03,https://www.property-appraiser.org/data/ | https://services6.arcgis.com/9zKHLCgIwu2HFA5O/arcgis/rest/services/Parcels/FeatureServer/0 | https://www.property-appraiser.org/data/
142628513500040010,2457 RAVENDALE CT,KISSIMMEE,34758,28.22917018462883,-81.48602122110782,1988,built_year,38,0,,SANTOS SILVA DILVA,FL,2003-09-09,https://www.property-appraiser.org/data/ | https://services6.arcgis.com/9zKHLCgIwu2HFA5O/arcgis/rest/services/Parcels/FeatureServer/0 | https://www.property-appraiser.org/data/
142630085500010160,1855 RAYMOND DR,SAINT CLOUD,34769,28.228953458878024,-81.28817503927642,1988,built_year,38,0,,THOMAS BEATINE,FL,2025-03-12,https://www.property-appraiser.org/data/ | https://services6.arcgis.com/9zKHLCgIwu2HFA5O/arcgis/rest/services/Parcels/FeatureServer/0 | https://www.property-appraiser.org/data/
162529103900082570,"445 FOUNTAINHEAD CIR #257",KISSIMMEE,34741,28.308547039937828,-81.40923066719108,1988,built_year,38,0,,FELIBERT VASQUEZ EDIREE ALCIRA,FL,2023-07-21,https://www.property-appraiser.org/data/ | https://services6.arcgis.com/9zKHLCgIwu2HFA5O/arcgis/rest/services/Parcels/FeatureServer/0
17252921380001005C,3111 RIO GRANDE TRL,KISSIMMEE,34741,28.3152282443008,-81.43483315113744,1988,built_year,38,0,,SOBOTKA PATRICIA A,NJ,1988-01-01,https://www.property-appraiser.org/data/ | https://services6.arcgis.com/9zKHLCgIwu2HFA5O/arcgis/rest/services/Parcels/FeatureServer/0 | https://www.property-appraiser.org/data/
17252921380001027C,3111 FOX SQUIRREL DR,KISSIMMEE,34741,28.314405988051277,-81.43488694078505,1988,built_year,38,0,,HOLDER ROBERT RLE,FL,2025-08-05,https://www.property-appraiser.org/data/ | https://services6.arcgis.com/9zKHLCgIwu2HFA5O/arcgis/rest/services/Parcels/FeatureServer/0 | https://www.property-appraiser.org/data/
172530262100010030,2555 FLAMBOYAN ST,KISSIMMEE,34744,28.31682236113137,-81.34065579259854,1988,built_year,38,0,,YUSUF MOHAMED,FL,1987-07-01,https://www.property-appraiser.org/data/ | https://services6.arcgis.com/9zKHLCgIwu2HFA5O/arcgis/rest/services/Parcels/FeatureServer/0 | https://www.property-appraiser.org/data/
182632259700010130,7205 BRIDLE PATH,SAINT CLOUD,34771,28.23633751904841,-81.1470484813004,1988,built_year,38,0,,JUDSON REV TRUST,FL,2024-12-01,https://www.property-appraiser.org/data/ | https://services6.arcgis.com/9zKHLCgIwu2HFA5O/arcgis/rest/services/Parcels/FeatureServer/0 | https://www.property-appraiser.org/data/
222527354200010480,1140 INDIAN RIDGE TRL E,KISSIMMEE,34747,28.30194366031281,-81.59468733290696,1988,built_year,38,0,,TORO RICARDO JAVIER,FL,2025-03-15,https://www.property-appraiser.org/data/ | https://services6.arcgis.com/9zKHLCgIwu2HFA5O/arcgis/rest/services/Parcels/FeatureServer/0 | https://www.property-appraiser.org/data/
222527354200010500,7681 BENJI RIDGE TRL,KISSIMMEE,34747,28.302073522535377,-81.59391354391275,1988,built_year,38,0,,HE JINGLI,CA,2021-05-28,https://www.property-appraiser.org/data/ | https://services6.arcgis.com/9zKHLCgIwu2HFA5O/arcgis/rest/services/Parcels/FeatureServer/0 | https://www.property-appraiser.org/data/
222527354200010770,1115 INDIAN RIDGE TRL E,KISSIMMEE,34747,28.301326480498997,-81.59410482218372,1988,built_year,38,0,,FKH SFR C1 LP,GA,2021-07-15,https://www.property-appraiser.org/data/ | https://services6.arcgis.com/9zKHLCgIwu2HFA5O/arcgis/rest/services/Parcels/FeatureServer/0 | https://www.property-appraiser.org/data/
222527354200010940,7651 INDIAN RIDGE TRL S,KISSIMMEE,34747,28.29949735439103,-81.59308860563908,1988,built_year,38,0,,NEW RESIDENTIAL BORROWER 2022-SFR2 LLC,IN,2022-08-03,https://www.property-appraiser.org/data/ | https://services6.arcgis.com/9zKHLCgIwu2HFA5O/arcgis/rest/services/Parcels/FeatureServer/0 | https://www.property-appraiser.org/data/
222527354300012010,1015 ELIZABETH RIDGE CT,KISSIMMEE,34747,28.299222510187995,-81.5950233185073,1988,built_year,38,0,,PROGRESS RESIDENTIAL BORROWER 2 LLC,AZ,2017-12-01,https://www.property-appraiser.org/data/ | https://services6.arcgis.com/9zKHLCgIwu2HFA5O/arcgis/rest/services/Parcels/FeatureServer/0 | https://www.property-appraiser.org/data/
252628610005350090,117 DORCHESTER CT,KISSIMMEE,34758,28.170823927970822,-81.49569645075476,1988,built_year,38,0,,MCH SFR PROPERTY OWNER 1 LLC,CA,2021-10-26,https://www.property-appraiser.org/data/ | https://services6.arcgis.com/9zKHLCgIwu2HFA5O/arcgis/rest/services/Parcels/FeatureServer/0 | https://www.property-appraiser.org/data/
252628610005370070,111 NICHOLAS CT,KISSIMMEE,34758,28.17229378960844,-81.49504736169591,1988,built_year,38,1,24,AMADOR HECTOR B,,2015-11-04,https://www.property-appraiser.org/data/ | https://services6.arcgis.com/9zKHLCgIwu2HFA5O/arcgis/rest/services/Parcels/FeatureServer/0 | https://www.property-appraiser.org/data/ | https://permits.osceola.org/CitizenAccess/Cap/CapDetail.aspx?Module=Building&TabName=Building&capID1=REC26&capID2=00000&capID3=00U3E&agencyCode=OSCEOLA&IsToShowInspection=
252628610005370150,143 DORCHESTER CT,KISSIMMEE,34758,28.17202352324473,-81.49437774997205,1988,built_year,38,0,,FKH SFR C1 LP,GA,2021-07-15,https://www.property-appraiser.org/data/ | https://services6.arcgis.com/9zKHLCgIwu2HFA5O/arcgis/rest/services/Parcels/FeatureServer/0 | https://www.property-appraiser.org/data/
252628610006230020,104 MONTCLAIR WAY,KISSIMMEE,34758,28.186400571269285,-81.49015054658742,1988,built_year,38,1,32,RAGBIR SATNARINE,FL,2002-12-20,https://www.property-appraiser.org/data/ | https://services6.arcgis.com/9zKHLCgIwu2HFA5O/arcgis/rest/services/Parcels/FeatureServer/0 | https://www.property-appraiser.org/data/ | https://permits.osceola.org/CitizenAccess/Cap/CapDetail.aspx?Module=Building&TabName=Building&capID1=REC26&capID2=00000&capID3=00T7R&agencyCode=OSCEOLA&IsToShowInspection=
252628611614540150,204 BALBOA DR,KISSIMMEE,34758,28.173322626417747,-81.47463773518106,1988,built_year,38,0,,SAGUES MARTA A,FL,2019-06-07,https://www.property-appraiser.org/data/ | https://services6.arcgis.com/9zKHLCgIwu2HFA5O/arcgis/rest/services/Parcels/FeatureServer/0 | https://www.property-appraiser.org/data/
252628611614560200,267 MAGELLAN DR,KISSIMMEE,34758,28.174447767264887,-81.47673894386338,1988,built_year,38,0,,FKH SFR C1 LP,GA,2021-07-15,https://www.property-appraiser.org/data/ | https://services6.arcgis.com/9zKHLCgIwu2HFA5O/arcgis/rest/services/Parcels/FeatureServer/0 | https://www.property-appraiser.org/data/
252628611614570080,254 CRANBROOK DR,KISSIMMEE,34758,28.174314083521057,-81.47838344910463,1988,built_year,38,0,,NEW RESIDENTIAL BORROWER 2022-SFR2 LLC,IN,2022-08-03,https://www.property-appraiser.org/data/ | https://services6.arcgis.com/9zKHLCgIwu2HFA5O/arcgis/rest/services/Parcels/FeatureServer/0 | https://www.property-appraiser.org/data/
252628611614580020,233 CHADWORTH DR,KISSIMMEE,34758,28.17389311955443,-81.48065142322882,1988,built_year,38,0,,ACEVEDO GIOVANNI,FL,2025-05-02,https://www.property-appraiser.org/data/ | https://services6.arcgis.com/9zKHLCgIwu2HFA5O/arcgis/rest/services/Parcels/FeatureServer/0 | https://www.property-appraiser.org/data/
252628612015840160,32 AMALFI WAY,KISSIMMEE,34758,28.152470767988902,-81.44875613993992,1988,built_year,38,0,,GOMES APOLINARIO P,FL,1989-01-10,https://www.property-appraiser.org/data/ | https://services6.arcgis.com/9zKHLCgIwu2HFA5O/arcgis/rest/services/Parcels/FeatureServer/0 | https://www.property-appraiser.org/data/
012630000102970150,1519 MICHIGAN AVE,SAINT CLOUD,34769,28.243403014204755,-81.2764420652658,1989,built_year,37,0,,MELTON DIANE F,FL,2022-12-22,https://www.property-appraiser.org/data/ | https://services6.arcgis.com/9zKHLCgIwu2HFA5O/arcgis/rest/services/Parcels/FeatureServer/0 | https://www.property-appraiser.org/data/
032530420600010400,3233 MIDNIGHT STAR CT,KISSIMMEE,34744,28.345627671182474,-81.29759050094816,1989,built_year,37,0,,CINTRON BERNARDO,FL,1993-10-07,https://www.property-appraiser.org/data/ | https://services6.arcgis.com/9zKHLCgIwu2HFA5O/arcgis/rest/services/Parcels/FeatureServer/0 | https://www.property-appraiser.org/data/
032530420900010780,3190 MORNING LIGHT WAY,KISSIMMEE,34744,28.343957070150783,-81.29377073451755,1989,built_year,37,0,,KEITH BAGDON KB NAILS LLC,FL,2024-01-26,https://www.property-appraiser.org/data/ | https://services6.arcgis.com/9zKHLCgIwu2HFA5O/arcgis/rest/services/Parcels/FeatureServer/0
032628288000080120,5521 SHARON AVE,INTERCESSION CITY,33848,28.257976724643157,-81.50461287975376,1989,built_year,37,0,,CALDERON FRANCISCO FLORES,FL,2015-03-30,https://www.property-appraiser.org/data/ | https://services6.arcgis.com/9zKHLCgIwu2HFA5O/arcgis/rest/services/Parcels/FeatureServer/0 | https://www.property-appraiser.org/data/
052729549200010280,4133 BALD EAGLE DR,KISSIMMEE,34746,28.168205706353874,-81.43907704150287,1989,built_year,37,0,,FONSECA ROBERTO F,FL,2019-04-20,https://www.property-appraiser.org/data/ | https://services6.arcgis.com/9zKHLCgIwu2HFA5O/arcgis/rest/services/Parcels/FeatureServer/0 | https://www.property-appraiser.org/data/
062531426000010230,3175 TINDALL ACRES RD,KISSIMMEE,34744,28.342705411386095,-81.25832740335431,1989,built_year,37,0,,CORNELIS FRANK A,FL,2010-04-07,https://www.property-appraiser.org/data/ | https://services6.arcgis.com/9zKHLCgIwu2HFA5O/arcgis/rest/services/Parcels/FeatureServer/0 | https://www.property-appraiser.org/data/
072530271302130120,155 HONEYWOOD DR,KISSIMMEE,34743,28.345267483822084,-81.36802930153357,1989,built_year,37,0,,POU MADERA LUIS C,FL,2018-08-29,https://www.property-appraiser.org/data/ | https://services6.arcgis.com/9zKHLCgIwu2HFA5O/arcgis/rest/services/Parcels/FeatureServer/0 | https://www.property-appraiser.org/data/
072530271602370380,86 LAKEPOINTE CIR,KISSIMMEE,34743,28.34297491098836,-81.36001506047972,1989,built_year,37,0,,DEJESUS JACQUELINE,FL,2006-08-03,https://www.property-appraiser.org/data/ | https://services6.arcgis.com/9zKHLCgIwu2HFA5O/arcgis/rest/services/Parcels/FeatureServer/0 | https://www.property-appraiser.org/data/
072530271702070010,264 SATINWOOD CIR,KISSIMMEE,34743,28.33942379708891,-81.37259327888172,1989,built_year,37,0,,APONTE ATANACIO RLE,FL,2024-06-25,https://www.property-appraiser.org/data/ | https://services6.arcgis.com/9zKHLCgIwu2HFA5O/arcgis/rest/services/Parcels/FeatureServer/0 | https://www.property-appraiser.org/data/
072530272302400120,134 CORALWOOD CIR,KISSIMMEE,34743,28.34530190583279,-81.37756127657302,1989,built_year,37,0,,NEW RESIDENTIAL BORROWER 2022-SFR2 LLC,IN,2022-08-03,https://www.property-appraiser.org/data/ | https://services6.arcgis.com/9zKHLCgIwu2HFA5O/arcgis/rest/services/Parcels/FeatureServer/0 | https://www.property-appraiser.org/data/
072530272302400440,207 OLIVEWOOD CT,KISSIMMEE,34743,28.346795476612048,-81.37593870609362,1989,built_year,37,0,,PROGRESS RESIDENTIAL BORROWER 21 LLC,AZ,2022-08-11,https://www.property-appraiser.org/data/ | https://services6.arcgis.com/9zKHLCgIwu2HFA5O/arcgis/rest/services/Parcels/FeatureServer/0 | https://www.property-appraiser.org/data/
072530272502420190,138 CORAL REEF CIR,KISSIMMEE,34743,28.34649349013649,-81.37519622161217,1989,built_year,37,0,,VAZQUEZ FERNANDO JR,FL,2009-03-31,https://www.property-appraiser.org/data/ | https://services6.arcgis.com/9zKHLCgIwu2HFA5O/arcgis/rest/services/Parcels/FeatureServer/0 | https://www.property-appraiser.org/data/
072530272602040020,171 WHITE BIRCH DR,KISSIMMEE,34743,28.34260323252538,-81.36992809278847,1989,built_year,37,0,,GARCIA PEDRO,FL,2021-02-18,https://www.property-appraiser.org/data/ | https://services6.arcgis.com/9zKHLCgIwu2HFA5O/arcgis/rest/services/Parcels/FeatureServer/0 | https://www.property-appraiser.org/data/
072530272902450440,301 OCEANSIDE CT,KISSIMMEE,34743,28.34584783418423,-81.37044815638801,1989,built_year,37,0,,CANALS VARELA ROSA ELENA,FL,2017-04-20,https://www.property-appraiser.org/data/ | https://services6.arcgis.com/9zKHLCgIwu2HFA5O/arcgis/rest/services/Parcels/FeatureServer/0 | https://www.property-appraiser.org/data/
112529171900011160,1458 AMANDA RD,KISSIMMEE,34744,28.32917258337265,-81.3832594709295,1989,built_year,37,0,,ARNREICH LAWRENCE T SR,FL,1989-03-31,https://www.property-appraiser.org/data/ | https://services6.arcgis.com/9zKHLCgIwu2HFA5O/arcgis/rest/services/Parcels/FeatureServer/0 | https://www.property-appraiser.org/data/
112529182500010700,1569 JASON ST,KISSIMMEE,34744,28.32427400151757,-81.378648643974,1989,built_year,37,0,,SOPEL SUSAN C RLE,FL,2025-06-12,https://www.property-appraiser.org/data/ | https://services6.arcgis.com/9zKHLCgIwu2HFA5O/arcgis/rest/services/Parcels/FeatureServer/0 | https://www.property-appraiser.org/data/
112529182500011110,1554 AMHERST LN,KISSIMMEE,34744,28.32477253973091,-81.37965146816008,1989,built_year,37,0,,MCCAMMON KENNETH J RLE,FL,2023-07-13,https://www.property-appraiser.org/data/ | https://services6.arcgis.com/9zKHLCgIwu2HFA5O/arcgis/rest/services/Parcels/FeatureServer/0 | https://www.property-appraiser.org/data/
112529182500011120,1550 AMHERST LN,KISSIMMEE,34744,28.3247403281591,-81.37987227236947,1989,built_year,37,0,,GOODMAN-WAGNER ALICE,FL,2004-05-09,https://www.property-appraiser.org/data/ | https://services6.arcgis.com/9zKHLCgIwu2HFA5O/arcgis/rest/services/Parcels/FeatureServer/0 | https://www.property-appraiser.org/data/
112529182500011290,1557 AMHERST LN,KISSIMMEE,34744,28.325284223927756,-81.37938838601619,1989,built_year,37,0,,DENARD GWENOLE,CA,2020-08-25,https://www.property-appraiser.org/data/ | https://services6.arcgis.com/9zKHLCgIwu2HFA5O/arcgis/rest/services/Parcels/FeatureServer/0 | https://www.property-appraiser.org/data/
112529395000020120,2754 BURROWS AVE,KISSIMMEE,34744,28.32807695967104,-81.39071273637617,1989,built_year,37,0,,RUIZ CABAN CLAUDIO,FL,2012-10-23,https://www.property-appraiser.org/data/ | https://services6.arcgis.com/9zKHLCgIwu2HFA5O/arcgis/rest/services/Parcels/FeatureServer/0 | https://www.property-appraiser.org/data/
122630002500010150,413 JAMES PL,SAINT CLOUD,34769,28.239833349979854,-81.27388019543069,1989,built_year,37,0,,ALTO ASSET COMPANY 1 LLC,TX,2019-11-25,https://www.property-appraiser.org/data/ | https://services6.arcgis.com/9zKHLCgIwu2HFA5O/arcgis/rest/services/Parcels/FeatureServer/0 | https://www.property-appraiser.org/data/
122630022100010230,1742 CITRUS VIEW CT,SAINT CLOUD,34769,28.241002466930617,-81.26509062971665,1989,built_year,37,0,,SRAM PACK I-A LLC,TX,2022-03-09,https://www.property-appraiser.org/data/ | https://services6.arcgis.com/9zKHLCgIwu2HFA5O/arcgis/rest/services/Parcels/FeatureServer/0 | https://www.property-appraiser.org/data/
122630022100010340,1701 CITRUS VIEW CT,SAINT CLOUD,34769,28.24219574893764,-81.26478430034085,1989,built_year,37,0,,FONT RODRIGUEZ ERNESTO,FL,2020-12-09,https://www.property-appraiser.org/data/ | https://services6.arcgis.com/9zKHLCgIwu2HFA5O/arcgis/rest/services/Parcels/FeatureServer/0 | https://www.property-appraiser.org/data/
1326300660000200Q0,542 DAVID DR,SAINT CLOUD,34769,28.228115712111705,-81.27522430960681,1989,built_year,37,0,,,,2001-05-02,https://www.property-appraiser.org/data/ | https://services6.arcgis.com/9zKHLCgIwu2HFA5O/arcgis/rest/services/Parcels/FeatureServer/0 | https://www.property-appraiser.org/data/
1425292179000A0340,1667 SUNBURST WAY,KISSIMMEE,34744,28.309137207872467,-81.37667465786951,1989,built_year,37,0,,COLLAZO GARCIA ANGEL MANUEL,FL,2022-07-21,https://www.property-appraiser.org/data/ | https://services6.arcgis.com/9zKHLCgIwu2HFA5O/arcgis/rest/services/Parcels/FeatureServer/0 | https://www.property-appraiser.org/data/
1425292179000A0420,1606 SUNBURST WAY,KISSIMMEE,34744,28.308986716248956,-81.37827233510109,1989,built_year,37,0,,GARCIA ANGELA R,FL,2005-12-23,https://www.property-appraiser.org/data/ | https://services6.arcgis.com/9zKHLCgIwu2HFA5O/arcgis/rest/services/Parcels/FeatureServer/0 | https://www.property-appraiser.org/data/
162630547300010230,2950 OLD CANOE CREEK RD,SAINT CLOUD,34772,28.214289370167517,-81.30871492021767,1989,built_year,37,0,,CORDERO YOCALI,FL,2018-03-07,https://www.property-appraiser.org/data/ | https://services6.arcgis.com/9zKHLCgIwu2HFA5O/arcgis/rest/services/Parcels/FeatureServer/0 | https://www.property-appraiser.org/data/
1725291182000E0120,2326 ST MARTEEN CT,KISSIMMEE,34741,28.310752585460044,-81.42634725769678,1989,built_year,37,0,,BENTIVOGLIO MAICA Y,FL,2025-08-11,https://www.property-appraiser.org/data/ | https://services6.arcgis.com/9zKHLCgIwu2HFA5O/arcgis/rest/services/Parcels/FeatureServer/0 | https://www.property-appraiser.org/data/
172529199300010150,2325 CARRIAGE RUN RD,KISSIMMEE,34741,28.31348375265732,-81.43683944832645,1989,built_year,37,0,,KIRMANI ATHAR,FL,2005-02-28,https://www.property-appraiser.org/data/ | https://services6.arcgis.com/9zKHLCgIwu2HFA5O/arcgis/rest/services/Parcels/FeatureServer/0 | https://www.property-appraiser.org/data/
17252921340001002B,2746 RIO GRANDE TRL,KISSIMMEE,34741,28.31518836488843,-81.43176180130314,1989,built_year,37,0,,RIVERA ARACELI,FL,2011-09-09,https://www.property-appraiser.org/data/ | https://services6.arcgis.com/9zKHLCgIwu2HFA5O/arcgis/rest/services/Parcels/FeatureServer/0 | https://www.property-appraiser.org/data/
172531426000010325,1750 TYSON RD,SAINT CLOUD,34771,28.307804797216296,-81.2282715221724,1989,built_year,37,0,,BEEKMAN MARY ELLEN,FL,2013-01-19,https://www.property-appraiser.org/data/ | https://services6.arcgis.com/9zKHLCgIwu2HFA5O/arcgis/rest/services/Parcels/FeatureServer/0
182530260400010070,2479 WINNERS CIR,KISSIMMEE,34744,28.30838627522546,-81.34490057921336,1989,built_year,37,0,,SPINA LYDIA E,FL,2020-07-20,https://www.property-appraiser.org/data/ | https://services6.arcgis.com/9zKHLCgIwu2HFA5O/arcgis/rest/services/Parcels/FeatureServer/0 | https://www.property-appraiser.org/data/
182530403100010090,1990 POBLADO CT,KISSIMMEE,34744,28.306409712696567,-81.34827601090551,1989,built_year,37,0,,MEDINA MARIA L,FL,2004-12-14,https://www.property-appraiser.org/data/ | https://services6.arcgis.com/9zKHLCgIwu2HFA5O/arcgis/rest/services/Parcels/FeatureServer/0 | https://www.property-appraiser.org/data/
212529156000010340,707 HENRIETTA ST,KISSIMMEE,34741,28.298149320307854,-81.41530676211323,1989,built_year,37,0,,LEE LIEN-JIUN,CA,2017-02-21,https://www.property-appraiser.org/data/ | https://services6.arcgis.com/9zKHLCgIwu2HFA5O/arcgis/rest/services/Parcels/FeatureServer/0 | https://www.property-appraiser.org/data/
222527354300012740,7731 INDIAN RIDGE TRL S,KISSIMMEE,34747,28.298649304279405,-81.59875288141981,1989,built_year,37,0,,ALDRIDGE FAMILY TRUST,FL,2017-02-13,https://www.property-appraiser.org/data/ | https://services6.arcgis.com/9zKHLCgIwu2HFA5O/arcgis/rest/services/Parcels/FeatureServer/0 | https://www.property-appraiser.org/data/
222527354400013640,7701 INDIAN RIDGE TRL N,KISSIMMEE,34747,28.303022277513936,-81.59498660121312,1989,built_year,37,0,,LOPEZ COLON ROBERTO,FL,2023-01-30,https://www.property-appraiser.org/data/ | https://services6.arcgis.com/9zKHLCgIwu2HFA5O/arcgis/rest/services/Parcels/FeatureServer/0 | https://www.property-appraiser.org/data/
232630041700010100,1409 WOOD LAKE CIR,SAINT CLOUD,34772,28.216040335720468,-81.28752828548292,1989,built_year,37,0,,FRANKLIN SHAUN,FL,2022-11-30,https://www.property-appraiser.org/data/ | https://services6.arcgis.com/9zKHLCgIwu2HFA5O/arcgis/rest/services/Parcels/FeatureServer/0 | https://www.property-appraiser.org/data/
252628610005290030,806 WAKEFIELD WAY,KISSIMMEE,34758,28.173479615976998,-81.49244915579538,1989,built_year,37,0,,MILES SUZETTE ANNETTE,FL,2011-06-15,https://www.property-appraiser.org/data/ | https://services6.arcgis.com/9zKHLCgIwu2HFA5O/arcgis/rest/services/Parcels/FeatureServer/0
252628610005390090,807 HAZEL GROVE CT,KISSIMMEE,34758,28.17363344454669,-81.49443560160348,1989,built_year,37,0,,PAGAYA SMARTRESI F1 FUND PROPERTY OWNER II LLC,AZ,2023-03-10,https://www.property-appraiser.org/data/ | https://services6.arcgis.com/9zKHLCgIwu2HFA5O/arcgis/rest/services/Parcels/FeatureServer/0 | https://www.property-appraiser.org/data/
252628610005390200,131 NICHOLAS CT,KISSIMMEE,34758,28.173422733412284,-81.49518894229107,1989,built_year,37,0,,DIAZ MARCOS,FL,2004-11-11,https://www.property-appraiser.org/data/ | https://services6.arcgis.com/9zKHLCgIwu2HFA5O/arcgis/rest/services/Parcels/FeatureServer/0 | https://www.property-appraiser.org/data/
252628610005860150,241 CHURCHILL CT,KISSIMMEE,34758,28.183230950210227,-81.49668531781246,1989,built_year,37,0,,AVILA ENMA,FL,2025-06-10,https://www.property-appraiser.org/data/ | https://services6.arcgis.com/9zKHLCgIwu2HFA5O/arcgis/rest/services/Parcels/FeatureServer/0 | https://www.property-appraiser.org/data/
252628610005880090,239 CANTERBURY CT,KISSIMMEE,34758,28.182515848000197,-81.49732343989513,1989,built_year,37,0,,MIELES ERIC,FL,2019-12-05,https://www.property-appraiser.org/data/ | https://services6.arcgis.com/9zKHLCgIwu2HFA5O/arcgis/rest/services/Parcels/FeatureServer/0 | https://www.property-appraiser.org/data/
252628611213300010,604 BASINGSTOKE CT,KISSIMMEE,34758,28.161695234807404,-81.50091460862895,1989,built_year,37,0,,LAMCO ASSET COMPANY 2 LLC,TX,2025-04-23,https://www.property-appraiser.org/data/ | https://services6.arcgis.com/9zKHLCgIwu2HFA5O/arcgis/rest/services/Parcels/FeatureServer/0 | https://www.property-appraiser.org/data/
252628611413510120,654 DEAUVILLE CT,KISSIMMEE,34758,28.166875449446408,-81.47026634694808,1989,built_year,37,0,,MUZAC MARIE ROSE,FL,2017-06-29,https://www.property-appraiser.org/data/ | https://services6.arcgis.com/9zKHLCgIwu2HFA5O/arcgis/rest/services/Parcels/FeatureServer/0 | https://www.property-appraiser.org/data/
252628611413730190,644 FLORIDIAN DR,KISSIMMEE,34758,28.1639183858048,-81.45844556063652,1989,built_year,37,0,,RAMOS ELIZABETH,FL,2017-12-15,https://www.property-appraiser.org/data/ | https://services6.arcgis.com/9zKHLCgIwu2HFA5O/arcgis/rest/services/Parcels/FeatureServer/0 | https://www.property-appraiser.org/data/
252628611614550050,264 MAGELLAN DR,KISSIMMEE,34758,28.17392065859758,-81.47663646561459,1989,built_year,37,0,,PROGRESS RESIDENTIAL BORROWER 25 LLC,AZ,2024-04-11,https://www.property-appraiser.org/data/ | https://services6.arcgis.com/9zKHLCgIwu2HFA5O/arcgis/rest/services/Parcels/FeatureServer/0 | https://www.property-appraiser.org/data/
252628611814830160,813 SAN JOSE CT,KISSIMMEE,34758,28.169794399038164,-81.48710263246464,1989,built_year,37,0,,RODRIGUEZ JEANETTE MONGE,FL,2015-02-18,https://www.property-appraiser.org/data/ | https://services6.arcgis.com/9zKHLCgIwu2HFA5O/arcgis/rest/services/Parcels/FeatureServer/0 | https://www.property-appraiser.org/data/
262529000000250000,636 WILL BARBER RD,KISSIMMEE,34744,28.285553892536516,-81.37532951742668,1989,built_year,37,0,,POLITANO VICTOR ANTHONY JR,FL,1988-09-01,https://www.property-appraiser.org/data/ | https://services6.arcgis.com/9zKHLCgIwu2HFA5O/arcgis/rest/services/Parcels/FeatureServer/0 | https://www.property-appraiser.org/data/
012628420100160094,1969 HAM BROWN RD,KISSIMMEE,34746,28.24648339521364,-81.46171310607856,1990,built_year,36,0,,PADILLA VELEZ CELESTINO,FL,2022-05-06,https://www.property-appraiser.org/data/ | https://services6.arcgis.com/9zKHLCgIwu2HFA5O/arcgis/rest/services/Parcels/FeatureServer/0
012630000100370070,612 VERMONT AVE,SAINT CLOUD,34769,28.2520107840508,-81.29282025459116,1990,built_year,36,0,,SCHUMAN LLC,NY,2022-01-08,https://www.property-appraiser.org/data/ | https://services6.arcgis.com/9zKHLCgIwu2HFA5O/arcgis/rest/services/Parcels/FeatureServer/0 | https://www.property-appraiser.org/data/
012630000103480055,6 17TH ST,SAINT CLOUD,34769,28.242607467119523,-81.26915308890092,1990,built_year,36,0,,PAGAN PRINS PAOLA NICOLE,FL,2025-08-09,https://www.property-appraiser.org/data/ | https://services6.arcgis.com/9zKHLCgIwu2HFA5O/arcgis/rest/services/Parcels/FeatureServer/0 | https://www.property-appraiser.org/data/
012630017700010090,916 WHISLER CT,SAINT CLOUD,34769,28.25168355518192,-81.26102470674248,1990,built_year,36,0,,ROBERTSON LAUREL,FL,2011-05-31,https://www.property-appraiser.org/data/ | https://services6.arcgis.com/9zKHLCgIwu2HFA5O/arcgis/rest/services/Parcels/FeatureServer/0 | https://www.property-appraiser.org/data/
022629262800010460,1809 LISA LN,KISSIMMEE,34744,28.260318863803793,-81.3758666572751,1990,built_year,36,0,,BARTOLI LINDA,FL,2019-02-11,https://www.property-appraiser.org/data/ | https://services6.arcgis.com/9zKHLCgIwu2HFA5O/arcgis/rest/services/Parcels/FeatureServer/0 | https://www.property-appraiser.org/data/
